solid ASCII
  facet normal 7.133918e-02 3.427761e-04 9.974521e-01
    outer loop
      vertex   -8.014673e+02 3.214996e+02 -4.799802e+01
      vertex   -8.014109e+02 3.345830e+02 -4.800655e+01
      vertex   -8.020366e+02 3.214996e+02 -4.795730e+01
    endloop
  endfacet
  facet normal 7.845910e-02 2.622060e-07 9.969173e-01
    outer loop
      vertex   -8.020366e+02 3.214996e+02 -4.795730e+01
      vertex   -8.014109e+02 3.345830e+02 -4.800655e+01
      vertex   -8.014109e+02 3.476663e+02 -4.800655e+01
    endloop
  endfacet
  facet normal 7.845910e-02 2.622060e-07 9.969173e-01
    outer loop
      vertex   -8.020366e+02 3.214996e+02 -4.795730e+01
      vertex   -8.014109e+02 3.476663e+02 -4.800655e+01
      vertex   -8.014110e+02 3.607496e+02 -4.800655e+01
    endloop
  endfacet
  facet normal 2.334454e-01 7.801617e-07 9.723699e-01
    outer loop
      vertex   -8.014110e+02 3.607496e+02 -4.800655e+01
      vertex   -8.014109e+02 3.476663e+02 -4.800655e+01
      vertex   -8.008007e+02 3.607496e+02 -4.815308e+01
    endloop
  endfacet
  facet normal 2.334454e-01 7.801617e-07 9.723699e-01
    outer loop
      vertex   -8.014110e+02 3.607496e+02 -4.800655e+01
      vertex   -8.008007e+02 3.607496e+02 -4.815308e+01
      vertex   -8.008007e+02 3.738330e+02 -4.815308e+01
    endloop
  endfacet
  facet normal 3.826834e-01 1.278907e-06 9.238795e-01
    outer loop
      vertex   -8.008007e+02 3.738330e+02 -4.815308e+01
      vertex   -8.008007e+02 3.607496e+02 -4.815308e+01
      vertex   -8.002208e+02 3.738330e+02 -4.839328e+01
    endloop
  endfacet
  facet normal 3.826834e-01 1.278907e-06 9.238795e-01
    outer loop
      vertex   -8.008007e+02 3.738330e+02 -4.815308e+01
      vertex   -8.002208e+02 3.738330e+02 -4.839328e+01
      vertex   -8.002209e+02 3.869163e+02 -4.839328e+01
    endloop
  endfacet
  facet normal 5.224986e-01 1.746162e-06 8.526402e-01
    outer loop
      vertex   -8.002209e+02 3.869163e+02 -4.839328e+01
      vertex   -8.002208e+02 3.738330e+02 -4.839328e+01
      vertex   -7.996857e+02 3.869163e+02 -4.872124e+01
    endloop
  endfacet
  facet normal 5.224986e-01 1.746162e-06 8.526402e-01
    outer loop
      vertex   -8.002209e+02 3.869163e+02 -4.839328e+01
      vertex   -7.996857e+02 3.869163e+02 -4.872124e+01
      vertex   -7.996857e+02 3.999996e+02 -4.872124e+01
    endloop
  endfacet
  facet normal 6.494480e-01 2.170420e-06 7.604060e-01
    outer loop
      vertex   -7.996857e+02 3.999996e+02 -4.872124e+01
      vertex   -7.996857e+02 3.869163e+02 -4.872124e+01
      vertex   -7.992084e+02 3.999996e+02 -4.912888e+01
    endloop
  endfacet
  facet normal 6.494480e-01 2.170420e-06 7.604060e-01
    outer loop
      vertex   -7.996857e+02 3.999996e+02 -4.872124e+01
      vertex   -7.992084e+02 3.999996e+02 -4.912888e+01
      vertex   -7.992085e+02 4.130830e+02 -4.912888e+01
    endloop
  endfacet
  facet normal 7.604060e-01 2.541235e-06 6.494480e-01
    outer loop
      vertex   -7.992085e+02 4.130830e+02 -4.912888e+01
      vertex   -7.992084e+02 3.999996e+02 -4.912888e+01
      vertex   -7.988008e+02 4.130830e+02 -4.960616e+01
    endloop
  endfacet
  facet normal 7.604060e-01 2.541235e-06 6.494480e-01
    outer loop
      vertex   -7.992085e+02 4.130830e+02 -4.912888e+01
      vertex   -7.988008e+02 4.130830e+02 -4.960616e+01
      vertex   -7.988009e+02 4.261663e+02 -4.960616e+01
    endloop
  endfacet
  facet normal 8.526402e-01 2.849477e-06 5.224986e-01
    outer loop
      vertex   -7.988009e+02 4.261663e+02 -4.960616e+01
      vertex   -7.988008e+02 4.130830e+02 -4.960616e+01
      vertex   -7.984729e+02 4.261663e+02 -5.014134e+01
    endloop
  endfacet
  facet normal 8.526402e-01 2.849477e-06 5.224986e-01
    outer loop
      vertex   -7.988009e+02 4.261663e+02 -4.960616e+01
      vertex   -7.984729e+02 4.261663e+02 -5.014134e+01
      vertex   -7.984730e+02 4.392496e+02 -5.014134e+01
    endloop
  endfacet
  facet normal 9.238795e-01 3.087555e-06 3.826834e-01
    outer loop
      vertex   -7.984730e+02 4.392496e+02 -5.014134e+01
      vertex   -7.984729e+02 4.261663e+02 -5.014134e+01
      vertex   -7.982328e+02 4.392496e+02 -5.072124e+01
    endloop
  endfacet
  facet normal 9.238795e-01 3.087555e-06 3.826834e-01
    outer loop
      vertex   -7.984730e+02 4.392496e+02 -5.014134e+01
      vertex   -7.982328e+02 4.392496e+02 -5.072124e+01
      vertex   -7.982328e+02 4.523330e+02 -5.072124e+01
    endloop
  endfacet
  facet normal 9.723699e-01 3.249607e-06 2.334454e-01
    outer loop
      vertex   -7.982328e+02 4.523330e+02 -5.072124e+01
      vertex   -7.982328e+02 4.392496e+02 -5.072124e+01
      vertex   -7.980863e+02 4.523330e+02 -5.133157e+01
    endloop
  endfacet
  facet normal 9.723699e-01 3.249607e-06 2.334454e-01
    outer loop
      vertex   -7.982328e+02 4.523330e+02 -5.072124e+01
      vertex   -7.980863e+02 4.523330e+02 -5.133157e+01
      vertex   -7.980863e+02 4.654163e+02 -5.133157e+01
    endloop
  endfacet
  facet normal 9.969173e-01 3.331643e-06 7.845910e-02
    outer loop
      vertex   -7.980863e+02 4.654163e+02 -5.133157e+01
      vertex   -7.980863e+02 4.523330e+02 -5.133157e+01
      vertex   -7.980371e+02 4.784996e+02 -5.195730e+01
    endloop
  endfacet
  facet normal 9.974521e-01 -3.392043e-04 7.133918e-02
    outer loop
      vertex   -7.980863e+02 4.654163e+02 -5.133157e+01
      vertex   -7.980371e+02 4.784996e+02 -5.195730e+01
      vertex   -7.980778e+02 4.784996e+02 -5.138804e+01
    endloop
  endfacet
  facet normal 2.125653e-01 -2.796430e-04 9.771468e-01
    outer loop
      vertex   -8.014673e+02 3.214996e+02 -4.799802e+01
      vertex   -8.009097e+02 3.214996e+02 -4.811933e+01
      vertex   -8.014109e+02 3.345830e+02 -4.800655e+01
    endloop
  endfacet
  facet normal 2.334453e-01 5.614726e-04 9.723698e-01
    outer loop
      vertex   -8.014109e+02 3.345830e+02 -4.800655e+01
      vertex   -8.009097e+02 3.214996e+02 -4.811933e+01
      vertex   -8.008006e+02 3.345830e+02 -4.815308e+01
    endloop
  endfacet
  facet normal 2.334454e-01 7.801617e-07 9.723699e-01
    outer loop
      vertex   -8.014109e+02 3.345830e+02 -4.800655e+01
      vertex   -8.008006e+02 3.345830e+02 -4.815308e+01
      vertex   -8.008006e+02 3.476663e+02 -4.815308e+01
    endloop
  endfacet
  facet normal 3.826834e-01 1.278907e-06 9.238795e-01
    outer loop
      vertex   -8.008006e+02 3.476663e+02 -4.815308e+01
      vertex   -8.008006e+02 3.345830e+02 -4.815308e+01
      vertex   -8.002207e+02 3.476663e+02 -4.839328e+01
    endloop
  endfacet
  facet normal 3.826834e-01 1.278907e-06 9.238795e-01
    outer loop
      vertex   -8.008006e+02 3.476663e+02 -4.815308e+01
      vertex   -8.002207e+02 3.476663e+02 -4.839328e+01
      vertex   -8.002208e+02 3.607496e+02 -4.839328e+01
    endloop
  endfacet
  facet normal 5.224986e-01 1.746162e-06 8.526402e-01
    outer loop
      vertex   -8.002208e+02 3.607496e+02 -4.839328e+01
      vertex   -8.002207e+02 3.476663e+02 -4.839328e+01
      vertex   -7.996856e+02 3.607496e+02 -4.872124e+01
    endloop
  endfacet
  facet normal 5.224986e-01 1.746162e-06 8.526402e-01
    outer loop
      vertex   -8.002208e+02 3.607496e+02 -4.839328e+01
      vertex   -7.996856e+02 3.607496e+02 -4.872124e+01
      vertex   -7.996856e+02 3.738330e+02 -4.872124e+01
    endloop
  endfacet
  facet normal 6.494480e-01 2.170420e-06 7.604060e-01
    outer loop
      vertex   -7.996856e+02 3.738330e+02 -4.872124e+01
      vertex   -7.996856e+02 3.607496e+02 -4.872124e+01
      vertex   -7.992083e+02 3.738330e+02 -4.912888e+01
    endloop
  endfacet
  facet normal 6.494480e-01 2.170420e-06 7.604060e-01
    outer loop
      vertex   -7.996856e+02 3.738330e+02 -4.872124e+01
      vertex   -7.992083e+02 3.738330e+02 -4.912888e+01
      vertex   -7.992084e+02 3.869163e+02 -4.912888e+01
    endloop
  endfacet
  facet normal 7.604060e-01 2.541235e-06 6.494480e-01
    outer loop
      vertex   -7.992084e+02 3.869163e+02 -4.912888e+01
      vertex   -7.992083e+02 3.738330e+02 -4.912888e+01
      vertex   -7.988007e+02 3.869163e+02 -4.960616e+01
    endloop
  endfacet
  facet normal 7.604060e-01 2.541235e-06 6.494480e-01
    outer loop
      vertex   -7.992084e+02 3.869163e+02 -4.912888e+01
      vertex   -7.988007e+02 3.869163e+02 -4.960616e+01
      vertex   -7.988008e+02 3.999996e+02 -4.960616e+01
    endloop
  endfacet
  facet normal 8.526402e-01 2.849477e-06 5.224986e-01
    outer loop
      vertex   -7.988008e+02 3.999996e+02 -4.960616e+01
      vertex   -7.988007e+02 3.869163e+02 -4.960616e+01
      vertex   -7.984728e+02 3.999996e+02 -5.014134e+01
    endloop
  endfacet
  facet normal 8.526402e-01 2.849477e-06 5.224986e-01
    outer loop
      vertex   -7.988008e+02 3.999996e+02 -4.960616e+01
      vertex   -7.984728e+02 3.999996e+02 -5.014134e+01
      vertex   -7.984729e+02 4.130830e+02 -5.014134e+01
    endloop
  endfacet
  facet normal 9.238795e-01 3.087555e-06 3.826834e-01
    outer loop
      vertex   -7.984729e+02 4.130830e+02 -5.014134e+01
      vertex   -7.984728e+02 3.999996e+02 -5.014134e+01
      vertex   -7.982327e+02 4.130830e+02 -5.072124e+01
    endloop
  endfacet
  facet normal 9.238795e-01 3.087555e-06 3.826834e-01
    outer loop
      vertex   -7.984729e+02 4.130830e+02 -5.014134e+01
      vertex   -7.982327e+02 4.130830e+02 -5.072124e+01
      vertex   -7.982327e+02 4.261663e+02 -5.072124e+01
    endloop
  endfacet
  facet normal 9.723699e-01 3.249607e-06 2.334454e-01
    outer loop
      vertex   -7.982327e+02 4.261663e+02 -5.072124e+01
      vertex   -7.982327e+02 4.130830e+02 -5.072124e+01
      vertex   -7.980862e+02 4.261663e+02 -5.133157e+01
    endloop
  endfacet
  facet normal 9.723699e-01 3.249607e-06 2.334454e-01
    outer loop
      vertex   -7.982327e+02 4.261663e+02 -5.072124e+01
      vertex   -7.980862e+02 4.261663e+02 -5.133157e+01
      vertex   -7.980862e+02 4.392496e+02 -5.133157e+01
    endloop
  endfacet
  facet normal 9.969173e-01 3.331643e-06 7.845910e-02
    outer loop
      vertex   -7.980862e+02 4.392496e+02 -5.133157e+01
      vertex   -7.980862e+02 4.261663e+02 -5.133157e+01
      vertex   -7.980371e+02 4.784996e+02 -5.195730e+01
    endloop
  endfacet
  facet normal 9.969173e-01 3.331643e-06 7.845910e-02
    outer loop
      vertex   -7.980862e+02 4.392496e+02 -5.133157e+01
      vertex   -7.980371e+02 4.784996e+02 -5.195730e+01
      vertex   -7.980863e+02 4.523330e+02 -5.133157e+01
    endloop
  endfacet
  facet normal 3.494641e-01 -4.972974e-04 9.369496e-01
    outer loop
      vertex   -8.009097e+02 3.214996e+02 -4.811933e+01
      vertex   -8.003749e+02 3.214996e+02 -4.831878e+01
      vertex   -8.008006e+02 3.345830e+02 -4.815308e+01
    endloop
  endfacet
  facet normal 3.826833e-01 7.489450e-04 9.238793e-01
    outer loop
      vertex   -8.008006e+02 3.345830e+02 -4.815308e+01
      vertex   -8.003749e+02 3.214996e+02 -4.831878e+01
      vertex   -8.002207e+02 3.345830e+02 -4.839328e+01
    endloop
  endfacet
  facet normal 3.826834e-01 1.278907e-06 9.238795e-01
    outer loop
      vertex   -8.008006e+02 3.345830e+02 -4.815308e+01
      vertex   -8.002207e+02 3.345830e+02 -4.839328e+01
      vertex   -8.002207e+02 3.476663e+02 -4.839328e+01
    endloop
  endfacet
  facet normal 5.224986e-01 1.746162e-06 8.526402e-01
    outer loop
      vertex   -8.002207e+02 3.476663e+02 -4.839328e+01
      vertex   -8.002207e+02 3.345830e+02 -4.839328e+01
      vertex   -7.996855e+02 3.476663e+02 -4.872124e+01
    endloop
  endfacet
  facet normal 5.224986e-01 1.746162e-06 8.526402e-01
    outer loop
      vertex   -8.002207e+02 3.476663e+02 -4.839328e+01
      vertex   -7.996855e+02 3.476663e+02 -4.872124e+01
      vertex   -7.996856e+02 3.607496e+02 -4.872124e+01
    endloop
  endfacet
  facet normal 6.494480e-01 2.170420e-06 7.604060e-01
    outer loop
      vertex   -7.996856e+02 3.607496e+02 -4.872124e+01
      vertex   -7.996855e+02 3.476663e+02 -4.872124e+01
      vertex   -7.992083e+02 3.607496e+02 -4.912888e+01
    endloop
  endfacet
  facet normal 6.494480e-01 2.170420e-06 7.604060e-01
    outer loop
      vertex   -7.996856e+02 3.607496e+02 -4.872124e+01
      vertex   -7.992083e+02 3.607496e+02 -4.912888e+01
      vertex   -7.992083e+02 3.738330e+02 -4.912888e+01
    endloop
  endfacet
  facet normal 7.604060e-01 2.541235e-06 6.494480e-01
    outer loop
      vertex   -7.992083e+02 3.738330e+02 -4.912888e+01
      vertex   -7.992083e+02 3.607496e+02 -4.912888e+01
      vertex   -7.988007e+02 3.738330e+02 -4.960616e+01
    endloop
  endfacet
  facet normal 7.604060e-01 2.541235e-06 6.494480e-01
    outer loop
      vertex   -7.992083e+02 3.738330e+02 -4.912888e+01
      vertex   -7.988007e+02 3.738330e+02 -4.960616e+01
      vertex   -7.988007e+02 3.869163e+02 -4.960616e+01
    endloop
  endfacet
  facet normal 8.526402e-01 2.849477e-06 5.224986e-01
    outer loop
      vertex   -7.988007e+02 3.869163e+02 -4.960616e+01
      vertex   -7.988007e+02 3.738330e+02 -4.960616e+01
      vertex   -7.984728e+02 3.869163e+02 -5.014134e+01
    endloop
  endfacet
  facet normal 8.526402e-01 2.849477e-06 5.224986e-01
    outer loop
      vertex   -7.988007e+02 3.869163e+02 -4.960616e+01
      vertex   -7.984728e+02 3.869163e+02 -5.014134e+01
      vertex   -7.984728e+02 3.999996e+02 -5.014134e+01
    endloop
  endfacet
  facet normal 9.238795e-01 3.087555e-06 3.826834e-01
    outer loop
      vertex   -7.984728e+02 3.999996e+02 -5.014134e+01
      vertex   -7.984728e+02 3.869163e+02 -5.014134e+01
      vertex   -7.982326e+02 3.999996e+02 -5.072124e+01
    endloop
  endfacet
  facet normal 9.238795e-01 3.087555e-06 3.826834e-01
    outer loop
      vertex   -7.984728e+02 3.999996e+02 -5.014134e+01
      vertex   -7.982326e+02 3.999996e+02 -5.072124e+01
      vertex   -7.982327e+02 4.130830e+02 -5.072124e+01
    endloop
  endfacet
  facet normal 9.723699e-01 3.249607e-06 2.334454e-01
    outer loop
      vertex   -7.982327e+02 4.130830e+02 -5.072124e+01
      vertex   -7.982326e+02 3.999996e+02 -5.072124e+01
      vertex   -7.980862e+02 4.130830e+02 -5.133157e+01
    endloop
  endfacet
  facet normal 9.723699e-01 3.249607e-06 2.334454e-01
    outer loop
      vertex   -7.982327e+02 4.130830e+02 -5.072124e+01
      vertex   -7.980862e+02 4.130830e+02 -5.133157e+01
      vertex   -7.980862e+02 4.261663e+02 -5.133157e+01
    endloop
  endfacet
  facet normal 9.969173e-01 3.331643e-06 7.845910e-02
    outer loop
      vertex   -7.980862e+02 4.261663e+02 -5.133157e+01
      vertex   -7.980862e+02 4.130830e+02 -5.133157e+01
      vertex   -7.980371e+02 4.784996e+02 -5.195730e+01
    endloop
  endfacet
  facet normal 4.792489e-01 -6.526897e-04 8.776788e-01
    outer loop
      vertex   -8.003749e+02 3.214996e+02 -4.831878e+01
      vertex   -7.998740e+02 3.214996e+02 -4.859229e+01
      vertex   -8.002207e+02 3.345830e+02 -4.839328e+01
    endloop
  endfacet
  facet normal 5.224984e-01 8.740825e-04 8.526398e-01
    outer loop
      vertex   -8.002207e+02 3.345830e+02 -4.839328e+01
      vertex   -7.998740e+02 3.214996e+02 -4.859229e+01
      vertex   -7.996855e+02 3.345830e+02 -4.872124e+01
    endloop
  endfacet
  facet normal 5.224986e-01 1.746162e-06 8.526402e-01
    outer loop
      vertex   -8.002207e+02 3.345830e+02 -4.839328e+01
      vertex   -7.996855e+02 3.345830e+02 -4.872124e+01
      vertex   -7.996855e+02 3.476663e+02 -4.872124e+01
    endloop
  endfacet
  facet normal 6.494480e-01 2.170420e-06 7.604060e-01
    outer loop
      vertex   -7.996855e+02 3.476663e+02 -4.872124e+01
      vertex   -7.996855e+02 3.345830e+02 -4.872124e+01
      vertex   -7.992083e+02 3.476663e+02 -4.912888e+01
    endloop
  endfacet
  facet normal 6.494480e-01 2.170420e-06 7.604060e-01
    outer loop
      vertex   -7.996855e+02 3.476663e+02 -4.872124e+01
      vertex   -7.992083e+02 3.476663e+02 -4.912888e+01
      vertex   -7.992083e+02 3.607496e+02 -4.912888e+01
    endloop
  endfacet
  facet normal 7.604060e-01 2.541235e-06 6.494480e-01
    outer loop
      vertex   -7.992083e+02 3.607496e+02 -4.912888e+01
      vertex   -7.992083e+02 3.476663e+02 -4.912888e+01
      vertex   -7.988007e+02 3.607496e+02 -4.960616e+01
    endloop
  endfacet
  facet normal 7.604060e-01 2.541235e-06 6.494480e-01
    outer loop
      vertex   -7.992083e+02 3.607496e+02 -4.912888e+01
      vertex   -7.988007e+02 3.607496e+02 -4.960616e+01
      vertex   -7.988007e+02 3.738330e+02 -4.960616e+01
    endloop
  endfacet
  facet normal 8.526402e-01 2.849477e-06 5.224986e-01
    outer loop
      vertex   -7.988007e+02 3.738330e+02 -4.960616e+01
      vertex   -7.988007e+02 3.607496e+02 -4.960616e+01
      vertex   -7.984727e+02 3.738330e+02 -5.014134e+01
    endloop
  endfacet
  facet normal 8.526402e-01 2.849477e-06 5.224986e-01
    outer loop
      vertex   -7.988007e+02 3.738330e+02 -4.960616e+01
      vertex   -7.984727e+02 3.738330e+02 -5.014134e+01
      vertex   -7.984728e+02 3.869163e+02 -5.014134e+01
    endloop
  endfacet
  facet normal 9.238795e-01 3.087555e-06 3.826834e-01
    outer loop
      vertex   -7.984728e+02 3.869163e+02 -5.014134e+01
      vertex   -7.984727e+02 3.738330e+02 -5.014134e+01
      vertex   -7.982326e+02 3.869163e+02 -5.072124e+01
    endloop
  endfacet
  facet normal 9.238795e-01 3.087555e-06 3.826834e-01
    outer loop
      vertex   -7.984728e+02 3.869163e+02 -5.014134e+01
      vertex   -7.982326e+02 3.869163e+02 -5.072124e+01
      vertex   -7.982326e+02 3.999996e+02 -5.072124e+01
    endloop
  endfacet
  facet normal 9.723699e-01 3.249607e-06 2.334454e-01
    outer loop
      vertex   -7.982326e+02 3.999996e+02 -5.072124e+01
      vertex   -7.982326e+02 3.869163e+02 -5.072124e+01
      vertex   -7.980861e+02 3.999996e+02 -5.133157e+01
    endloop
  endfacet
  facet normal 9.723699e-01 3.249607e-06 2.334454e-01
    outer loop
      vertex   -7.982326e+02 3.999996e+02 -5.072124e+01
      vertex   -7.980861e+02 3.999996e+02 -5.133157e+01
      vertex   -7.980862e+02 4.130830e+02 -5.133157e+01
    endloop
  endfacet
  facet normal 9.969173e-01 3.331643e-06 7.845910e-02
    outer loop
      vertex   -7.980862e+02 4.130830e+02 -5.133157e+01
      vertex   -7.980861e+02 3.999996e+02 -5.133157e+01
      vertex   -7.980371e+02 4.784996e+02 -5.195730e+01
    endloop
  endfacet
  facet normal 5.992775e-01 -7.457968e-04 8.005410e-01
    outer loop
      vertex   -7.998740e+02 3.214996e+02 -4.859229e+01
      vertex   -7.994172e+02 3.214996e+02 -4.893431e+01
      vertex   -7.996855e+02 3.345830e+02 -4.872124e+01
    endloop
  endfacet
  facet normal 6.494478e-01 9.368482e-04 7.604056e-01
    outer loop
      vertex   -7.996855e+02 3.345830e+02 -4.872124e+01
      vertex   -7.994172e+02 3.214996e+02 -4.893431e+01
      vertex   -7.992082e+02 3.345830e+02 -4.912888e+01
    endloop
  endfacet
  facet normal 6.494480e-01 2.170420e-06 7.604060e-01
    outer loop
      vertex   -7.996855e+02 3.345830e+02 -4.872124e+01
      vertex   -7.992082e+02 3.345830e+02 -4.912888e+01
      vertex   -7.992083e+02 3.476663e+02 -4.912888e+01
    endloop
  endfacet
  facet normal 7.604060e-01 2.541235e-06 6.494480e-01
    outer loop
      vertex   -7.992083e+02 3.476663e+02 -4.912888e+01
      vertex   -7.992082e+02 3.345830e+02 -4.912888e+01
      vertex   -7.988006e+02 3.476663e+02 -4.960616e+01
    endloop
  endfacet
  facet normal 7.604060e-01 2.541235e-06 6.494480e-01
    outer loop
      vertex   -7.992083e+02 3.476663e+02 -4.912888e+01
      vertex   -7.988006e+02 3.476663e+02 -4.960616e+01
      vertex   -7.988007e+02 3.607496e+02 -4.960616e+01
    endloop
  endfacet
  facet normal 8.526402e-01 2.849477e-06 5.224986e-01
    outer loop
      vertex   -7.988007e+02 3.607496e+02 -4.960616e+01
      vertex   -7.988006e+02 3.476663e+02 -4.960616e+01
      vertex   -7.984727e+02 3.607496e+02 -5.014134e+01
    endloop
  endfacet
  facet normal 8.526402e-01 2.849477e-06 5.224986e-01
    outer loop
      vertex   -7.988007e+02 3.607496e+02 -4.960616e+01
      vertex   -7.984727e+02 3.607496e+02 -5.014134e+01
      vertex   -7.984727e+02 3.738330e+02 -5.014134e+01
    endloop
  endfacet
  facet normal 9.238795e-01 3.087555e-06 3.826834e-01
    outer loop
      vertex   -7.984727e+02 3.738330e+02 -5.014134e+01
      vertex   -7.984727e+02 3.607496e+02 -5.014134e+01
      vertex   -7.982325e+02 3.738330e+02 -5.072124e+01
    endloop
  endfacet
  facet normal 9.238795e-01 3.087555e-06 3.826834e-01
    outer loop
      vertex   -7.984727e+02 3.738330e+02 -5.014134e+01
      vertex   -7.982325e+02 3.738330e+02 -5.072124e+01
      vertex   -7.982326e+02 3.869163e+02 -5.072124e+01
    endloop
  endfacet
  facet normal 9.723699e-01 3.249607e-06 2.334454e-01
    outer loop
      vertex   -7.982326e+02 3.869163e+02 -5.072124e+01
      vertex   -7.982325e+02 3.738330e+02 -5.072124e+01
      vertex   -7.980861e+02 3.869163e+02 -5.133157e+01
    endloop
  endfacet
  facet normal 9.723699e-01 3.249607e-06 2.334454e-01
    outer loop
      vertex   -7.982326e+02 3.869163e+02 -5.072124e+01
      vertex   -7.980861e+02 3.869163e+02 -5.133157e+01
      vertex   -7.980861e+02 3.999996e+02 -5.133157e+01
    endloop
  endfacet
  facet normal 9.969173e-01 3.331643e-06 7.845910e-02
    outer loop
      vertex   -7.980861e+02 3.999996e+02 -5.133157e+01
      vertex   -7.980861e+02 3.869163e+02 -5.133157e+01
      vertex   -7.980371e+02 4.784996e+02 -5.195730e+01
    endloop
  endfacet
  facet normal 7.071066e-01 -7.766080e-04 7.071066e-01
    outer loop
      vertex   -7.994172e+02 3.214996e+02 -4.893431e+01
      vertex   -7.990136e+02 3.214996e+02 -4.933786e+01
      vertex   -7.992082e+02 3.345830e+02 -4.912888e+01
    endloop
  endfacet
  facet normal 7.604056e-01 9.372191e-04 6.494478e-01
    outer loop
      vertex   -7.992082e+02 3.345830e+02 -4.912888e+01
      vertex   -7.990136e+02 3.214996e+02 -4.933786e+01
      vertex   -7.988006e+02 3.345830e+02 -4.960616e+01
    endloop
  endfacet
  facet normal 7.604060e-01 2.541235e-06 6.494480e-01
    outer loop
      vertex   -7.992082e+02 3.345830e+02 -4.912888e+01
      vertex   -7.988006e+02 3.345830e+02 -4.960616e+01
      vertex   -7.988006e+02 3.476663e+02 -4.960616e+01
    endloop
  endfacet
  facet normal 8.526402e-01 2.849477e-06 5.224986e-01
    outer loop
      vertex   -7.988006e+02 3.476663e+02 -4.960616e+01
      vertex   -7.988006e+02 3.345830e+02 -4.960616e+01
      vertex   -7.984727e+02 3.476663e+02 -5.014134e+01
    endloop
  endfacet
  facet normal 8.526402e-01 2.849477e-06 5.224986e-01
    outer loop
      vertex   -7.988006e+02 3.476663e+02 -4.960616e+01
      vertex   -7.984727e+02 3.476663e+02 -5.014134e+01
      vertex   -7.984727e+02 3.607496e+02 -5.014134e+01
    endloop
  endfacet
  facet normal 9.238795e-01 3.087555e-06 3.826834e-01
    outer loop
      vertex   -7.984727e+02 3.607496e+02 -5.014134e+01
      vertex   -7.984727e+02 3.476663e+02 -5.014134e+01
      vertex   -7.982325e+02 3.607496e+02 -5.072124e+01
    endloop
  endfacet
  facet normal 9.238795e-01 3.087555e-06 3.826834e-01
    outer loop
      vertex   -7.984727e+02 3.607496e+02 -5.014134e+01
      vertex   -7.982325e+02 3.607496e+02 -5.072124e+01
      vertex   -7.982325e+02 3.738330e+02 -5.072124e+01
    endloop
  endfacet
  facet normal 9.723699e-01 3.249607e-06 2.334454e-01
    outer loop
      vertex   -7.982325e+02 3.738330e+02 -5.072124e+01
      vertex   -7.982325e+02 3.607496e+02 -5.072124e+01
      vertex   -7.980860e+02 3.738330e+02 -5.133157e+01
    endloop
  endfacet
  facet normal 9.723699e-01 3.249607e-06 2.334454e-01
    outer loop
      vertex   -7.982325e+02 3.738330e+02 -5.072124e+01
      vertex   -7.980860e+02 3.738330e+02 -5.133157e+01
      vertex   -7.980861e+02 3.869163e+02 -5.133157e+01
    endloop
  endfacet
  facet normal 9.969173e-01 3.331643e-06 7.845910e-02
    outer loop
      vertex   -7.980861e+02 3.869163e+02 -5.133157e+01
      vertex   -7.980860e+02 3.738330e+02 -5.133157e+01
      vertex   -7.980371e+02 4.784996e+02 -5.195730e+01
    endloop
  endfacet
  facet normal 8.005410e-01 -7.451242e-04 5.992775e-01
    outer loop
      vertex   -7.990136e+02 3.214996e+02 -4.933786e+01
      vertex   -7.986716e+02 3.214996e+02 -4.979474e+01
      vertex   -7.988006e+02 3.345830e+02 -4.960616e+01
    endloop
  endfacet
  facet normal 8.526398e-01 8.751858e-04 5.224984e-01
    outer loop
      vertex   -7.988006e+02 3.345830e+02 -4.960616e+01
      vertex   -7.986716e+02 3.214996e+02 -4.979474e+01
      vertex   -7.984726e+02 3.345830e+02 -5.014134e+01
    endloop
  endfacet
  facet normal 8.526402e-01 2.849477e-06 5.224986e-01
    outer loop
      vertex   -7.988006e+02 3.345830e+02 -4.960616e+01
      vertex   -7.984726e+02 3.345830e+02 -5.014134e+01
      vertex   -7.984727e+02 3.476663e+02 -5.014134e+01
    endloop
  endfacet
  facet normal 9.238795e-01 3.087555e-06 3.826834e-01
    outer loop
      vertex   -7.984727e+02 3.476663e+02 -5.014134e+01
      vertex   -7.984726e+02 3.345830e+02 -5.014134e+01
      vertex   -7.982325e+02 3.476663e+02 -5.072124e+01
    endloop
  endfacet
  facet normal 9.238795e-01 3.087555e-06 3.826834e-01
    outer loop
      vertex   -7.984727e+02 3.476663e+02 -5.014134e+01
      vertex   -7.982325e+02 3.476663e+02 -5.072124e+01
      vertex   -7.982325e+02 3.607496e+02 -5.072124e+01
    endloop
  endfacet
  facet normal 9.723699e-01 3.249607e-06 2.334454e-01
    outer loop
      vertex   -7.982325e+02 3.607496e+02 -5.072124e+01
      vertex   -7.982325e+02 3.476663e+02 -5.072124e+01
      vertex   -7.980860e+02 3.607496e+02 -5.133157e+01
    endloop
  endfacet
  facet normal 9.723699e-01 3.249607e-06 2.334454e-01
    outer loop
      vertex   -7.982325e+02 3.607496e+02 -5.072124e+01
      vertex   -7.980860e+02 3.607496e+02 -5.133157e+01
      vertex   -7.980860e+02 3.738330e+02 -5.133157e+01
    endloop
  endfacet
  facet normal 9.969173e-01 3.331643e-06 7.845910e-02
    outer loop
      vertex   -7.980860e+02 3.738330e+02 -5.133157e+01
      vertex   -7.980860e+02 3.607496e+02 -5.133157e+01
      vertex   -7.980371e+02 4.784996e+02 -5.195730e+01
    endloop
  endfacet
  facet normal 8.776788e-01 -6.513581e-04 4.792489e-01
    outer loop
      vertex   -7.986716e+02 3.214996e+02 -4.979474e+01
      vertex   -7.983981e+02 3.214996e+02 -5.029564e+01
      vertex   -7.984726e+02 3.345830e+02 -5.014134e+01
    endloop
  endfacet
  facet normal 9.238793e-01 7.507537e-04 3.826833e-01
    outer loop
      vertex   -7.984726e+02 3.345830e+02 -5.014134e+01
      vertex   -7.983981e+02 3.214996e+02 -5.029564e+01
      vertex   -7.982324e+02 3.345830e+02 -5.072124e+01
    endloop
  endfacet
  facet normal 9.238795e-01 3.087555e-06 3.826834e-01
    outer loop
      vertex   -7.984726e+02 3.345830e+02 -5.014134e+01
      vertex   -7.982324e+02 3.345830e+02 -5.072124e+01
      vertex   -7.982325e+02 3.476663e+02 -5.072124e+01
    endloop
  endfacet
  facet normal 9.723699e-01 3.249607e-06 2.334454e-01
    outer loop
      vertex   -7.982325e+02 3.476663e+02 -5.072124e+01
      vertex   -7.982324e+02 3.345830e+02 -5.072124e+01
      vertex   -7.980859e+02 3.476663e+02 -5.133157e+01
    endloop
  endfacet
  facet normal 9.723699e-01 3.249607e-06 2.334454e-01
    outer loop
      vertex   -7.982325e+02 3.476663e+02 -5.072124e+01
      vertex   -7.980859e+02 3.476663e+02 -5.133157e+01
      vertex   -7.980860e+02 3.607496e+02 -5.133157e+01
    endloop
  endfacet
  facet normal 9.887801e-01 3.304449e-06 1.493785e-01
    outer loop
      vertex   -7.980860e+02 3.607496e+02 -5.133157e+01
      vertex   -7.980859e+02 3.476663e+02 -5.133157e+01
      vertex   -7.980773e+02 3.214996e+02 -5.138804e+01
    endloop
  endfacet
  facet normal 9.955997e-01 8.491559e-05 9.370851e-02
    outer loop
      vertex   -7.980860e+02 3.607496e+02 -5.133157e+01
      vertex   -7.980773e+02 3.214996e+02 -5.138804e+01
      vertex   -7.980371e+02 4.784996e+02 -5.195730e+01
    endloop
  endfacet
  facet normal 9.974521e-01 3.333431e-06 7.133918e-02
    outer loop
      vertex   -7.980371e+02 4.784996e+02 -5.195730e+01
      vertex   -7.980773e+02 3.214996e+02 -5.138804e+01
      vertex   -7.980366e+02 3.214996e+02 -5.195730e+01
    endloop
  endfacet
  facet normal 9.369496e-01 -4.953341e-04 3.494641e-01
    outer loop
      vertex   -7.983981e+02 3.214996e+02 -5.029564e+01
      vertex   -7.981986e+02 3.214996e+02 -5.083037e+01
      vertex   -7.982324e+02 3.345830e+02 -5.072124e+01
    endloop
  endfacet
  facet normal 9.723698e-01 5.639421e-04 2.334453e-01
    outer loop
      vertex   -7.982324e+02 3.345830e+02 -5.072124e+01
      vertex   -7.981986e+02 3.214996e+02 -5.083037e+01
      vertex   -7.980859e+02 3.345830e+02 -5.133157e+01
    endloop
  endfacet
  facet normal 9.723699e-01 3.249607e-06 2.334454e-01
    outer loop
      vertex   -7.982324e+02 3.345830e+02 -5.072124e+01
      vertex   -7.980859e+02 3.345830e+02 -5.133157e+01
      vertex   -7.980859e+02 3.476663e+02 -5.133157e+01
    endloop
  endfacet
  facet normal 9.887801e-01 3.304449e-06 1.493785e-01
    outer loop
      vertex   -7.980859e+02 3.476663e+02 -5.133157e+01
      vertex   -7.980859e+02 3.345830e+02 -5.133157e+01
      vertex   -7.980773e+02 3.214996e+02 -5.138804e+01
    endloop
  endfacet
  facet normal 9.771468e-01 -2.770878e-04 2.125653e-01
    outer loop
      vertex   -7.981986e+02 3.214996e+02 -5.083037e+01
      vertex   -7.980773e+02 3.214996e+02 -5.138804e+01
      vertex   -7.980859e+02 3.345830e+02 -5.133157e+01
    endloop
  endfacet
  facet normal 9.771468e-01 2.836190e-04 2.125653e-01
    outer loop
      vertex   -7.980778e+02 4.784996e+02 -5.138804e+01
      vertex   -7.981992e+02 4.784996e+02 -5.083037e+01
      vertex   -7.980863e+02 4.654163e+02 -5.133157e+01
    endloop
  endfacet
  facet normal 9.723698e-01 -5.574429e-04 2.334453e-01
    outer loop
      vertex   -7.980863e+02 4.654163e+02 -5.133157e+01
      vertex   -7.981992e+02 4.784996e+02 -5.083037e+01
      vertex   -7.982329e+02 4.654163e+02 -5.072124e+01
    endloop
  endfacet
  facet normal 9.723699e-01 3.249607e-06 2.334454e-01
    outer loop
      vertex   -7.980863e+02 4.654163e+02 -5.133157e+01
      vertex   -7.982329e+02 4.654163e+02 -5.072124e+01
      vertex   -7.982328e+02 4.523330e+02 -5.072124e+01
    endloop
  endfacet
  facet normal 9.238795e-01 3.087555e-06 3.826834e-01
    outer loop
      vertex   -7.982328e+02 4.523330e+02 -5.072124e+01
      vertex   -7.982329e+02 4.654163e+02 -5.072124e+01
      vertex   -7.984730e+02 4.523330e+02 -5.014134e+01
    endloop
  endfacet
  facet normal 9.238795e-01 3.087555e-06 3.826834e-01
    outer loop
      vertex   -7.982328e+02 4.523330e+02 -5.072124e+01
      vertex   -7.984730e+02 4.523330e+02 -5.014134e+01
      vertex   -7.984730e+02 4.392496e+02 -5.014134e+01
    endloop
  endfacet
  facet normal 8.526402e-01 2.849477e-06 5.224986e-01
    outer loop
      vertex   -7.984730e+02 4.392496e+02 -5.014134e+01
      vertex   -7.984730e+02 4.523330e+02 -5.014134e+01
      vertex   -7.988009e+02 4.392496e+02 -4.960616e+01
    endloop
  endfacet
  facet normal 8.526402e-01 2.849477e-06 5.224986e-01
    outer loop
      vertex   -7.984730e+02 4.392496e+02 -5.014134e+01
      vertex   -7.988009e+02 4.392496e+02 -4.960616e+01
      vertex   -7.988009e+02 4.261663e+02 -4.960616e+01
    endloop
  endfacet
  facet normal 7.604060e-01 2.541235e-06 6.494480e-01
    outer loop
      vertex   -7.988009e+02 4.261663e+02 -4.960616e+01
      vertex   -7.988009e+02 4.392496e+02 -4.960616e+01
      vertex   -7.992085e+02 4.261663e+02 -4.912888e+01
    endloop
  endfacet
  facet normal 7.604060e-01 2.541235e-06 6.494480e-01
    outer loop
      vertex   -7.988009e+02 4.261663e+02 -4.960616e+01
      vertex   -7.992085e+02 4.261663e+02 -4.912888e+01
      vertex   -7.992085e+02 4.130830e+02 -4.912888e+01
    endloop
  endfacet
  facet normal 6.494480e-01 2.170420e-06 7.604060e-01
    outer loop
      vertex   -7.992085e+02 4.130830e+02 -4.912888e+01
      vertex   -7.992085e+02 4.261663e+02 -4.912888e+01
      vertex   -7.996858e+02 4.130830e+02 -4.872124e+01
    endloop
  endfacet
  facet normal 6.494480e-01 2.170420e-06 7.604060e-01
    outer loop
      vertex   -7.992085e+02 4.130830e+02 -4.912888e+01
      vertex   -7.996858e+02 4.130830e+02 -4.872124e+01
      vertex   -7.996857e+02 3.999996e+02 -4.872124e+01
    endloop
  endfacet
  facet normal 5.224986e-01 1.746162e-06 8.526402e-01
    outer loop
      vertex   -7.996857e+02 3.999996e+02 -4.872124e+01
      vertex   -7.996858e+02 4.130830e+02 -4.872124e+01
      vertex   -8.002209e+02 3.999996e+02 -4.839328e+01
    endloop
  endfacet
  facet normal 5.224986e-01 1.746162e-06 8.526402e-01
    outer loop
      vertex   -7.996857e+02 3.999996e+02 -4.872124e+01
      vertex   -8.002209e+02 3.999996e+02 -4.839328e+01
      vertex   -8.002209e+02 3.869163e+02 -4.839328e+01
    endloop
  endfacet
  facet normal 3.826834e-01 1.278907e-06 9.238795e-01
    outer loop
      vertex   -8.002209e+02 3.869163e+02 -4.839328e+01
      vertex   -8.002209e+02 3.999996e+02 -4.839328e+01
      vertex   -8.008007e+02 3.869163e+02 -4.815308e+01
    endloop
  endfacet
  facet normal 3.826834e-01 1.278907e-06 9.238795e-01
    outer loop
      vertex   -8.002209e+02 3.869163e+02 -4.839328e+01
      vertex   -8.008007e+02 3.869163e+02 -4.815308e+01
      vertex   -8.008007e+02 3.738330e+02 -4.815308e+01
    endloop
  endfacet
  facet normal 2.334454e-01 7.801617e-07 9.723699e-01
    outer loop
      vertex   -8.008007e+02 3.738330e+02 -4.815308e+01
      vertex   -8.008007e+02 3.869163e+02 -4.815308e+01
      vertex   -8.014110e+02 3.738330e+02 -4.800655e+01
    endloop
  endfacet
  facet normal 2.334454e-01 7.801617e-07 9.723699e-01
    outer loop
      vertex   -8.008007e+02 3.738330e+02 -4.815308e+01
      vertex   -8.014110e+02 3.738330e+02 -4.800655e+01
      vertex   -8.014110e+02 3.607496e+02 -4.800655e+01
    endloop
  endfacet
  facet normal 7.845910e-02 2.622060e-07 9.969173e-01
    outer loop
      vertex   -8.014110e+02 3.607496e+02 -4.800655e+01
      vertex   -8.014110e+02 3.738330e+02 -4.800655e+01
      vertex   -8.020366e+02 3.214996e+02 -4.795730e+01
    endloop
  endfacet
  facet normal 9.369496e-01 5.015966e-04 3.494641e-01
    outer loop
      vertex   -7.981992e+02 4.784996e+02 -5.083037e+01
      vertex   -7.983986e+02 4.784996e+02 -5.029564e+01
      vertex   -7.982329e+02 4.654163e+02 -5.072124e+01
    endloop
  endfacet
  facet normal 9.238793e-01 -7.445786e-04 3.826833e-01
    outer loop
      vertex   -7.982329e+02 4.654163e+02 -5.072124e+01
      vertex   -7.983986e+02 4.784996e+02 -5.029564e+01
      vertex   -7.984731e+02 4.654163e+02 -5.014134e+01
    endloop
  endfacet
  facet normal 9.238795e-01 3.087555e-06 3.826834e-01
    outer loop
      vertex   -7.982329e+02 4.654163e+02 -5.072124e+01
      vertex   -7.984731e+02 4.654163e+02 -5.014134e+01
      vertex   -7.984730e+02 4.523330e+02 -5.014134e+01
    endloop
  endfacet
  facet normal 8.526402e-01 2.849477e-06 5.224986e-01
    outer loop
      vertex   -7.984730e+02 4.523330e+02 -5.014134e+01
      vertex   -7.984731e+02 4.654163e+02 -5.014134e+01
      vertex   -7.988010e+02 4.523330e+02 -4.960616e+01
    endloop
  endfacet
  facet normal 8.526402e-01 2.849477e-06 5.224986e-01
    outer loop
      vertex   -7.984730e+02 4.523330e+02 -5.014134e+01
      vertex   -7.988010e+02 4.523330e+02 -4.960616e+01
      vertex   -7.988009e+02 4.392496e+02 -4.960616e+01
    endloop
  endfacet
  facet normal 7.604060e-01 2.541235e-06 6.494480e-01
    outer loop
      vertex   -7.988009e+02 4.392496e+02 -4.960616e+01
      vertex   -7.988010e+02 4.523330e+02 -4.960616e+01
      vertex   -7.992086e+02 4.392496e+02 -4.912888e+01
    endloop
  endfacet
  facet normal 7.604060e-01 2.541235e-06 6.494480e-01
    outer loop
      vertex   -7.988009e+02 4.392496e+02 -4.960616e+01
      vertex   -7.992086e+02 4.392496e+02 -4.912888e+01
      vertex   -7.992085e+02 4.261663e+02 -4.912888e+01
    endloop
  endfacet
  facet normal 6.494480e-01 2.170420e-06 7.604060e-01
    outer loop
      vertex   -7.992085e+02 4.261663e+02 -4.912888e+01
      vertex   -7.992086e+02 4.392496e+02 -4.912888e+01
      vertex   -7.996858e+02 4.261663e+02 -4.872124e+01
    endloop
  endfacet
  facet normal 6.494480e-01 2.170420e-06 7.604060e-01
    outer loop
      vertex   -7.992085e+02 4.261663e+02 -4.912888e+01
      vertex   -7.996858e+02 4.261663e+02 -4.872124e+01
      vertex   -7.996858e+02 4.130830e+02 -4.872124e+01
    endloop
  endfacet
  facet normal 5.224986e-01 1.746162e-06 8.526402e-01
    outer loop
      vertex   -7.996858e+02 4.130830e+02 -4.872124e+01
      vertex   -7.996858e+02 4.261663e+02 -4.872124e+01
      vertex   -8.002209e+02 4.130830e+02 -4.839328e+01
    endloop
  endfacet
  facet normal 5.224986e-01 1.746162e-06 8.526402e-01
    outer loop
      vertex   -7.996858e+02 4.130830e+02 -4.872124e+01
      vertex   -8.002209e+02 4.130830e+02 -4.839328e+01
      vertex   -8.002209e+02 3.999996e+02 -4.839328e+01
    endloop
  endfacet
  facet normal 3.826834e-01 1.278907e-06 9.238795e-01
    outer loop
      vertex   -8.002209e+02 3.999996e+02 -4.839328e+01
      vertex   -8.002209e+02 4.130830e+02 -4.839328e+01
      vertex   -8.008008e+02 3.999996e+02 -4.815308e+01
    endloop
  endfacet
  facet normal 3.826834e-01 1.278907e-06 9.238795e-01
    outer loop
      vertex   -8.002209e+02 3.999996e+02 -4.839328e+01
      vertex   -8.008008e+02 3.999996e+02 -4.815308e+01
      vertex   -8.008007e+02 3.869163e+02 -4.815308e+01
    endloop
  endfacet
  facet normal 2.334454e-01 7.801617e-07 9.723699e-01
    outer loop
      vertex   -8.008007e+02 3.869163e+02 -4.815308e+01
      vertex   -8.008008e+02 3.999996e+02 -4.815308e+01
      vertex   -8.014111e+02 3.869163e+02 -4.800655e+01
    endloop
  endfacet
  facet normal 2.334454e-01 7.801617e-07 9.723699e-01
    outer loop
      vertex   -8.008007e+02 3.869163e+02 -4.815308e+01
      vertex   -8.014111e+02 3.869163e+02 -4.800655e+01
      vertex   -8.014110e+02 3.738330e+02 -4.800655e+01
    endloop
  endfacet
  facet normal 7.845910e-02 2.622060e-07 9.969173e-01
    outer loop
      vertex   -8.014110e+02 3.738330e+02 -4.800655e+01
      vertex   -8.014111e+02 3.869163e+02 -4.800655e+01
      vertex   -8.020366e+02 3.214996e+02 -4.795730e+01
    endloop
  endfacet
  facet normal 8.776788e-01 6.572244e-04 4.792489e-01
    outer loop
      vertex   -7.983986e+02 4.784996e+02 -5.029564e+01
      vertex   -7.986721e+02 4.784996e+02 -4.979474e+01
      vertex   -7.984731e+02 4.654163e+02 -5.014134e+01
    endloop
  endfacet
  facet normal 8.526398e-01 -8.694869e-04 5.224984e-01
    outer loop
      vertex   -7.984731e+02 4.654163e+02 -5.014134e+01
      vertex   -7.986721e+02 4.784996e+02 -4.979474e+01
      vertex   -7.988010e+02 4.654163e+02 -4.960616e+01
    endloop
  endfacet
  facet normal 8.526402e-01 2.849477e-06 5.224986e-01
    outer loop
      vertex   -7.984731e+02 4.654163e+02 -5.014134e+01
      vertex   -7.988010e+02 4.654163e+02 -4.960616e+01
      vertex   -7.988010e+02 4.523330e+02 -4.960616e+01
    endloop
  endfacet
  facet normal 7.604060e-01 2.541235e-06 6.494480e-01
    outer loop
      vertex   -7.988010e+02 4.523330e+02 -4.960616e+01
      vertex   -7.988010e+02 4.654163e+02 -4.960616e+01
      vertex   -7.992086e+02 4.523330e+02 -4.912888e+01
    endloop
  endfacet
  facet normal 7.604060e-01 2.541235e-06 6.494480e-01
    outer loop
      vertex   -7.988010e+02 4.523330e+02 -4.960616e+01
      vertex   -7.992086e+02 4.523330e+02 -4.912888e+01
      vertex   -7.992086e+02 4.392496e+02 -4.912888e+01
    endloop
  endfacet
  facet normal 6.494480e-01 2.170420e-06 7.604060e-01
    outer loop
      vertex   -7.992086e+02 4.392496e+02 -4.912888e+01
      vertex   -7.992086e+02 4.523330e+02 -4.912888e+01
      vertex   -7.996859e+02 4.392496e+02 -4.872124e+01
    endloop
  endfacet
  facet normal 6.494480e-01 2.170420e-06 7.604060e-01
    outer loop
      vertex   -7.992086e+02 4.392496e+02 -4.912888e+01
      vertex   -7.996859e+02 4.392496e+02 -4.872124e+01
      vertex   -7.996858e+02 4.261663e+02 -4.872124e+01
    endloop
  endfacet
  facet normal 5.224986e-01 1.746162e-06 8.526402e-01
    outer loop
      vertex   -7.996858e+02 4.261663e+02 -4.872124e+01
      vertex   -7.996859e+02 4.392496e+02 -4.872124e+01
      vertex   -8.002210e+02 4.261663e+02 -4.839328e+01
    endloop
  endfacet
  facet normal 5.224986e-01 1.746162e-06 8.526402e-01
    outer loop
      vertex   -7.996858e+02 4.261663e+02 -4.872124e+01
      vertex   -8.002210e+02 4.261663e+02 -4.839328e+01
      vertex   -8.002209e+02 4.130830e+02 -4.839328e+01
    endloop
  endfacet
  facet normal 3.826834e-01 1.278907e-06 9.238795e-01
    outer loop
      vertex   -8.002209e+02 4.130830e+02 -4.839328e+01
      vertex   -8.002210e+02 4.261663e+02 -4.839328e+01
      vertex   -8.008008e+02 4.130830e+02 -4.815308e+01
    endloop
  endfacet
  facet normal 3.826834e-01 1.278907e-06 9.238795e-01
    outer loop
      vertex   -8.002209e+02 4.130830e+02 -4.839328e+01
      vertex   -8.008008e+02 4.130830e+02 -4.815308e+01
      vertex   -8.008008e+02 3.999996e+02 -4.815308e+01
    endloop
  endfacet
  facet normal 2.334454e-01 7.801617e-07 9.723699e-01
    outer loop
      vertex   -8.008008e+02 3.999996e+02 -4.815308e+01
      vertex   -8.008008e+02 4.130830e+02 -4.815308e+01
      vertex   -8.014111e+02 3.999996e+02 -4.800655e+01
    endloop
  endfacet
  facet normal 2.334454e-01 7.801617e-07 9.723699e-01
    outer loop
      vertex   -8.008008e+02 3.999996e+02 -4.815308e+01
      vertex   -8.014111e+02 3.999996e+02 -4.800655e+01
      vertex   -8.014111e+02 3.869163e+02 -4.800655e+01
    endloop
  endfacet
  facet normal 7.845910e-02 2.622060e-07 9.969173e-01
    outer loop
      vertex   -8.014111e+02 3.869163e+02 -4.800655e+01
      vertex   -8.014111e+02 3.999996e+02 -4.800655e+01
      vertex   -8.020366e+02 3.214996e+02 -4.795730e+01
    endloop
  endfacet
  facet normal 8.005410e-01 7.504749e-04 5.992775e-01
    outer loop
      vertex   -7.986721e+02 4.784996e+02 -4.979474e+01
      vertex   -7.990141e+02 4.784996e+02 -4.933786e+01
      vertex   -7.988010e+02 4.654163e+02 -4.960616e+01
    endloop
  endfacet
  facet normal 7.604056e-01 -9.321366e-04 6.494478e-01
    outer loop
      vertex   -7.988010e+02 4.654163e+02 -4.960616e+01
      vertex   -7.990141e+02 4.784996e+02 -4.933786e+01
      vertex   -7.992087e+02 4.654163e+02 -4.912888e+01
    endloop
  endfacet
  facet normal 7.604060e-01 2.541235e-06 6.494480e-01
    outer loop
      vertex   -7.988010e+02 4.654163e+02 -4.960616e+01
      vertex   -7.992087e+02 4.654163e+02 -4.912888e+01
      vertex   -7.992086e+02 4.523330e+02 -4.912888e+01
    endloop
  endfacet
  facet normal 6.494480e-01 2.170420e-06 7.604060e-01
    outer loop
      vertex   -7.992086e+02 4.523330e+02 -4.912888e+01
      vertex   -7.992087e+02 4.654163e+02 -4.912888e+01
      vertex   -7.996859e+02 4.523330e+02 -4.872124e+01
    endloop
  endfacet
  facet normal 6.494480e-01 2.170420e-06 7.604060e-01
    outer loop
      vertex   -7.992086e+02 4.523330e+02 -4.912888e+01
      vertex   -7.996859e+02 4.523330e+02 -4.872124e+01
      vertex   -7.996859e+02 4.392496e+02 -4.872124e+01
    endloop
  endfacet
  facet normal 5.224986e-01 1.746162e-06 8.526402e-01
    outer loop
      vertex   -7.996859e+02 4.392496e+02 -4.872124e+01
      vertex   -7.996859e+02 4.523330e+02 -4.872124e+01
      vertex   -8.002210e+02 4.392496e+02 -4.839328e+01
    endloop
  endfacet
  facet normal 5.224986e-01 1.746162e-06 8.526402e-01
    outer loop
      vertex   -7.996859e+02 4.392496e+02 -4.872124e+01
      vertex   -8.002210e+02 4.392496e+02 -4.839328e+01
      vertex   -8.002210e+02 4.261663e+02 -4.839328e+01
    endloop
  endfacet
  facet normal 3.826834e-01 1.278907e-06 9.238795e-01
    outer loop
      vertex   -8.002210e+02 4.261663e+02 -4.839328e+01
      vertex   -8.002210e+02 4.392496e+02 -4.839328e+01
      vertex   -8.008009e+02 4.261663e+02 -4.815308e+01
    endloop
  endfacet
  facet normal 3.826834e-01 1.278907e-06 9.238795e-01
    outer loop
      vertex   -8.002210e+02 4.261663e+02 -4.839328e+01
      vertex   -8.008009e+02 4.261663e+02 -4.815308e+01
      vertex   -8.008008e+02 4.130830e+02 -4.815308e+01
    endloop
  endfacet
  facet normal 2.334454e-01 7.801617e-07 9.723699e-01
    outer loop
      vertex   -8.008008e+02 4.130830e+02 -4.815308e+01
      vertex   -8.008009e+02 4.261663e+02 -4.815308e+01
      vertex   -8.014112e+02 4.130830e+02 -4.800655e+01
    endloop
  endfacet
  facet normal 2.334454e-01 7.801617e-07 9.723699e-01
    outer loop
      vertex   -8.008008e+02 4.130830e+02 -4.815308e+01
      vertex   -8.014112e+02 4.130830e+02 -4.800655e+01
      vertex   -8.014111e+02 3.999996e+02 -4.800655e+01
    endloop
  endfacet
  facet normal 7.845910e-02 2.622060e-07 9.969173e-01
    outer loop
      vertex   -8.014111e+02 3.999996e+02 -4.800655e+01
      vertex   -8.014112e+02 4.130830e+02 -4.800655e+01
      vertex   -8.020366e+02 3.214996e+02 -4.795730e+01
    endloop
  endfacet
  facet normal 7.071066e-01 7.813342e-04 7.071066e-01
    outer loop
      vertex   -7.990141e+02 4.784996e+02 -4.933786e+01
      vertex   -7.994177e+02 4.784996e+02 -4.893431e+01
      vertex   -7.992087e+02 4.654163e+02 -4.912888e+01
    endloop
  endfacet
  facet normal 6.494478e-01 -9.325074e-04 7.604056e-01
    outer loop
      vertex   -7.992087e+02 4.654163e+02 -4.912888e+01
      vertex   -7.994177e+02 4.784996e+02 -4.893431e+01
      vertex   -7.996859e+02 4.654163e+02 -4.872124e+01
    endloop
  endfacet
  facet normal 6.494480e-01 2.170420e-06 7.604060e-01
    outer loop
      vertex   -7.992087e+02 4.654163e+02 -4.912888e+01
      vertex   -7.996859e+02 4.654163e+02 -4.872124e+01
      vertex   -7.996859e+02 4.523330e+02 -4.872124e+01
    endloop
  endfacet
  facet normal 5.224986e-01 1.746162e-06 8.526402e-01
    outer loop
      vertex   -7.996859e+02 4.523330e+02 -4.872124e+01
      vertex   -7.996859e+02 4.654163e+02 -4.872124e+01
      vertex   -8.002211e+02 4.523330e+02 -4.839328e+01
    endloop
  endfacet
  facet normal 5.224986e-01 1.746162e-06 8.526402e-01
    outer loop
      vertex   -7.996859e+02 4.523330e+02 -4.872124e+01
      vertex   -8.002211e+02 4.523330e+02 -4.839328e+01
      vertex   -8.002210e+02 4.392496e+02 -4.839328e+01
    endloop
  endfacet
  facet normal 3.826834e-01 1.278907e-06 9.238795e-01
    outer loop
      vertex   -8.002210e+02 4.392496e+02 -4.839328e+01
      vertex   -8.002211e+02 4.523330e+02 -4.839328e+01
      vertex   -8.008009e+02 4.392496e+02 -4.815308e+01
    endloop
  endfacet
  facet normal 3.826834e-01 1.278907e-06 9.238795e-01
    outer loop
      vertex   -8.002210e+02 4.392496e+02 -4.839328e+01
      vertex   -8.008009e+02 4.392496e+02 -4.815308e+01
      vertex   -8.008009e+02 4.261663e+02 -4.815308e+01
    endloop
  endfacet
  facet normal 2.334454e-01 7.801617e-07 9.723699e-01
    outer loop
      vertex   -8.008009e+02 4.261663e+02 -4.815308e+01
      vertex   -8.008009e+02 4.392496e+02 -4.815308e+01
      vertex   -8.014112e+02 4.261663e+02 -4.800655e+01
    endloop
  endfacet
  facet normal 2.334454e-01 7.801617e-07 9.723699e-01
    outer loop
      vertex   -8.008009e+02 4.261663e+02 -4.815308e+01
      vertex   -8.014112e+02 4.261663e+02 -4.800655e+01
      vertex   -8.014112e+02 4.130830e+02 -4.800655e+01
    endloop
  endfacet
  facet normal 7.845910e-02 2.622060e-07 9.969173e-01
    outer loop
      vertex   -8.014112e+02 4.130830e+02 -4.800655e+01
      vertex   -8.014112e+02 4.261663e+02 -4.800655e+01
      vertex   -8.020366e+02 3.214996e+02 -4.795730e+01
    endloop
  endfacet
  facet normal 5.992775e-01 7.498023e-04 8.005410e-01
    outer loop
      vertex   -7.994177e+02 4.784996e+02 -4.893431e+01
      vertex   -7.998746e+02 4.784996e+02 -4.859229e+01
      vertex   -7.996859e+02 4.654163e+02 -4.872124e+01
    endloop
  endfacet
  facet normal 5.224984e-01 -8.705902e-04 8.526398e-01
    outer loop
      vertex   -7.996859e+02 4.654163e+02 -4.872124e+01
      vertex   -7.998746e+02 4.784996e+02 -4.859229e+01
      vertex   -8.002211e+02 4.654163e+02 -4.839328e+01
    endloop
  endfacet
  facet normal 5.224986e-01 1.746162e-06 8.526402e-01
    outer loop
      vertex   -7.996859e+02 4.654163e+02 -4.872124e+01
      vertex   -8.002211e+02 4.654163e+02 -4.839328e+01
      vertex   -8.002211e+02 4.523330e+02 -4.839328e+01
    endloop
  endfacet
  facet normal 3.826834e-01 1.278907e-06 9.238795e-01
    outer loop
      vertex   -8.002211e+02 4.523330e+02 -4.839328e+01
      vertex   -8.002211e+02 4.654163e+02 -4.839328e+01
      vertex   -8.008010e+02 4.523330e+02 -4.815308e+01
    endloop
  endfacet
  facet normal 3.826834e-01 1.278907e-06 9.238795e-01
    outer loop
      vertex   -8.002211e+02 4.523330e+02 -4.839328e+01
      vertex   -8.008010e+02 4.523330e+02 -4.815308e+01
      vertex   -8.008009e+02 4.392496e+02 -4.815308e+01
    endloop
  endfacet
  facet normal 2.334454e-01 7.801617e-07 9.723699e-01
    outer loop
      vertex   -8.008009e+02 4.392496e+02 -4.815308e+01
      vertex   -8.008010e+02 4.523330e+02 -4.815308e+01
      vertex   -8.014113e+02 4.392496e+02 -4.800655e+01
    endloop
  endfacet
  facet normal 2.334454e-01 7.801617e-07 9.723699e-01
    outer loop
      vertex   -8.008009e+02 4.392496e+02 -4.815308e+01
      vertex   -8.014113e+02 4.392496e+02 -4.800655e+01
      vertex   -8.014112e+02 4.261663e+02 -4.800655e+01
    endloop
  endfacet
  facet normal 7.845910e-02 2.622060e-07 9.969173e-01
    outer loop
      vertex   -8.014112e+02 4.261663e+02 -4.800655e+01
      vertex   -8.014113e+02 4.392496e+02 -4.800655e+01
      vertex   -8.020366e+02 3.214996e+02 -4.795730e+01
    endloop
  endfacet
  facet normal 4.792489e-01 6.558929e-04 8.776788e-01
    outer loop
      vertex   -7.998746e+02 4.784996e+02 -4.859229e+01
      vertex   -8.003755e+02 4.784996e+02 -4.831878e+01
      vertex   -8.002211e+02 4.654163e+02 -4.839328e+01
    endloop
  endfacet
  facet normal 3.826833e-01 -7.463872e-04 9.238793e-01
    outer loop
      vertex   -8.002211e+02 4.654163e+02 -4.839328e+01
      vertex   -8.003755e+02 4.784996e+02 -4.831878e+01
      vertex   -8.008010e+02 4.654163e+02 -4.815308e+01
    endloop
  endfacet
  facet normal 3.826834e-01 1.278907e-06 9.238795e-01
    outer loop
      vertex   -8.002211e+02 4.654163e+02 -4.839328e+01
      vertex   -8.008010e+02 4.654163e+02 -4.815308e+01
      vertex   -8.008010e+02 4.523330e+02 -4.815308e+01
    endloop
  endfacet
  facet normal 2.334454e-01 7.801617e-07 9.723699e-01
    outer loop
      vertex   -8.008010e+02 4.523330e+02 -4.815308e+01
      vertex   -8.008010e+02 4.654163e+02 -4.815308e+01
      vertex   -8.014113e+02 4.523330e+02 -4.800655e+01
    endloop
  endfacet
  facet normal 2.334454e-01 7.801617e-07 9.723699e-01
    outer loop
      vertex   -8.008010e+02 4.523330e+02 -4.815308e+01
      vertex   -8.014113e+02 4.523330e+02 -4.800655e+01
      vertex   -8.014113e+02 4.392496e+02 -4.800655e+01
    endloop
  endfacet
  facet normal 1.493785e-01 4.992147e-07 9.887801e-01
    outer loop
      vertex   -8.014113e+02 4.392496e+02 -4.800655e+01
      vertex   -8.014113e+02 4.523330e+02 -4.800655e+01
      vertex   -8.014679e+02 4.784996e+02 -4.799802e+01
    endloop
  endfacet
  facet normal 9.370851e-02 -8.127518e-05 9.955997e-01
    outer loop
      vertex   -8.014113e+02 4.392496e+02 -4.800655e+01
      vertex   -8.014679e+02 4.784996e+02 -4.799802e+01
      vertex   -8.020366e+02 3.214996e+02 -4.795730e+01
    endloop
  endfacet
  facet normal 7.133918e-02 2.384117e-07 9.974521e-01
    outer loop
      vertex   -8.020366e+02 3.214996e+02 -4.795730e+01
      vertex   -8.014679e+02 4.784996e+02 -4.799802e+01
      vertex   -8.020371e+02 4.784996e+02 -4.795730e+01
    endloop
  endfacet
  facet normal 3.494641e-01 4.996332e-04 9.369496e-01
    outer loop
      vertex   -8.003755e+02 4.784996e+02 -4.831878e+01
      vertex   -8.009102e+02 4.784996e+02 -4.811933e+01
      vertex   -8.008010e+02 4.654163e+02 -4.815308e+01
    endloop
  endfacet
  facet normal 2.334453e-01 -5.599123e-04 9.723698e-01
    outer loop
      vertex   -8.008010e+02 4.654163e+02 -4.815308e+01
      vertex   -8.009102e+02 4.784996e+02 -4.811933e+01
      vertex   -8.014113e+02 4.654163e+02 -4.800655e+01
    endloop
  endfacet
  facet normal 2.334454e-01 7.801617e-07 9.723699e-01
    outer loop
      vertex   -8.008010e+02 4.654163e+02 -4.815308e+01
      vertex   -8.014113e+02 4.654163e+02 -4.800655e+01
      vertex   -8.014113e+02 4.523330e+02 -4.800655e+01
    endloop
  endfacet
  facet normal 1.493785e-01 4.992147e-07 9.887801e-01
    outer loop
      vertex   -8.014113e+02 4.523330e+02 -4.800655e+01
      vertex   -8.014113e+02 4.654163e+02 -4.800655e+01
      vertex   -8.014679e+02 4.784996e+02 -4.799802e+01
    endloop
  endfacet
  facet normal 2.125653e-01 2.810638e-04 9.771468e-01
    outer loop
      vertex   -8.009102e+02 4.784996e+02 -4.811933e+01
      vertex   -8.014679e+02 4.784996e+02 -4.799802e+01
      vertex   -8.014113e+02 4.654163e+02 -4.800655e+01
    endloop
  endfacet
  facet normal 2.334454e-01 7.801617e-07 9.723699e-01
    outer loop
      vertex   -8.008007e+02 3.607496e+02 -4.815308e+01
      vertex   -8.014109e+02 3.476663e+02 -4.800655e+01
      vertex   -8.008006e+02 3.476663e+02 -4.815308e+01
    endloop
  endfacet
  facet normal 2.334454e-01 7.801617e-07 9.723699e-01
    outer loop
      vertex   -8.008006e+02 3.476663e+02 -4.815308e+01
      vertex   -8.014109e+02 3.476663e+02 -4.800655e+01
      vertex   -8.014109e+02 3.345830e+02 -4.800655e+01
    endloop
  endfacet
  facet normal 3.826834e-01 1.278907e-06 9.238795e-01
    outer loop
      vertex   -8.002208e+02 3.738330e+02 -4.839328e+01
      vertex   -8.008007e+02 3.607496e+02 -4.815308e+01
      vertex   -8.002208e+02 3.607496e+02 -4.839328e+01
    endloop
  endfacet
  facet normal 3.826834e-01 1.278907e-06 9.238795e-01
    outer loop
      vertex   -8.002208e+02 3.607496e+02 -4.839328e+01
      vertex   -8.008007e+02 3.607496e+02 -4.815308e+01
      vertex   -8.008006e+02 3.476663e+02 -4.815308e+01
    endloop
  endfacet
  facet normal 5.224986e-01 1.746162e-06 8.526402e-01
    outer loop
      vertex   -7.996857e+02 3.869163e+02 -4.872124e+01
      vertex   -8.002208e+02 3.738330e+02 -4.839328e+01
      vertex   -7.996856e+02 3.738330e+02 -4.872124e+01
    endloop
  endfacet
  facet normal 5.224986e-01 1.746162e-06 8.526402e-01
    outer loop
      vertex   -7.996856e+02 3.738330e+02 -4.872124e+01
      vertex   -8.002208e+02 3.738330e+02 -4.839328e+01
      vertex   -8.002208e+02 3.607496e+02 -4.839328e+01
    endloop
  endfacet
  facet normal 6.494480e-01 2.170420e-06 7.604060e-01
    outer loop
      vertex   -7.992084e+02 3.999996e+02 -4.912888e+01
      vertex   -7.996857e+02 3.869163e+02 -4.872124e+01
      vertex   -7.992084e+02 3.869163e+02 -4.912888e+01
    endloop
  endfacet
  facet normal 6.494480e-01 2.170420e-06 7.604060e-01
    outer loop
      vertex   -7.992084e+02 3.869163e+02 -4.912888e+01
      vertex   -7.996857e+02 3.869163e+02 -4.872124e+01
      vertex   -7.996856e+02 3.738330e+02 -4.872124e+01
    endloop
  endfacet
  facet normal 7.604060e-01 2.541235e-06 6.494480e-01
    outer loop
      vertex   -7.988008e+02 4.130830e+02 -4.960616e+01
      vertex   -7.992084e+02 3.999996e+02 -4.912888e+01
      vertex   -7.988008e+02 3.999996e+02 -4.960616e+01
    endloop
  endfacet
  facet normal 7.604060e-01 2.541235e-06 6.494480e-01
    outer loop
      vertex   -7.988008e+02 3.999996e+02 -4.960616e+01
      vertex   -7.992084e+02 3.999996e+02 -4.912888e+01
      vertex   -7.992084e+02 3.869163e+02 -4.912888e+01
    endloop
  endfacet
  facet normal 8.526402e-01 2.849477e-06 5.224986e-01
    outer loop
      vertex   -7.984729e+02 4.261663e+02 -5.014134e+01
      vertex   -7.988008e+02 4.130830e+02 -4.960616e+01
      vertex   -7.984729e+02 4.130830e+02 -5.014134e+01
    endloop
  endfacet
  facet normal 8.526402e-01 2.849477e-06 5.224986e-01
    outer loop
      vertex   -7.984729e+02 4.130830e+02 -5.014134e+01
      vertex   -7.988008e+02 4.130830e+02 -4.960616e+01
      vertex   -7.988008e+02 3.999996e+02 -4.960616e+01
    endloop
  endfacet
  facet normal 9.238795e-01 3.087555e-06 3.826834e-01
    outer loop
      vertex   -7.982328e+02 4.392496e+02 -5.072124e+01
      vertex   -7.984729e+02 4.261663e+02 -5.014134e+01
      vertex   -7.982327e+02 4.261663e+02 -5.072124e+01
    endloop
  endfacet
  facet normal 9.238795e-01 3.087555e-06 3.826834e-01
    outer loop
      vertex   -7.982327e+02 4.261663e+02 -5.072124e+01
      vertex   -7.984729e+02 4.261663e+02 -5.014134e+01
      vertex   -7.984729e+02 4.130830e+02 -5.014134e+01
    endloop
  endfacet
  facet normal 9.723699e-01 3.249607e-06 2.334454e-01
    outer loop
      vertex   -7.980863e+02 4.523330e+02 -5.133157e+01
      vertex   -7.982328e+02 4.392496e+02 -5.072124e+01
      vertex   -7.980862e+02 4.392496e+02 -5.133157e+01
    endloop
  endfacet
  facet normal 9.723699e-01 3.249607e-06 2.334454e-01
    outer loop
      vertex   -7.980862e+02 4.392496e+02 -5.133157e+01
      vertex   -7.982328e+02 4.392496e+02 -5.072124e+01
      vertex   -7.982327e+02 4.261663e+02 -5.072124e+01
    endloop
  endfacet
  facet normal 3.491004e-04 -7.133918e-02 9.974521e-01
    outer loop
      vertex   -9.690366e+02 3.209298e+02 -4.799802e+01
      vertex   -9.561904e+02 3.208734e+02 -4.800655e+01
      vertex   -9.690366e+02 3.214991e+02 -4.795730e+01
    endloop
  endfacet
  facet normal 2.622060e-07 -7.845910e-02 9.969173e-01
    outer loop
      vertex   -9.690366e+02 3.214991e+02 -4.795730e+01
      vertex   -9.561904e+02 3.208734e+02 -4.800655e+01
      vertex   -9.433443e+02 3.208734e+02 -4.800655e+01
    endloop
  endfacet
  facet normal 2.622060e-07 -7.845910e-02 9.969173e-01
    outer loop
      vertex   -9.690366e+02 3.214991e+02 -4.795730e+01
      vertex   -9.433443e+02 3.208734e+02 -4.800655e+01
      vertex   -9.304981e+02 3.208734e+02 -4.800655e+01
    endloop
  endfacet
  facet normal 7.801617e-07 -2.334454e-01 9.723699e-01
    outer loop
      vertex   -9.304981e+02 3.208734e+02 -4.800655e+01
      vertex   -9.433443e+02 3.208734e+02 -4.800655e+01
      vertex   -9.304981e+02 3.202631e+02 -4.815308e+01
    endloop
  endfacet
  facet normal 7.801617e-07 -2.334454e-01 9.723699e-01
    outer loop
      vertex   -9.304981e+02 3.208734e+02 -4.800655e+01
      vertex   -9.304981e+02 3.202631e+02 -4.815308e+01
      vertex   -9.176520e+02 3.202632e+02 -4.815308e+01
    endloop
  endfacet
  facet normal 1.278907e-06 -3.826834e-01 9.238795e-01
    outer loop
      vertex   -9.176520e+02 3.202632e+02 -4.815308e+01
      vertex   -9.304981e+02 3.202631e+02 -4.815308e+01
      vertex   -9.176520e+02 3.196833e+02 -4.839328e+01
    endloop
  endfacet
  facet normal 1.278907e-06 -3.826834e-01 9.238795e-01
    outer loop
      vertex   -9.176520e+02 3.202632e+02 -4.815308e+01
      vertex   -9.176520e+02 3.196833e+02 -4.839328e+01
      vertex   -9.048058e+02 3.196833e+02 -4.839328e+01
    endloop
  endfacet
  facet normal 1.746162e-06 -5.224986e-01 8.526402e-01
    outer loop
      vertex   -9.048058e+02 3.196833e+02 -4.839328e+01
      vertex   -9.176520e+02 3.196833e+02 -4.839328e+01
      vertex   -9.048058e+02 3.191481e+02 -4.872124e+01
    endloop
  endfacet
  facet normal 1.746162e-06 -5.224986e-01 8.526402e-01
    outer loop
      vertex   -9.048058e+02 3.196833e+02 -4.839328e+01
      vertex   -9.048058e+02 3.191481e+02 -4.872124e+01
      vertex   -8.919597e+02 3.191482e+02 -4.872124e+01
    endloop
  endfacet
  facet normal 2.170420e-06 -6.494480e-01 7.604060e-01
    outer loop
      vertex   -8.919597e+02 3.191482e+02 -4.872124e+01
      vertex   -9.048058e+02 3.191481e+02 -4.872124e+01
      vertex   -8.919597e+02 3.186709e+02 -4.912888e+01
    endloop
  endfacet
  facet normal 2.170420e-06 -6.494480e-01 7.604060e-01
    outer loop
      vertex   -8.919597e+02 3.191482e+02 -4.872124e+01
      vertex   -8.919597e+02 3.186709e+02 -4.912888e+01
      vertex   -8.791135e+02 3.186709e+02 -4.912888e+01
    endloop
  endfacet
  facet normal 2.541235e-06 -7.604060e-01 6.494480e-01
    outer loop
      vertex   -8.791135e+02 3.186709e+02 -4.912888e+01
      vertex   -8.919597e+02 3.186709e+02 -4.912888e+01
      vertex   -8.791135e+02 3.182633e+02 -4.960616e+01
    endloop
  endfacet
  facet normal 2.541235e-06 -7.604060e-01 6.494480e-01
    outer loop
      vertex   -8.791135e+02 3.186709e+02 -4.912888e+01
      vertex   -8.791135e+02 3.182633e+02 -4.960616e+01
      vertex   -8.662674e+02 3.182633e+02 -4.960616e+01
    endloop
  endfacet
  facet normal 2.849477e-06 -8.526402e-01 5.224986e-01
    outer loop
      vertex   -8.662674e+02 3.182633e+02 -4.960616e+01
      vertex   -8.791135e+02 3.182633e+02 -4.960616e+01
      vertex   -8.662674e+02 3.179354e+02 -5.014134e+01
    endloop
  endfacet
  facet normal 2.849477e-06 -8.526402e-01 5.224986e-01
    outer loop
      vertex   -8.662674e+02 3.182633e+02 -4.960616e+01
      vertex   -8.662674e+02 3.179354e+02 -5.014134e+01
      vertex   -8.534212e+02 3.179354e+02 -5.014134e+01
    endloop
  endfacet
  facet normal 3.087555e-06 -9.238795e-01 3.826834e-01
    outer loop
      vertex   -8.534212e+02 3.179354e+02 -5.014134e+01
      vertex   -8.662674e+02 3.179354e+02 -5.014134e+01
      vertex   -8.534212e+02 3.176952e+02 -5.072124e+01
    endloop
  endfacet
  facet normal 3.087555e-06 -9.238795e-01 3.826834e-01
    outer loop
      vertex   -8.534212e+02 3.179354e+02 -5.014134e+01
      vertex   -8.534212e+02 3.176952e+02 -5.072124e+01
      vertex   -8.405750e+02 3.176953e+02 -5.072124e+01
    endloop
  endfacet
  facet normal 3.249607e-06 -9.723699e-01 2.334454e-01
    outer loop
      vertex   -8.405750e+02 3.176953e+02 -5.072124e+01
      vertex   -8.534212e+02 3.176952e+02 -5.072124e+01
      vertex   -8.405750e+02 3.175487e+02 -5.133157e+01
    endloop
  endfacet
  facet normal 3.249607e-06 -9.723699e-01 2.334454e-01
    outer loop
      vertex   -8.405750e+02 3.176953e+02 -5.072124e+01
      vertex   -8.405750e+02 3.175487e+02 -5.133157e+01
      vertex   -8.277289e+02 3.175488e+02 -5.133157e+01
    endloop
  endfacet
  facet normal 3.331643e-06 -9.969173e-01 7.845910e-02
    outer loop
      vertex   -8.277289e+02 3.175488e+02 -5.133157e+01
      vertex   -8.405750e+02 3.175487e+02 -5.133157e+01
      vertex   -8.020366e+02 3.174996e+02 -5.195730e+01
    endloop
  endfacet
  facet normal 3.331643e-06 -9.969173e-01 7.845910e-02
    outer loop
      vertex   -8.277289e+02 3.175488e+02 -5.133157e+01
      vertex   -8.020366e+02 3.174996e+02 -5.195730e+01
      vertex   -8.148827e+02 3.175488e+02 -5.133157e+01
    endloop
  endfacet
  facet normal -3.455286e-04 -9.974521e-01 7.133918e-02
    outer loop
      vertex   -8.148827e+02 3.175488e+02 -5.133157e+01
      vertex   -8.020366e+02 3.174996e+02 -5.195730e+01
      vertex   -8.020366e+02 3.175403e+02 -5.138804e+01
    endloop
  endfacet
  facet normal 2.887952e-04 -9.771468e-01 2.125653e-01
    outer loop
      vertex   -8.148827e+02 3.175488e+02 -5.133157e+01
      vertex   -8.020366e+02 3.175403e+02 -5.138804e+01
      vertex   -8.020366e+02 3.176616e+02 -5.083037e+01
    endloop
  endfacet
  facet normal -2.848192e-04 -2.125653e-01 9.771468e-01
    outer loop
      vertex   -9.690366e+02 3.209298e+02 -4.799802e+01
      vertex   -9.690366e+02 3.203721e+02 -4.811933e+01
      vertex   -9.561904e+02 3.208734e+02 -4.800655e+01
    endloop
  endfacet
  facet normal 5.718247e-04 -2.334453e-01 9.723698e-01
    outer loop
      vertex   -9.561904e+02 3.208734e+02 -4.800655e+01
      vertex   -9.690366e+02 3.203721e+02 -4.811933e+01
      vertex   -9.561904e+02 3.202630e+02 -4.815308e+01
    endloop
  endfacet
  facet normal 7.801617e-07 -2.334454e-01 9.723699e-01
    outer loop
      vertex   -9.561904e+02 3.208734e+02 -4.800655e+01
      vertex   -9.561904e+02 3.202630e+02 -4.815308e+01
      vertex   -9.433443e+02 3.202631e+02 -4.815308e+01
    endloop
  endfacet
  facet normal 1.278907e-06 -3.826834e-01 9.238795e-01
    outer loop
      vertex   -9.433443e+02 3.202631e+02 -4.815308e+01
      vertex   -9.561904e+02 3.202630e+02 -4.815308e+01
      vertex   -9.433443e+02 3.196832e+02 -4.839328e+01
    endloop
  endfacet
  facet normal 1.278907e-06 -3.826834e-01 9.238795e-01
    outer loop
      vertex   -9.433443e+02 3.202631e+02 -4.815308e+01
      vertex   -9.433443e+02 3.196832e+02 -4.839328e+01
      vertex   -9.304981e+02 3.196832e+02 -4.839328e+01
    endloop
  endfacet
  facet normal 1.746162e-06 -5.224986e-01 8.526402e-01
    outer loop
      vertex   -9.304981e+02 3.196832e+02 -4.839328e+01
      vertex   -9.433443e+02 3.196832e+02 -4.839328e+01
      vertex   -9.304981e+02 3.191480e+02 -4.872124e+01
    endloop
  endfacet
  facet normal 1.746162e-06 -5.224986e-01 8.526402e-01
    outer loop
      vertex   -9.304981e+02 3.196832e+02 -4.839328e+01
      vertex   -9.304981e+02 3.191480e+02 -4.872124e+01
      vertex   -9.176520e+02 3.191481e+02 -4.872124e+01
    endloop
  endfacet
  facet normal 2.170420e-06 -6.494480e-01 7.604060e-01
    outer loop
      vertex   -9.176520e+02 3.191481e+02 -4.872124e+01
      vertex   -9.304981e+02 3.191480e+02 -4.872124e+01
      vertex   -9.176520e+02 3.186708e+02 -4.912888e+01
    endloop
  endfacet
  facet normal 2.170420e-06 -6.494480e-01 7.604060e-01
    outer loop
      vertex   -9.176520e+02 3.191481e+02 -4.872124e+01
      vertex   -9.176520e+02 3.186708e+02 -4.912888e+01
      vertex   -9.048058e+02 3.186708e+02 -4.912888e+01
    endloop
  endfacet
  facet normal 2.541235e-06 -7.604060e-01 6.494480e-01
    outer loop
      vertex   -9.048058e+02 3.186708e+02 -4.912888e+01
      vertex   -9.176520e+02 3.186708e+02 -4.912888e+01
      vertex   -9.048058e+02 3.182632e+02 -4.960616e+01
    endloop
  endfacet
  facet normal 2.541235e-06 -7.604060e-01 6.494480e-01
    outer loop
      vertex   -9.048058e+02 3.186708e+02 -4.912888e+01
      vertex   -9.048058e+02 3.182632e+02 -4.960616e+01
      vertex   -8.919597e+02 3.182632e+02 -4.960616e+01
    endloop
  endfacet
  facet normal 2.849477e-06 -8.526402e-01 5.224986e-01
    outer loop
      vertex   -8.919597e+02 3.182632e+02 -4.960616e+01
      vertex   -9.048058e+02 3.182632e+02 -4.960616e+01
      vertex   -8.919597e+02 3.179353e+02 -5.014134e+01
    endloop
  endfacet
  facet normal 2.849477e-06 -8.526402e-01 5.224986e-01
    outer loop
      vertex   -8.919597e+02 3.182632e+02 -4.960616e+01
      vertex   -8.919597e+02 3.179353e+02 -5.014134e+01
      vertex   -8.791135e+02 3.179353e+02 -5.014134e+01
    endloop
  endfacet
  facet normal 3.087555e-06 -9.238795e-01 3.826834e-01
    outer loop
      vertex   -8.791135e+02 3.179353e+02 -5.014134e+01
      vertex   -8.919597e+02 3.179353e+02 -5.014134e+01
      vertex   -8.791135e+02 3.176951e+02 -5.072124e+01
    endloop
  endfacet
  facet normal 3.087555e-06 -9.238795e-01 3.826834e-01
    outer loop
      vertex   -8.791135e+02 3.179353e+02 -5.014134e+01
      vertex   -8.791135e+02 3.176951e+02 -5.072124e+01
      vertex   -8.662674e+02 3.176952e+02 -5.072124e+01
    endloop
  endfacet
  facet normal 3.249607e-06 -9.723699e-01 2.334454e-01
    outer loop
      vertex   -8.662674e+02 3.176952e+02 -5.072124e+01
      vertex   -8.791135e+02 3.176951e+02 -5.072124e+01
      vertex   -8.662674e+02 3.175486e+02 -5.133157e+01
    endloop
  endfacet
  facet normal 3.249607e-06 -9.723699e-01 2.334454e-01
    outer loop
      vertex   -8.662674e+02 3.176952e+02 -5.072124e+01
      vertex   -8.662674e+02 3.175486e+02 -5.133157e+01
      vertex   -8.534212e+02 3.175487e+02 -5.133157e+01
    endloop
  endfacet
  facet normal 3.331643e-06 -9.969173e-01 7.845910e-02
    outer loop
      vertex   -8.534212e+02 3.175487e+02 -5.133157e+01
      vertex   -8.662674e+02 3.175486e+02 -5.133157e+01
      vertex   -8.020366e+02 3.174996e+02 -5.195730e+01
    endloop
  endfacet
  facet normal 3.331643e-06 -9.969173e-01 7.845910e-02
    outer loop
      vertex   -8.534212e+02 3.175487e+02 -5.133157e+01
      vertex   -8.020366e+02 3.174996e+02 -5.195730e+01
      vertex   -8.405750e+02 3.175487e+02 -5.133157e+01
    endloop
  endfacet
  facet normal -5.065006e-04 -3.494641e-01 9.369496e-01
    outer loop
      vertex   -9.690366e+02 3.203721e+02 -4.811933e+01
      vertex   -9.690366e+02 3.198374e+02 -4.831878e+01
      vertex   -9.561904e+02 3.202630e+02 -4.815308e+01
    endloop
  endfacet
  facet normal 7.627492e-04 -3.826833e-01 9.238793e-01
    outer loop
      vertex   -9.561904e+02 3.202630e+02 -4.815308e+01
      vertex   -9.690366e+02 3.198374e+02 -4.831878e+01
      vertex   -9.561904e+02 3.196831e+02 -4.839328e+01
    endloop
  endfacet
  facet normal 1.278907e-06 -3.826834e-01 9.238795e-01
    outer loop
      vertex   -9.561904e+02 3.202630e+02 -4.815308e+01
      vertex   -9.561904e+02 3.196831e+02 -4.839328e+01
      vertex   -9.433443e+02 3.196832e+02 -4.839328e+01
    endloop
  endfacet
  facet normal 1.746162e-06 -5.224986e-01 8.526402e-01
    outer loop
      vertex   -9.433443e+02 3.196832e+02 -4.839328e+01
      vertex   -9.561904e+02 3.196831e+02 -4.839328e+01
      vertex   -9.433443e+02 3.191480e+02 -4.872124e+01
    endloop
  endfacet
  facet normal 1.746162e-06 -5.224986e-01 8.526402e-01
    outer loop
      vertex   -9.433443e+02 3.196832e+02 -4.839328e+01
      vertex   -9.433443e+02 3.191480e+02 -4.872124e+01
      vertex   -9.304981e+02 3.191480e+02 -4.872124e+01
    endloop
  endfacet
  facet normal 2.170420e-06 -6.494480e-01 7.604060e-01
    outer loop
      vertex   -9.304981e+02 3.191480e+02 -4.872124e+01
      vertex   -9.433443e+02 3.191480e+02 -4.872124e+01
      vertex   -9.304981e+02 3.186708e+02 -4.912888e+01
    endloop
  endfacet
  facet normal 2.170420e-06 -6.494480e-01 7.604060e-01
    outer loop
      vertex   -9.304981e+02 3.191480e+02 -4.872124e+01
      vertex   -9.304981e+02 3.186708e+02 -4.912888e+01
      vertex   -9.176520e+02 3.186708e+02 -4.912888e+01
    endloop
  endfacet
  facet normal 2.541235e-06 -7.604060e-01 6.494480e-01
    outer loop
      vertex   -9.176520e+02 3.186708e+02 -4.912888e+01
      vertex   -9.304981e+02 3.186708e+02 -4.912888e+01
      vertex   -9.176520e+02 3.182632e+02 -4.960616e+01
    endloop
  endfacet
  facet normal 2.541235e-06 -7.604060e-01 6.494480e-01
    outer loop
      vertex   -9.176520e+02 3.186708e+02 -4.912888e+01
      vertex   -9.176520e+02 3.182632e+02 -4.960616e+01
      vertex   -9.048058e+02 3.182632e+02 -4.960616e+01
    endloop
  endfacet
  facet normal 2.849477e-06 -8.526402e-01 5.224986e-01
    outer loop
      vertex   -9.048058e+02 3.182632e+02 -4.960616e+01
      vertex   -9.176520e+02 3.182632e+02 -4.960616e+01
      vertex   -9.048058e+02 3.179352e+02 -5.014134e+01
    endloop
  endfacet
  facet normal 2.849477e-06 -8.526402e-01 5.224986e-01
    outer loop
      vertex   -9.048058e+02 3.182632e+02 -4.960616e+01
      vertex   -9.048058e+02 3.179352e+02 -5.014134e+01
      vertex   -8.919597e+02 3.179353e+02 -5.014134e+01
    endloop
  endfacet
  facet normal 3.087555e-06 -9.238795e-01 3.826834e-01
    outer loop
      vertex   -8.919597e+02 3.179353e+02 -5.014134e+01
      vertex   -9.048058e+02 3.179352e+02 -5.014134e+01
      vertex   -8.919597e+02 3.176951e+02 -5.072124e+01
    endloop
  endfacet
  facet normal 3.087555e-06 -9.238795e-01 3.826834e-01
    outer loop
      vertex   -8.919597e+02 3.179353e+02 -5.014134e+01
      vertex   -8.919597e+02 3.176951e+02 -5.072124e+01
      vertex   -8.791135e+02 3.176951e+02 -5.072124e+01
    endloop
  endfacet
  facet normal 3.249607e-06 -9.723699e-01 2.334454e-01
    outer loop
      vertex   -8.791135e+02 3.176951e+02 -5.072124e+01
      vertex   -8.919597e+02 3.176951e+02 -5.072124e+01
      vertex   -8.791135e+02 3.175486e+02 -5.133157e+01
    endloop
  endfacet
  facet normal 3.249607e-06 -9.723699e-01 2.334454e-01
    outer loop
      vertex   -8.791135e+02 3.176951e+02 -5.072124e+01
      vertex   -8.791135e+02 3.175486e+02 -5.133157e+01
      vertex   -8.662674e+02 3.175486e+02 -5.133157e+01
    endloop
  endfacet
  facet normal 3.331643e-06 -9.969173e-01 7.845910e-02
    outer loop
      vertex   -8.662674e+02 3.175486e+02 -5.133157e+01
      vertex   -8.791135e+02 3.175486e+02 -5.133157e+01
      vertex   -8.020366e+02 3.174996e+02 -5.195730e+01
    endloop
  endfacet
  facet normal -6.647699e-04 -4.792489e-01 8.776788e-01
    outer loop
      vertex   -9.690366e+02 3.198374e+02 -4.831878e+01
      vertex   -9.690366e+02 3.193365e+02 -4.859229e+01
      vertex   -9.561904e+02 3.196831e+02 -4.839328e+01
    endloop
  endfacet
  facet normal 8.901885e-04 -5.224984e-01 8.526398e-01
    outer loop
      vertex   -9.561904e+02 3.196831e+02 -4.839328e+01
      vertex   -9.690366e+02 3.193365e+02 -4.859229e+01
      vertex   -9.561904e+02 3.191480e+02 -4.872124e+01
    endloop
  endfacet
  facet normal 1.746162e-06 -5.224986e-01 8.526402e-01
    outer loop
      vertex   -9.561904e+02 3.196831e+02 -4.839328e+01
      vertex   -9.561904e+02 3.191480e+02 -4.872124e+01
      vertex   -9.433443e+02 3.191480e+02 -4.872124e+01
    endloop
  endfacet
  facet normal 2.170420e-06 -6.494480e-01 7.604060e-01
    outer loop
      vertex   -9.433443e+02 3.191480e+02 -4.872124e+01
      vertex   -9.561904e+02 3.191480e+02 -4.872124e+01
      vertex   -9.433443e+02 3.186707e+02 -4.912888e+01
    endloop
  endfacet
  facet normal 2.170420e-06 -6.494480e-01 7.604060e-01
    outer loop
      vertex   -9.433443e+02 3.191480e+02 -4.872124e+01
      vertex   -9.433443e+02 3.186707e+02 -4.912888e+01
      vertex   -9.304981e+02 3.186708e+02 -4.912888e+01
    endloop
  endfacet
  facet normal 2.541235e-06 -7.604060e-01 6.494480e-01
    outer loop
      vertex   -9.304981e+02 3.186708e+02 -4.912888e+01
      vertex   -9.433443e+02 3.186707e+02 -4.912888e+01
      vertex   -9.304981e+02 3.182631e+02 -4.960616e+01
    endloop
  endfacet
  facet normal 2.541235e-06 -7.604060e-01 6.494480e-01
    outer loop
      vertex   -9.304981e+02 3.186708e+02 -4.912888e+01
      vertex   -9.304981e+02 3.182631e+02 -4.960616e+01
      vertex   -9.176520e+02 3.182632e+02 -4.960616e+01
    endloop
  endfacet
  facet normal 2.849477e-06 -8.526402e-01 5.224986e-01
    outer loop
      vertex   -9.176520e+02 3.182632e+02 -4.960616e+01
      vertex   -9.304981e+02 3.182631e+02 -4.960616e+01
      vertex   -9.176520e+02 3.179352e+02 -5.014134e+01
    endloop
  endfacet
  facet normal 2.849477e-06 -8.526402e-01 5.224986e-01
    outer loop
      vertex   -9.176520e+02 3.182632e+02 -4.960616e+01
      vertex   -9.176520e+02 3.179352e+02 -5.014134e+01
      vertex   -9.048058e+02 3.179352e+02 -5.014134e+01
    endloop
  endfacet
  facet normal 3.087555e-06 -9.238795e-01 3.826834e-01
    outer loop
      vertex   -9.048058e+02 3.179352e+02 -5.014134e+01
      vertex   -9.176520e+02 3.179352e+02 -5.014134e+01
      vertex   -9.048058e+02 3.176950e+02 -5.072124e+01
    endloop
  endfacet
  facet normal 3.087555e-06 -9.238795e-01 3.826834e-01
    outer loop
      vertex   -9.048058e+02 3.179352e+02 -5.014134e+01
      vertex   -9.048058e+02 3.176950e+02 -5.072124e+01
      vertex   -8.919597e+02 3.176951e+02 -5.072124e+01
    endloop
  endfacet
  facet normal 3.249607e-06 -9.723699e-01 2.334454e-01
    outer loop
      vertex   -8.919597e+02 3.176951e+02 -5.072124e+01
      vertex   -9.048058e+02 3.176950e+02 -5.072124e+01
      vertex   -8.919597e+02 3.175486e+02 -5.133157e+01
    endloop
  endfacet
  facet normal 3.249607e-06 -9.723699e-01 2.334454e-01
    outer loop
      vertex   -8.919597e+02 3.176951e+02 -5.072124e+01
      vertex   -8.919597e+02 3.175486e+02 -5.133157e+01
      vertex   -8.791135e+02 3.175486e+02 -5.133157e+01
    endloop
  endfacet
  facet normal 3.331643e-06 -9.969173e-01 7.845910e-02
    outer loop
      vertex   -8.791135e+02 3.175486e+02 -5.133157e+01
      vertex   -8.919597e+02 3.175486e+02 -5.133157e+01
      vertex   -8.020366e+02 3.174996e+02 -5.195730e+01
    endloop
  endfacet
  facet normal -7.596035e-04 -5.992775e-01 8.005410e-01
    outer loop
      vertex   -9.690366e+02 3.193365e+02 -4.859229e+01
      vertex   -9.690366e+02 3.188796e+02 -4.893431e+01
      vertex   -9.561904e+02 3.191480e+02 -4.872124e+01
    endloop
  endfacet
  facet normal 9.541052e-04 -6.494478e-01 7.604056e-01
    outer loop
      vertex   -9.561904e+02 3.191480e+02 -4.872124e+01
      vertex   -9.690366e+02 3.188796e+02 -4.893431e+01
      vertex   -9.561904e+02 3.186707e+02 -4.912888e+01
    endloop
  endfacet
  facet normal 2.170420e-06 -6.494480e-01 7.604060e-01
    outer loop
      vertex   -9.561904e+02 3.191480e+02 -4.872124e+01
      vertex   -9.561904e+02 3.186707e+02 -4.912888e+01
      vertex   -9.433443e+02 3.186707e+02 -4.912888e+01
    endloop
  endfacet
  facet normal 2.541235e-06 -7.604060e-01 6.494480e-01
    outer loop
      vertex   -9.433443e+02 3.186707e+02 -4.912888e+01
      vertex   -9.561904e+02 3.186707e+02 -4.912888e+01
      vertex   -9.433443e+02 3.182631e+02 -4.960616e+01
    endloop
  endfacet
  facet normal 2.541235e-06 -7.604060e-01 6.494480e-01
    outer loop
      vertex   -9.433443e+02 3.186707e+02 -4.912888e+01
      vertex   -9.433443e+02 3.182631e+02 -4.960616e+01
      vertex   -9.304981e+02 3.182631e+02 -4.960616e+01
    endloop
  endfacet
  facet normal 2.849477e-06 -8.526402e-01 5.224986e-01
    outer loop
      vertex   -9.304981e+02 3.182631e+02 -4.960616e+01
      vertex   -9.433443e+02 3.182631e+02 -4.960616e+01
      vertex   -9.304981e+02 3.179352e+02 -5.014134e+01
    endloop
  endfacet
  facet normal 2.849477e-06 -8.526402e-01 5.224986e-01
    outer loop
      vertex   -9.304981e+02 3.182631e+02 -4.960616e+01
      vertex   -9.304981e+02 3.179352e+02 -5.014134e+01
      vertex   -9.176520e+02 3.179352e+02 -5.014134e+01
    endloop
  endfacet
  facet normal 3.087555e-06 -9.238795e-01 3.826834e-01
    outer loop
      vertex   -9.176520e+02 3.179352e+02 -5.014134e+01
      vertex   -9.304981e+02 3.179352e+02 -5.014134e+01
      vertex   -9.176520e+02 3.176950e+02 -5.072124e+01
    endloop
  endfacet
  facet normal 3.087555e-06 -9.238795e-01 3.826834e-01
    outer loop
      vertex   -9.176520e+02 3.179352e+02 -5.014134e+01
      vertex   -9.176520e+02 3.176950e+02 -5.072124e+01
      vertex   -9.048058e+02 3.176950e+02 -5.072124e+01
    endloop
  endfacet
  facet normal 3.249607e-06 -9.723699e-01 2.334454e-01
    outer loop
      vertex   -9.048058e+02 3.176950e+02 -5.072124e+01
      vertex   -9.176520e+02 3.176950e+02 -5.072124e+01
      vertex   -9.048058e+02 3.175485e+02 -5.133157e+01
    endloop
  endfacet
  facet normal 3.249607e-06 -9.723699e-01 2.334454e-01
    outer loop
      vertex   -9.048058e+02 3.176950e+02 -5.072124e+01
      vertex   -9.048058e+02 3.175485e+02 -5.133157e+01
      vertex   -8.919597e+02 3.175486e+02 -5.133157e+01
    endloop
  endfacet
  facet normal 3.331643e-06 -9.969173e-01 7.845910e-02
    outer loop
      vertex   -8.919597e+02 3.175486e+02 -5.133157e+01
      vertex   -9.048058e+02 3.175485e+02 -5.133157e+01
      vertex   -8.020366e+02 3.174996e+02 -5.195730e+01
    endloop
  endfacet
  facet normal -7.909902e-04 -7.071066e-01 7.071066e-01
    outer loop
      vertex   -9.690366e+02 3.188796e+02 -4.893431e+01
      vertex   -9.690366e+02 3.184761e+02 -4.933786e+01
      vertex   -9.561904e+02 3.186707e+02 -4.912888e+01
    endloop
  endfacet
  facet normal 9.544761e-04 -7.604056e-01 6.494478e-01
    outer loop
      vertex   -9.561904e+02 3.186707e+02 -4.912888e+01
      vertex   -9.690366e+02 3.184761e+02 -4.933786e+01
      vertex   -9.561904e+02 3.182630e+02 -4.960616e+01
    endloop
  endfacet
  facet normal 2.541235e-06 -7.604060e-01 6.494480e-01
    outer loop
      vertex   -9.561904e+02 3.186707e+02 -4.912888e+01
      vertex   -9.561904e+02 3.182630e+02 -4.960616e+01
      vertex   -9.433443e+02 3.182631e+02 -4.960616e+01
    endloop
  endfacet
  facet normal 2.849477e-06 -8.526402e-01 5.224986e-01
    outer loop
      vertex   -9.433443e+02 3.182631e+02 -4.960616e+01
      vertex   -9.561904e+02 3.182630e+02 -4.960616e+01
      vertex   -9.433443e+02 3.179351e+02 -5.014134e+01
    endloop
  endfacet
  facet normal 2.849477e-06 -8.526402e-01 5.224986e-01
    outer loop
      vertex   -9.433443e+02 3.182631e+02 -4.960616e+01
      vertex   -9.433443e+02 3.179351e+02 -5.014134e+01
      vertex   -9.304981e+02 3.179352e+02 -5.014134e+01
    endloop
  endfacet
  facet normal 3.087555e-06 -9.238795e-01 3.826834e-01
    outer loop
      vertex   -9.304981e+02 3.179352e+02 -5.014134e+01
      vertex   -9.433443e+02 3.179351e+02 -5.014134e+01
      vertex   -9.304981e+02 3.176950e+02 -5.072124e+01
    endloop
  endfacet
  facet normal 3.087555e-06 -9.238795e-01 3.826834e-01
    outer loop
      vertex   -9.304981e+02 3.179352e+02 -5.014134e+01
      vertex   -9.304981e+02 3.176950e+02 -5.072124e+01
      vertex   -9.176520e+02 3.176950e+02 -5.072124e+01
    endloop
  endfacet
  facet normal 3.249607e-06 -9.723699e-01 2.334454e-01
    outer loop
      vertex   -9.176520e+02 3.176950e+02 -5.072124e+01
      vertex   -9.304981e+02 3.176950e+02 -5.072124e+01
      vertex   -9.176520e+02 3.175485e+02 -5.133157e+01
    endloop
  endfacet
  facet normal 3.249607e-06 -9.723699e-01 2.334454e-01
    outer loop
      vertex   -9.176520e+02 3.176950e+02 -5.072124e+01
      vertex   -9.176520e+02 3.175485e+02 -5.133157e+01
      vertex   -9.048058e+02 3.175485e+02 -5.133157e+01
    endloop
  endfacet
  facet normal 3.331643e-06 -9.969173e-01 7.845910e-02
    outer loop
      vertex   -9.048058e+02 3.175485e+02 -5.133157e+01
      vertex   -9.176520e+02 3.175485e+02 -5.133157e+01
      vertex   -8.020366e+02 3.174996e+02 -5.195730e+01
    endloop
  endfacet
  facet normal -7.589309e-04 -8.005410e-01 5.992775e-01
    outer loop
      vertex   -9.690366e+02 3.184761e+02 -4.933786e+01
      vertex   -9.690366e+02 3.181340e+02 -4.979474e+01
      vertex   -9.561904e+02 3.182630e+02 -4.960616e+01
    endloop
  endfacet
  facet normal 8.912918e-04 -8.526398e-01 5.224984e-01
    outer loop
      vertex   -9.561904e+02 3.182630e+02 -4.960616e+01
      vertex   -9.690366e+02 3.181340e+02 -4.979474e+01
      vertex   -9.561904e+02 3.179351e+02 -5.014134e+01
    endloop
  endfacet
  facet normal 2.849477e-06 -8.526402e-01 5.224986e-01
    outer loop
      vertex   -9.561904e+02 3.182630e+02 -4.960616e+01
      vertex   -9.561904e+02 3.179351e+02 -5.014134e+01
      vertex   -9.433443e+02 3.179351e+02 -5.014134e+01
    endloop
  endfacet
  facet normal 3.087555e-06 -9.238795e-01 3.826834e-01
    outer loop
      vertex   -9.433443e+02 3.179351e+02 -5.014134e+01
      vertex   -9.561904e+02 3.179351e+02 -5.014134e+01
      vertex   -9.433443e+02 3.176949e+02 -5.072124e+01
    endloop
  endfacet
  facet normal 3.087555e-06 -9.238795e-01 3.826834e-01
    outer loop
      vertex   -9.433443e+02 3.179351e+02 -5.014134e+01
      vertex   -9.433443e+02 3.176949e+02 -5.072124e+01
      vertex   -9.304981e+02 3.176950e+02 -5.072124e+01
    endloop
  endfacet
  facet normal 3.249607e-06 -9.723699e-01 2.334454e-01
    outer loop
      vertex   -9.304981e+02 3.176950e+02 -5.072124e+01
      vertex   -9.433443e+02 3.176949e+02 -5.072124e+01
      vertex   -9.304981e+02 3.175484e+02 -5.133157e+01
    endloop
  endfacet
  facet normal 3.249607e-06 -9.723699e-01 2.334454e-01
    outer loop
      vertex   -9.304981e+02 3.176950e+02 -5.072124e+01
      vertex   -9.304981e+02 3.175484e+02 -5.133157e+01
      vertex   -9.176520e+02 3.175485e+02 -5.133157e+01
    endloop
  endfacet
  facet normal 3.331643e-06 -9.969173e-01 7.845910e-02
    outer loop
      vertex   -9.176520e+02 3.175485e+02 -5.133157e+01
      vertex   -9.304981e+02 3.175484e+02 -5.133157e+01
      vertex   -8.020366e+02 3.174996e+02 -5.195730e+01
    endloop
  endfacet
  facet normal -6.634384e-04 -8.776788e-01 4.792489e-01
    outer loop
      vertex   -9.690366e+02 3.181340e+02 -4.979474e+01
      vertex   -9.690366e+02 3.178605e+02 -5.029564e+01
      vertex   -9.561904e+02 3.179351e+02 -5.014134e+01
    endloop
  endfacet
  facet normal 7.645579e-04 -9.238793e-01 3.826833e-01
    outer loop
      vertex   -9.561904e+02 3.179351e+02 -5.014134e+01
      vertex   -9.690366e+02 3.178605e+02 -5.029564e+01
      vertex   -9.561904e+02 3.176949e+02 -5.072124e+01
    endloop
  endfacet
  facet normal 3.087555e-06 -9.238795e-01 3.826834e-01
    outer loop
      vertex   -9.561904e+02 3.179351e+02 -5.014134e+01
      vertex   -9.561904e+02 3.176949e+02 -5.072124e+01
      vertex   -9.433443e+02 3.176949e+02 -5.072124e+01
    endloop
  endfacet
  facet normal 3.249607e-06 -9.723699e-01 2.334454e-01
    outer loop
      vertex   -9.433443e+02 3.176949e+02 -5.072124e+01
      vertex   -9.561904e+02 3.176949e+02 -5.072124e+01
      vertex   -9.433443e+02 3.175484e+02 -5.133157e+01
    endloop
  endfacet
  facet normal 3.249607e-06 -9.723699e-01 2.334454e-01
    outer loop
      vertex   -9.433443e+02 3.176949e+02 -5.072124e+01
      vertex   -9.433443e+02 3.175484e+02 -5.133157e+01
      vertex   -9.304981e+02 3.175484e+02 -5.133157e+01
    endloop
  endfacet
  facet normal 3.304449e-06 -9.887801e-01 1.493785e-01
    outer loop
      vertex   -9.304981e+02 3.175484e+02 -5.133157e+01
      vertex   -9.433443e+02 3.175484e+02 -5.133157e+01
      vertex   -9.690366e+02 3.175398e+02 -5.138804e+01
    endloop
  endfacet
  facet normal 8.448970e-05 -9.954765e-01 9.500812e-02
    outer loop
      vertex   -9.304981e+02 3.175484e+02 -5.133157e+01
      vertex   -9.690366e+02 3.175398e+02 -5.138804e+01
      vertex   -8.020366e+02 3.174996e+02 -5.195730e+01
    endloop
  endfacet
  facet normal 3.333431e-06 -9.974521e-01 7.133918e-02
    outer loop
      vertex   -8.020366e+02 3.174996e+02 -5.195730e+01
      vertex   -9.690366e+02 3.175398e+02 -5.138804e+01
      vertex   -9.690366e+02 3.174991e+02 -5.195730e+01
    endloop
  endfacet
  facet normal -5.045373e-04 -9.369496e-01 3.494641e-01
    outer loop
      vertex   -9.690366e+02 3.178605e+02 -5.029564e+01
      vertex   -9.690366e+02 3.176611e+02 -5.083037e+01
      vertex   -9.561904e+02 3.176949e+02 -5.072124e+01
    endloop
  endfacet
  facet normal 5.742942e-04 -9.723698e-01 2.334453e-01
    outer loop
      vertex   -9.561904e+02 3.176949e+02 -5.072124e+01
      vertex   -9.690366e+02 3.176611e+02 -5.083037e+01
      vertex   -9.561904e+02 3.175483e+02 -5.133157e+01
    endloop
  endfacet
  facet normal 3.249607e-06 -9.723699e-01 2.334454e-01
    outer loop
      vertex   -9.561904e+02 3.176949e+02 -5.072124e+01
      vertex   -9.561904e+02 3.175483e+02 -5.133157e+01
      vertex   -9.433443e+02 3.175484e+02 -5.133157e+01
    endloop
  endfacet
  facet normal 3.304449e-06 -9.887801e-01 1.493785e-01
    outer loop
      vertex   -9.433443e+02 3.175484e+02 -5.133157e+01
      vertex   -9.561904e+02 3.175483e+02 -5.133157e+01
      vertex   -9.690366e+02 3.175398e+02 -5.138804e+01
    endloop
  endfacet
  facet normal -2.822640e-04 -9.771468e-01 2.125653e-01
    outer loop
      vertex   -9.690366e+02 3.176611e+02 -5.083037e+01
      vertex   -9.690366e+02 3.175398e+02 -5.138804e+01
      vertex   -9.561904e+02 3.175483e+02 -5.133157e+01
    endloop
  endfacet
  facet normal -5.677950e-04 -9.723698e-01 2.334453e-01
    outer loop
      vertex   -8.148827e+02 3.175488e+02 -5.133157e+01
      vertex   -8.020366e+02 3.176616e+02 -5.083037e+01
      vertex   -8.148827e+02 3.176953e+02 -5.072124e+01
    endloop
  endfacet
  facet normal 5.107998e-04 -9.369496e-01 3.494641e-01
    outer loop
      vertex   -8.148827e+02 3.176953e+02 -5.072124e+01
      vertex   -8.020366e+02 3.176616e+02 -5.083037e+01
      vertex   -8.020366e+02 3.178611e+02 -5.029564e+01
    endloop
  endfacet
  facet normal -7.583828e-04 -9.238793e-01 3.826833e-01
    outer loop
      vertex   -8.148827e+02 3.176953e+02 -5.072124e+01
      vertex   -8.020366e+02 3.178611e+02 -5.029564e+01
      vertex   -8.148827e+02 3.179355e+02 -5.014134e+01
    endloop
  endfacet
  facet normal 6.693047e-04 -8.776788e-01 4.792489e-01
    outer loop
      vertex   -8.148827e+02 3.179355e+02 -5.014134e+01
      vertex   -8.020366e+02 3.178611e+02 -5.029564e+01
      vertex   -8.020366e+02 3.181346e+02 -4.979474e+01
    endloop
  endfacet
  facet normal -8.855929e-04 -8.526398e-01 5.224984e-01
    outer loop
      vertex   -8.148827e+02 3.179355e+02 -5.014134e+01
      vertex   -8.020366e+02 3.181346e+02 -4.979474e+01
      vertex   -8.148827e+02 3.182635e+02 -4.960616e+01
    endloop
  endfacet
  facet normal 7.642816e-04 -8.005410e-01 5.992775e-01
    outer loop
      vertex   -8.148827e+02 3.182635e+02 -4.960616e+01
      vertex   -8.020366e+02 3.181346e+02 -4.979474e+01
      vertex   -8.020366e+02 3.184766e+02 -4.933786e+01
    endloop
  endfacet
  facet normal -9.493936e-04 -7.604056e-01 6.494478e-01
    outer loop
      vertex   -8.148827e+02 3.182635e+02 -4.960616e+01
      vertex   -8.020366e+02 3.184766e+02 -4.933786e+01
      vertex   -8.148827e+02 3.186711e+02 -4.912888e+01
    endloop
  endfacet
  facet normal 7.957164e-04 -7.071066e-01 7.071066e-01
    outer loop
      vertex   -8.148827e+02 3.186711e+02 -4.912888e+01
      vertex   -8.020366e+02 3.184766e+02 -4.933786e+01
      vertex   -8.020366e+02 3.188802e+02 -4.893431e+01
    endloop
  endfacet
  facet normal -9.497644e-04 -6.494478e-01 7.604056e-01
    outer loop
      vertex   -8.148827e+02 3.186711e+02 -4.912888e+01
      vertex   -8.020366e+02 3.188802e+02 -4.893431e+01
      vertex   -8.148827e+02 3.191484e+02 -4.872124e+01
    endloop
  endfacet
  facet normal 7.636090e-04 -5.992775e-01 8.005410e-01
    outer loop
      vertex   -8.148827e+02 3.191484e+02 -4.872124e+01
      vertex   -8.020366e+02 3.188802e+02 -4.893431e+01
      vertex   -8.020366e+02 3.193371e+02 -4.859229e+01
    endloop
  endfacet
  facet normal -8.866962e-04 -5.224984e-01 8.526398e-01
    outer loop
      vertex   -8.148827e+02 3.191484e+02 -4.872124e+01
      vertex   -8.020366e+02 3.193371e+02 -4.859229e+01
      vertex   -8.148827e+02 3.196836e+02 -4.839328e+01
    endloop
  endfacet
  facet normal 6.679731e-04 -4.792489e-01 8.776788e-01
    outer loop
      vertex   -8.148827e+02 3.196836e+02 -4.839328e+01
      vertex   -8.020366e+02 3.193371e+02 -4.859229e+01
      vertex   -8.020366e+02 3.198380e+02 -4.831878e+01
    endloop
  endfacet
  facet normal -7.601914e-04 -3.826833e-01 9.238793e-01
    outer loop
      vertex   -8.148827e+02 3.196836e+02 -4.839328e+01
      vertex   -8.020366e+02 3.198380e+02 -4.831878e+01
      vertex   -8.148827e+02 3.202635e+02 -4.815308e+01
    endloop
  endfacet
  facet normal 5.088364e-04 -3.494641e-01 9.369496e-01
    outer loop
      vertex   -8.148827e+02 3.202635e+02 -4.815308e+01
      vertex   -8.020366e+02 3.198380e+02 -4.831878e+01
      vertex   -8.020366e+02 3.203727e+02 -4.811933e+01
    endloop
  endfacet
  facet normal -5.702644e-04 -2.334453e-01 9.723698e-01
    outer loop
      vertex   -8.148827e+02 3.202635e+02 -4.815308e+01
      vertex   -8.020366e+02 3.203727e+02 -4.811933e+01
      vertex   -8.148827e+02 3.208738e+02 -4.800655e+01
    endloop
  endfacet
  facet normal 2.862400e-04 -2.125653e-01 9.771468e-01
    outer loop
      vertex   -8.148827e+02 3.208738e+02 -4.800655e+01
      vertex   -8.020366e+02 3.203727e+02 -4.811933e+01
      vertex   -8.020366e+02 3.209304e+02 -4.799802e+01
    endloop
  endfacet
  facet normal 4.992147e-07 -1.493785e-01 9.887801e-01
    outer loop
      vertex   -8.148827e+02 3.208738e+02 -4.800655e+01
      vertex   -8.020366e+02 3.209304e+02 -4.799802e+01
      vertex   -8.277289e+02 3.208738e+02 -4.800655e+01
    endloop
  endfacet
  facet normal 4.992147e-07 -1.493785e-01 9.887801e-01
    outer loop
      vertex   -8.277289e+02 3.208738e+02 -4.800655e+01
      vertex   -8.020366e+02 3.209304e+02 -4.799802e+01
      vertex   -8.405751e+02 3.208737e+02 -4.800655e+01
    endloop
  endfacet
  facet normal 7.801617e-07 -2.334454e-01 9.723699e-01
    outer loop
      vertex   -8.277289e+02 3.208738e+02 -4.800655e+01
      vertex   -8.405751e+02 3.208737e+02 -4.800655e+01
      vertex   -8.277289e+02 3.202635e+02 -4.815308e+01
    endloop
  endfacet
  facet normal 7.801617e-07 -2.334454e-01 9.723699e-01
    outer loop
      vertex   -8.277289e+02 3.202635e+02 -4.815308e+01
      vertex   -8.405751e+02 3.208737e+02 -4.800655e+01
      vertex   -8.405751e+02 3.202634e+02 -4.815308e+01
    endloop
  endfacet
  facet normal 1.278907e-06 -3.826834e-01 9.238795e-01
    outer loop
      vertex   -8.277289e+02 3.202635e+02 -4.815308e+01
      vertex   -8.405751e+02 3.202634e+02 -4.815308e+01
      vertex   -8.277289e+02 3.196836e+02 -4.839328e+01
    endloop
  endfacet
  facet normal 1.278907e-06 -3.826834e-01 9.238795e-01
    outer loop
      vertex   -8.277289e+02 3.196836e+02 -4.839328e+01
      vertex   -8.405751e+02 3.202634e+02 -4.815308e+01
      vertex   -8.405751e+02 3.196835e+02 -4.839328e+01
    endloop
  endfacet
  facet normal 1.746162e-06 -5.224986e-01 8.526402e-01
    outer loop
      vertex   -8.277289e+02 3.196836e+02 -4.839328e+01
      vertex   -8.405751e+02 3.196835e+02 -4.839328e+01
      vertex   -8.277289e+02 3.191484e+02 -4.872124e+01
    endloop
  endfacet
  facet normal 1.746162e-06 -5.224986e-01 8.526402e-01
    outer loop
      vertex   -8.277289e+02 3.191484e+02 -4.872124e+01
      vertex   -8.405751e+02 3.196835e+02 -4.839328e+01
      vertex   -8.405751e+02 3.191483e+02 -4.872124e+01
    endloop
  endfacet
  facet normal 2.170420e-06 -6.494480e-01 7.604060e-01
    outer loop
      vertex   -8.277289e+02 3.191484e+02 -4.872124e+01
      vertex   -8.405751e+02 3.191483e+02 -4.872124e+01
      vertex   -8.277289e+02 3.186711e+02 -4.912888e+01
    endloop
  endfacet
  facet normal 2.170420e-06 -6.494480e-01 7.604060e-01
    outer loop
      vertex   -8.277289e+02 3.186711e+02 -4.912888e+01
      vertex   -8.405751e+02 3.191483e+02 -4.872124e+01
      vertex   -8.405751e+02 3.186711e+02 -4.912888e+01
    endloop
  endfacet
  facet normal 2.541235e-06 -7.604060e-01 6.494480e-01
    outer loop
      vertex   -8.277289e+02 3.186711e+02 -4.912888e+01
      vertex   -8.405751e+02 3.186711e+02 -4.912888e+01
      vertex   -8.277289e+02 3.182635e+02 -4.960616e+01
    endloop
  endfacet
  facet normal 2.541235e-06 -7.604060e-01 6.494480e-01
    outer loop
      vertex   -8.277289e+02 3.182635e+02 -4.960616e+01
      vertex   -8.405751e+02 3.186711e+02 -4.912888e+01
      vertex   -8.405750e+02 3.182634e+02 -4.960616e+01
    endloop
  endfacet
  facet normal 2.849477e-06 -8.526402e-01 5.224986e-01
    outer loop
      vertex   -8.277289e+02 3.182635e+02 -4.960616e+01
      vertex   -8.405750e+02 3.182634e+02 -4.960616e+01
      vertex   -8.277289e+02 3.179355e+02 -5.014134e+01
    endloop
  endfacet
  facet normal 2.849477e-06 -8.526402e-01 5.224986e-01
    outer loop
      vertex   -8.277289e+02 3.179355e+02 -5.014134e+01
      vertex   -8.405750e+02 3.182634e+02 -4.960616e+01
      vertex   -8.405750e+02 3.179355e+02 -5.014134e+01
    endloop
  endfacet
  facet normal 3.087555e-06 -9.238795e-01 3.826834e-01
    outer loop
      vertex   -8.277289e+02 3.179355e+02 -5.014134e+01
      vertex   -8.405750e+02 3.179355e+02 -5.014134e+01
      vertex   -8.277289e+02 3.176953e+02 -5.072124e+01
    endloop
  endfacet
  facet normal 3.087555e-06 -9.238795e-01 3.826834e-01
    outer loop
      vertex   -8.277289e+02 3.176953e+02 -5.072124e+01
      vertex   -8.405750e+02 3.179355e+02 -5.014134e+01
      vertex   -8.405750e+02 3.176953e+02 -5.072124e+01
    endloop
  endfacet
  facet normal 3.249607e-06 -9.723699e-01 2.334454e-01
    outer loop
      vertex   -8.277289e+02 3.176953e+02 -5.072124e+01
      vertex   -8.405750e+02 3.176953e+02 -5.072124e+01
      vertex   -8.277289e+02 3.175488e+02 -5.133157e+01
    endloop
  endfacet
  facet normal 2.384117e-07 -7.133918e-02 9.974521e-01
    outer loop
      vertex   -8.020366e+02 3.214996e+02 -4.795730e+01
      vertex   -9.690366e+02 3.214991e+02 -4.795730e+01
      vertex   -8.020366e+02 3.209304e+02 -4.799802e+01
    endloop
  endfacet
  facet normal -8.084536e-05 -9.500812e-02 9.954765e-01
    outer loop
      vertex   -8.020366e+02 3.209304e+02 -4.799802e+01
      vertex   -9.690366e+02 3.214991e+02 -4.795730e+01
      vertex   -8.405751e+02 3.208737e+02 -4.800655e+01
    endloop
  endfacet
  facet normal 7.801617e-07 -2.334454e-01 9.723699e-01
    outer loop
      vertex   -9.304981e+02 3.202631e+02 -4.815308e+01
      vertex   -9.433443e+02 3.208734e+02 -4.800655e+01
      vertex   -9.433443e+02 3.202631e+02 -4.815308e+01
    endloop
  endfacet
  facet normal 7.801617e-07 -2.334454e-01 9.723699e-01
    outer loop
      vertex   -9.433443e+02 3.202631e+02 -4.815308e+01
      vertex   -9.433443e+02 3.208734e+02 -4.800655e+01
      vertex   -9.561904e+02 3.208734e+02 -4.800655e+01
    endloop
  endfacet
  facet normal 2.622060e-07 -7.845910e-02 9.969173e-01
    outer loop
      vertex   -9.304981e+02 3.208734e+02 -4.800655e+01
      vertex   -9.176520e+02 3.208735e+02 -4.800655e+01
      vertex   -9.690366e+02 3.214991e+02 -4.795730e+01
    endloop
  endfacet
  facet normal 2.622060e-07 -7.845910e-02 9.969173e-01
    outer loop
      vertex   -9.690366e+02 3.214991e+02 -4.795730e+01
      vertex   -9.176520e+02 3.208735e+02 -4.800655e+01
      vertex   -9.048058e+02 3.208735e+02 -4.800655e+01
    endloop
  endfacet
  facet normal 2.622060e-07 -7.845910e-02 9.969173e-01
    outer loop
      vertex   -9.690366e+02 3.214991e+02 -4.795730e+01
      vertex   -9.048058e+02 3.208735e+02 -4.800655e+01
      vertex   -8.919597e+02 3.208736e+02 -4.800655e+01
    endloop
  endfacet
  facet normal 7.801617e-07 -2.334454e-01 9.723699e-01
    outer loop
      vertex   -8.919597e+02 3.208736e+02 -4.800655e+01
      vertex   -9.048058e+02 3.208735e+02 -4.800655e+01
      vertex   -8.919597e+02 3.202632e+02 -4.815308e+01
    endloop
  endfacet
  facet normal 7.801617e-07 -2.334454e-01 9.723699e-01
    outer loop
      vertex   -8.919597e+02 3.208736e+02 -4.800655e+01
      vertex   -8.919597e+02 3.202632e+02 -4.815308e+01
      vertex   -8.791135e+02 3.202633e+02 -4.815308e+01
    endloop
  endfacet
  facet normal 1.278907e-06 -3.826834e-01 9.238795e-01
    outer loop
      vertex   -8.791135e+02 3.202633e+02 -4.815308e+01
      vertex   -8.919597e+02 3.202632e+02 -4.815308e+01
      vertex   -8.791135e+02 3.196834e+02 -4.839328e+01
    endloop
  endfacet
  facet normal 1.278907e-06 -3.826834e-01 9.238795e-01
    outer loop
      vertex   -8.791135e+02 3.202633e+02 -4.815308e+01
      vertex   -8.791135e+02 3.196834e+02 -4.839328e+01
      vertex   -8.662674e+02 3.196834e+02 -4.839328e+01
    endloop
  endfacet
  facet normal 1.746162e-06 -5.224986e-01 8.526402e-01
    outer loop
      vertex   -8.662674e+02 3.196834e+02 -4.839328e+01
      vertex   -8.791135e+02 3.196834e+02 -4.839328e+01
      vertex   -8.662674e+02 3.191483e+02 -4.872124e+01
    endloop
  endfacet
  facet normal 1.746162e-06 -5.224986e-01 8.526402e-01
    outer loop
      vertex   -8.662674e+02 3.196834e+02 -4.839328e+01
      vertex   -8.662674e+02 3.191483e+02 -4.872124e+01
      vertex   -8.534212e+02 3.191483e+02 -4.872124e+01
    endloop
  endfacet
  facet normal 2.170420e-06 -6.494480e-01 7.604060e-01
    outer loop
      vertex   -8.534212e+02 3.191483e+02 -4.872124e+01
      vertex   -8.662674e+02 3.191483e+02 -4.872124e+01
      vertex   -8.534212e+02 3.186710e+02 -4.912888e+01
    endloop
  endfacet
  facet normal 2.170420e-06 -6.494480e-01 7.604060e-01
    outer loop
      vertex   -8.534212e+02 3.191483e+02 -4.872124e+01
      vertex   -8.534212e+02 3.186710e+02 -4.912888e+01
      vertex   -8.405751e+02 3.186711e+02 -4.912888e+01
    endloop
  endfacet
  facet normal 2.541235e-06 -7.604060e-01 6.494480e-01
    outer loop
      vertex   -8.405751e+02 3.186711e+02 -4.912888e+01
      vertex   -8.534212e+02 3.186710e+02 -4.912888e+01
      vertex   -8.405750e+02 3.182634e+02 -4.960616e+01
    endloop
  endfacet
  facet normal 7.801617e-07 -2.334454e-01 9.723699e-01
    outer loop
      vertex   -9.304981e+02 3.208734e+02 -4.800655e+01
      vertex   -9.176520e+02 3.202632e+02 -4.815308e+01
      vertex   -9.176520e+02 3.208735e+02 -4.800655e+01
    endloop
  endfacet
  facet normal 7.801617e-07 -2.334454e-01 9.723699e-01
    outer loop
      vertex   -9.176520e+02 3.208735e+02 -4.800655e+01
      vertex   -9.176520e+02 3.202632e+02 -4.815308e+01
      vertex   -9.048058e+02 3.202632e+02 -4.815308e+01
    endloop
  endfacet
  facet normal 7.801617e-07 -2.334454e-01 9.723699e-01
    outer loop
      vertex   -9.176520e+02 3.208735e+02 -4.800655e+01
      vertex   -9.048058e+02 3.202632e+02 -4.815308e+01
      vertex   -9.048058e+02 3.208735e+02 -4.800655e+01
    endloop
  endfacet
  facet normal 7.801617e-07 -2.334454e-01 9.723699e-01
    outer loop
      vertex   -9.048058e+02 3.208735e+02 -4.800655e+01
      vertex   -9.048058e+02 3.202632e+02 -4.815308e+01
      vertex   -8.919597e+02 3.202632e+02 -4.815308e+01
    endloop
  endfacet
  facet normal 2.622060e-07 -7.845910e-02 9.969173e-01
    outer loop
      vertex   -8.919597e+02 3.208736e+02 -4.800655e+01
      vertex   -8.791135e+02 3.208736e+02 -4.800655e+01
      vertex   -9.690366e+02 3.214991e+02 -4.795730e+01
    endloop
  endfacet
  facet normal 2.622060e-07 -7.845910e-02 9.969173e-01
    outer loop
      vertex   -9.690366e+02 3.214991e+02 -4.795730e+01
      vertex   -8.791135e+02 3.208736e+02 -4.800655e+01
      vertex   -8.662674e+02 3.208737e+02 -4.800655e+01
    endloop
  endfacet
  facet normal 2.622060e-07 -7.845910e-02 9.969173e-01
    outer loop
      vertex   -9.690366e+02 3.214991e+02 -4.795730e+01
      vertex   -8.662674e+02 3.208737e+02 -4.800655e+01
      vertex   -8.534212e+02 3.208737e+02 -4.800655e+01
    endloop
  endfacet
  facet normal 7.801617e-07 -2.334454e-01 9.723699e-01
    outer loop
      vertex   -8.534212e+02 3.208737e+02 -4.800655e+01
      vertex   -8.662674e+02 3.208737e+02 -4.800655e+01
      vertex   -8.534212e+02 3.202634e+02 -4.815308e+01
    endloop
  endfacet
  facet normal 7.801617e-07 -2.334454e-01 9.723699e-01
    outer loop
      vertex   -8.534212e+02 3.208737e+02 -4.800655e+01
      vertex   -8.534212e+02 3.202634e+02 -4.815308e+01
      vertex   -8.405751e+02 3.202634e+02 -4.815308e+01
    endloop
  endfacet
  facet normal 1.278907e-06 -3.826834e-01 9.238795e-01
    outer loop
      vertex   -8.405751e+02 3.202634e+02 -4.815308e+01
      vertex   -8.534212e+02 3.202634e+02 -4.815308e+01
      vertex   -8.405751e+02 3.196835e+02 -4.839328e+01
    endloop
  endfacet
  facet normal 7.801617e-07 -2.334454e-01 9.723699e-01
    outer loop
      vertex   -8.919597e+02 3.208736e+02 -4.800655e+01
      vertex   -8.791135e+02 3.202633e+02 -4.815308e+01
      vertex   -8.791135e+02 3.208736e+02 -4.800655e+01
    endloop
  endfacet
  facet normal 7.801617e-07 -2.334454e-01 9.723699e-01
    outer loop
      vertex   -8.791135e+02 3.208736e+02 -4.800655e+01
      vertex   -8.791135e+02 3.202633e+02 -4.815308e+01
      vertex   -8.662674e+02 3.202633e+02 -4.815308e+01
    endloop
  endfacet
  facet normal 7.801617e-07 -2.334454e-01 9.723699e-01
    outer loop
      vertex   -8.791135e+02 3.208736e+02 -4.800655e+01
      vertex   -8.662674e+02 3.202633e+02 -4.815308e+01
      vertex   -8.662674e+02 3.208737e+02 -4.800655e+01
    endloop
  endfacet
  facet normal 7.801617e-07 -2.334454e-01 9.723699e-01
    outer loop
      vertex   -8.662674e+02 3.208737e+02 -4.800655e+01
      vertex   -8.662674e+02 3.202633e+02 -4.815308e+01
      vertex   -8.534212e+02 3.202634e+02 -4.815308e+01
    endloop
  endfacet
  facet normal 2.622060e-07 -7.845910e-02 9.969173e-01
    outer loop
      vertex   -8.405751e+02 3.208737e+02 -4.800655e+01
      vertex   -9.690366e+02 3.214991e+02 -4.795730e+01
      vertex   -8.534212e+02 3.208737e+02 -4.800655e+01
    endloop
  endfacet
  facet normal 7.801617e-07 -2.334454e-01 9.723699e-01
    outer loop
      vertex   -8.405751e+02 3.202634e+02 -4.815308e+01
      vertex   -8.405751e+02 3.208737e+02 -4.800655e+01
      vertex   -8.534212e+02 3.208737e+02 -4.800655e+01
    endloop
  endfacet
  facet normal 7.801617e-07 -2.334454e-01 9.723699e-01
    outer loop
      vertex   -8.148827e+02 3.202635e+02 -4.815308e+01
      vertex   -8.148827e+02 3.208738e+02 -4.800655e+01
      vertex   -8.277289e+02 3.208738e+02 -4.800655e+01
    endloop
  endfacet
  facet normal 7.801617e-07 -2.334454e-01 9.723699e-01
    outer loop
      vertex   -8.148827e+02 3.202635e+02 -4.815308e+01
      vertex   -8.277289e+02 3.208738e+02 -4.800655e+01
      vertex   -8.277289e+02 3.202635e+02 -4.815308e+01
    endloop
  endfacet
  facet normal 1.278907e-06 -3.826834e-01 9.238795e-01
    outer loop
      vertex   -9.176520e+02 3.196833e+02 -4.839328e+01
      vertex   -9.304981e+02 3.202631e+02 -4.815308e+01
      vertex   -9.304981e+02 3.196832e+02 -4.839328e+01
    endloop
  endfacet
  facet normal 1.278907e-06 -3.826834e-01 9.238795e-01
    outer loop
      vertex   -9.304981e+02 3.196832e+02 -4.839328e+01
      vertex   -9.304981e+02 3.202631e+02 -4.815308e+01
      vertex   -9.433443e+02 3.202631e+02 -4.815308e+01
    endloop
  endfacet
  facet normal 1.278907e-06 -3.826834e-01 9.238795e-01
    outer loop
      vertex   -9.176520e+02 3.202632e+02 -4.815308e+01
      vertex   -9.048058e+02 3.196833e+02 -4.839328e+01
      vertex   -9.048058e+02 3.202632e+02 -4.815308e+01
    endloop
  endfacet
  facet normal 1.278907e-06 -3.826834e-01 9.238795e-01
    outer loop
      vertex   -9.048058e+02 3.202632e+02 -4.815308e+01
      vertex   -9.048058e+02 3.196833e+02 -4.839328e+01
      vertex   -8.919597e+02 3.196834e+02 -4.839328e+01
    endloop
  endfacet
  facet normal 1.278907e-06 -3.826834e-01 9.238795e-01
    outer loop
      vertex   -9.048058e+02 3.202632e+02 -4.815308e+01
      vertex   -8.919597e+02 3.196834e+02 -4.839328e+01
      vertex   -8.919597e+02 3.202632e+02 -4.815308e+01
    endloop
  endfacet
  facet normal 1.278907e-06 -3.826834e-01 9.238795e-01
    outer loop
      vertex   -8.919597e+02 3.202632e+02 -4.815308e+01
      vertex   -8.919597e+02 3.196834e+02 -4.839328e+01
      vertex   -8.791135e+02 3.196834e+02 -4.839328e+01
    endloop
  endfacet
  facet normal 1.278907e-06 -3.826834e-01 9.238795e-01
    outer loop
      vertex   -8.791135e+02 3.202633e+02 -4.815308e+01
      vertex   -8.662674e+02 3.196834e+02 -4.839328e+01
      vertex   -8.662674e+02 3.202633e+02 -4.815308e+01
    endloop
  endfacet
  facet normal 1.278907e-06 -3.826834e-01 9.238795e-01
    outer loop
      vertex   -8.662674e+02 3.202633e+02 -4.815308e+01
      vertex   -8.662674e+02 3.196834e+02 -4.839328e+01
      vertex   -8.534212e+02 3.196835e+02 -4.839328e+01
    endloop
  endfacet
  facet normal 1.278907e-06 -3.826834e-01 9.238795e-01
    outer loop
      vertex   -8.662674e+02 3.202633e+02 -4.815308e+01
      vertex   -8.534212e+02 3.196835e+02 -4.839328e+01
      vertex   -8.534212e+02 3.202634e+02 -4.815308e+01
    endloop
  endfacet
  facet normal 1.278907e-06 -3.826834e-01 9.238795e-01
    outer loop
      vertex   -8.534212e+02 3.202634e+02 -4.815308e+01
      vertex   -8.534212e+02 3.196835e+02 -4.839328e+01
      vertex   -8.405751e+02 3.196835e+02 -4.839328e+01
    endloop
  endfacet
  facet normal 1.278907e-06 -3.826834e-01 9.238795e-01
    outer loop
      vertex   -8.148827e+02 3.196836e+02 -4.839328e+01
      vertex   -8.148827e+02 3.202635e+02 -4.815308e+01
      vertex   -8.277289e+02 3.202635e+02 -4.815308e+01
    endloop
  endfacet
  facet normal 1.278907e-06 -3.826834e-01 9.238795e-01
    outer loop
      vertex   -8.148827e+02 3.196836e+02 -4.839328e+01
      vertex   -8.277289e+02 3.202635e+02 -4.815308e+01
      vertex   -8.277289e+02 3.196836e+02 -4.839328e+01
    endloop
  endfacet
  facet normal 1.746162e-06 -5.224986e-01 8.526402e-01
    outer loop
      vertex   -9.048058e+02 3.191481e+02 -4.872124e+01
      vertex   -9.176520e+02 3.196833e+02 -4.839328e+01
      vertex   -9.176520e+02 3.191481e+02 -4.872124e+01
    endloop
  endfacet
  facet normal 1.746162e-06 -5.224986e-01 8.526402e-01
    outer loop
      vertex   -9.176520e+02 3.191481e+02 -4.872124e+01
      vertex   -9.176520e+02 3.196833e+02 -4.839328e+01
      vertex   -9.304981e+02 3.196832e+02 -4.839328e+01
    endloop
  endfacet
  facet normal 1.746162e-06 -5.224986e-01 8.526402e-01
    outer loop
      vertex   -9.048058e+02 3.196833e+02 -4.839328e+01
      vertex   -8.919597e+02 3.191482e+02 -4.872124e+01
      vertex   -8.919597e+02 3.196834e+02 -4.839328e+01
    endloop
  endfacet
  facet normal 1.746162e-06 -5.224986e-01 8.526402e-01
    outer loop
      vertex   -8.919597e+02 3.196834e+02 -4.839328e+01
      vertex   -8.919597e+02 3.191482e+02 -4.872124e+01
      vertex   -8.791135e+02 3.191482e+02 -4.872124e+01
    endloop
  endfacet
  facet normal 1.746162e-06 -5.224986e-01 8.526402e-01
    outer loop
      vertex   -8.919597e+02 3.196834e+02 -4.839328e+01
      vertex   -8.791135e+02 3.191482e+02 -4.872124e+01
      vertex   -8.791135e+02 3.196834e+02 -4.839328e+01
    endloop
  endfacet
  facet normal 1.746162e-06 -5.224986e-01 8.526402e-01
    outer loop
      vertex   -8.791135e+02 3.196834e+02 -4.839328e+01
      vertex   -8.791135e+02 3.191482e+02 -4.872124e+01
      vertex   -8.662674e+02 3.191483e+02 -4.872124e+01
    endloop
  endfacet
  facet normal 1.746162e-06 -5.224986e-01 8.526402e-01
    outer loop
      vertex   -8.405751e+02 3.191483e+02 -4.872124e+01
      vertex   -8.405751e+02 3.196835e+02 -4.839328e+01
      vertex   -8.534212e+02 3.196835e+02 -4.839328e+01
    endloop
  endfacet
  facet normal 1.746162e-06 -5.224986e-01 8.526402e-01
    outer loop
      vertex   -8.405751e+02 3.191483e+02 -4.872124e+01
      vertex   -8.534212e+02 3.196835e+02 -4.839328e+01
      vertex   -8.534212e+02 3.191483e+02 -4.872124e+01
    endloop
  endfacet
  facet normal 1.746162e-06 -5.224986e-01 8.526402e-01
    outer loop
      vertex   -8.534212e+02 3.191483e+02 -4.872124e+01
      vertex   -8.534212e+02 3.196835e+02 -4.839328e+01
      vertex   -8.662674e+02 3.196834e+02 -4.839328e+01
    endloop
  endfacet
  facet normal 1.746162e-06 -5.224986e-01 8.526402e-01
    outer loop
      vertex   -8.148827e+02 3.191484e+02 -4.872124e+01
      vertex   -8.148827e+02 3.196836e+02 -4.839328e+01
      vertex   -8.277289e+02 3.196836e+02 -4.839328e+01
    endloop
  endfacet
  facet normal 1.746162e-06 -5.224986e-01 8.526402e-01
    outer loop
      vertex   -8.148827e+02 3.191484e+02 -4.872124e+01
      vertex   -8.277289e+02 3.196836e+02 -4.839328e+01
      vertex   -8.277289e+02 3.191484e+02 -4.872124e+01
    endloop
  endfacet
  facet normal 2.170420e-06 -6.494480e-01 7.604060e-01
    outer loop
      vertex   -8.919597e+02 3.186709e+02 -4.912888e+01
      vertex   -9.048058e+02 3.191481e+02 -4.872124e+01
      vertex   -9.048058e+02 3.186708e+02 -4.912888e+01
    endloop
  endfacet
  facet normal 2.170420e-06 -6.494480e-01 7.604060e-01
    outer loop
      vertex   -9.048058e+02 3.186708e+02 -4.912888e+01
      vertex   -9.048058e+02 3.191481e+02 -4.872124e+01
      vertex   -9.176520e+02 3.191481e+02 -4.872124e+01
    endloop
  endfacet
  facet normal 2.170420e-06 -6.494480e-01 7.604060e-01
    outer loop
      vertex   -8.919597e+02 3.191482e+02 -4.872124e+01
      vertex   -8.791135e+02 3.186709e+02 -4.912888e+01
      vertex   -8.791135e+02 3.191482e+02 -4.872124e+01
    endloop
  endfacet
  facet normal 2.170420e-06 -6.494480e-01 7.604060e-01
    outer loop
      vertex   -8.791135e+02 3.191482e+02 -4.872124e+01
      vertex   -8.791135e+02 3.186709e+02 -4.912888e+01
      vertex   -8.662674e+02 3.186710e+02 -4.912888e+01
    endloop
  endfacet
  facet normal 2.170420e-06 -6.494480e-01 7.604060e-01
    outer loop
      vertex   -8.791135e+02 3.191482e+02 -4.872124e+01
      vertex   -8.662674e+02 3.186710e+02 -4.912888e+01
      vertex   -8.662674e+02 3.191483e+02 -4.872124e+01
    endloop
  endfacet
  facet normal 2.170420e-06 -6.494480e-01 7.604060e-01
    outer loop
      vertex   -8.662674e+02 3.191483e+02 -4.872124e+01
      vertex   -8.662674e+02 3.186710e+02 -4.912888e+01
      vertex   -8.534212e+02 3.186710e+02 -4.912888e+01
    endloop
  endfacet
  facet normal 2.170420e-06 -6.494480e-01 7.604060e-01
    outer loop
      vertex   -8.405751e+02 3.186711e+02 -4.912888e+01
      vertex   -8.405751e+02 3.191483e+02 -4.872124e+01
      vertex   -8.534212e+02 3.191483e+02 -4.872124e+01
    endloop
  endfacet
  facet normal 2.170420e-06 -6.494480e-01 7.604060e-01
    outer loop
      vertex   -8.148827e+02 3.186711e+02 -4.912888e+01
      vertex   -8.148827e+02 3.191484e+02 -4.872124e+01
      vertex   -8.277289e+02 3.191484e+02 -4.872124e+01
    endloop
  endfacet
  facet normal 2.170420e-06 -6.494480e-01 7.604060e-01
    outer loop
      vertex   -8.148827e+02 3.186711e+02 -4.912888e+01
      vertex   -8.277289e+02 3.191484e+02 -4.872124e+01
      vertex   -8.277289e+02 3.186711e+02 -4.912888e+01
    endloop
  endfacet
  facet normal 2.541235e-06 -7.604060e-01 6.494480e-01
    outer loop
      vertex   -8.791135e+02 3.182633e+02 -4.960616e+01
      vertex   -8.919597e+02 3.186709e+02 -4.912888e+01
      vertex   -8.919597e+02 3.182632e+02 -4.960616e+01
    endloop
  endfacet
  facet normal 2.541235e-06 -7.604060e-01 6.494480e-01
    outer loop
      vertex   -8.919597e+02 3.182632e+02 -4.960616e+01
      vertex   -8.919597e+02 3.186709e+02 -4.912888e+01
      vertex   -9.048058e+02 3.186708e+02 -4.912888e+01
    endloop
  endfacet
  facet normal 2.541235e-06 -7.604060e-01 6.494480e-01
    outer loop
      vertex   -8.791135e+02 3.186709e+02 -4.912888e+01
      vertex   -8.662674e+02 3.182633e+02 -4.960616e+01
      vertex   -8.662674e+02 3.186710e+02 -4.912888e+01
    endloop
  endfacet
  facet normal 2.541235e-06 -7.604060e-01 6.494480e-01
    outer loop
      vertex   -8.662674e+02 3.186710e+02 -4.912888e+01
      vertex   -8.662674e+02 3.182633e+02 -4.960616e+01
      vertex   -8.534212e+02 3.182634e+02 -4.960616e+01
    endloop
  endfacet
  facet normal 2.541235e-06 -7.604060e-01 6.494480e-01
    outer loop
      vertex   -8.662674e+02 3.186710e+02 -4.912888e+01
      vertex   -8.534212e+02 3.182634e+02 -4.960616e+01
      vertex   -8.534212e+02 3.186710e+02 -4.912888e+01
    endloop
  endfacet
  facet normal 2.541235e-06 -7.604060e-01 6.494480e-01
    outer loop
      vertex   -8.534212e+02 3.186710e+02 -4.912888e+01
      vertex   -8.534212e+02 3.182634e+02 -4.960616e+01
      vertex   -8.405750e+02 3.182634e+02 -4.960616e+01
    endloop
  endfacet
  facet normal 2.541235e-06 -7.604060e-01 6.494480e-01
    outer loop
      vertex   -8.148827e+02 3.182635e+02 -4.960616e+01
      vertex   -8.148827e+02 3.186711e+02 -4.912888e+01
      vertex   -8.277289e+02 3.186711e+02 -4.912888e+01
    endloop
  endfacet
  facet normal 2.541235e-06 -7.604060e-01 6.494480e-01
    outer loop
      vertex   -8.148827e+02 3.182635e+02 -4.960616e+01
      vertex   -8.277289e+02 3.186711e+02 -4.912888e+01
      vertex   -8.277289e+02 3.182635e+02 -4.960616e+01
    endloop
  endfacet
  facet normal 2.849477e-06 -8.526402e-01 5.224986e-01
    outer loop
      vertex   -8.662674e+02 3.179354e+02 -5.014134e+01
      vertex   -8.791135e+02 3.182633e+02 -4.960616e+01
      vertex   -8.791135e+02 3.179353e+02 -5.014134e+01
    endloop
  endfacet
  facet normal 2.849477e-06 -8.526402e-01 5.224986e-01
    outer loop
      vertex   -8.791135e+02 3.179353e+02 -5.014134e+01
      vertex   -8.791135e+02 3.182633e+02 -4.960616e+01
      vertex   -8.919597e+02 3.182632e+02 -4.960616e+01
    endloop
  endfacet
  facet normal 2.849477e-06 -8.526402e-01 5.224986e-01
    outer loop
      vertex   -8.405750e+02 3.179355e+02 -5.014134e+01
      vertex   -8.405750e+02 3.182634e+02 -4.960616e+01
      vertex   -8.534212e+02 3.182634e+02 -4.960616e+01
    endloop
  endfacet
  facet normal 2.849477e-06 -8.526402e-01 5.224986e-01
    outer loop
      vertex   -8.405750e+02 3.179355e+02 -5.014134e+01
      vertex   -8.534212e+02 3.182634e+02 -4.960616e+01
      vertex   -8.534212e+02 3.179354e+02 -5.014134e+01
    endloop
  endfacet
  facet normal 2.849477e-06 -8.526402e-01 5.224986e-01
    outer loop
      vertex   -8.534212e+02 3.179354e+02 -5.014134e+01
      vertex   -8.534212e+02 3.182634e+02 -4.960616e+01
      vertex   -8.662674e+02 3.182633e+02 -4.960616e+01
    endloop
  endfacet
  facet normal 2.849477e-06 -8.526402e-01 5.224986e-01
    outer loop
      vertex   -8.148827e+02 3.179355e+02 -5.014134e+01
      vertex   -8.148827e+02 3.182635e+02 -4.960616e+01
      vertex   -8.277289e+02 3.182635e+02 -4.960616e+01
    endloop
  endfacet
  facet normal 2.849477e-06 -8.526402e-01 5.224986e-01
    outer loop
      vertex   -8.148827e+02 3.179355e+02 -5.014134e+01
      vertex   -8.277289e+02 3.182635e+02 -4.960616e+01
      vertex   -8.277289e+02 3.179355e+02 -5.014134e+01
    endloop
  endfacet
  facet normal 3.087555e-06 -9.238795e-01 3.826834e-01
    outer loop
      vertex   -8.534212e+02 3.176952e+02 -5.072124e+01
      vertex   -8.662674e+02 3.179354e+02 -5.014134e+01
      vertex   -8.662674e+02 3.176952e+02 -5.072124e+01
    endloop
  endfacet
  facet normal 3.087555e-06 -9.238795e-01 3.826834e-01
    outer loop
      vertex   -8.662674e+02 3.176952e+02 -5.072124e+01
      vertex   -8.662674e+02 3.179354e+02 -5.014134e+01
      vertex   -8.791135e+02 3.179353e+02 -5.014134e+01
    endloop
  endfacet
  facet normal 3.087555e-06 -9.238795e-01 3.826834e-01
    outer loop
      vertex   -8.405750e+02 3.176953e+02 -5.072124e+01
      vertex   -8.405750e+02 3.179355e+02 -5.014134e+01
      vertex   -8.534212e+02 3.179354e+02 -5.014134e+01
    endloop
  endfacet
  facet normal 3.087555e-06 -9.238795e-01 3.826834e-01
    outer loop
      vertex   -8.148827e+02 3.176953e+02 -5.072124e+01
      vertex   -8.148827e+02 3.179355e+02 -5.014134e+01
      vertex   -8.277289e+02 3.179355e+02 -5.014134e+01
    endloop
  endfacet
  facet normal 3.087555e-06 -9.238795e-01 3.826834e-01
    outer loop
      vertex   -8.148827e+02 3.176953e+02 -5.072124e+01
      vertex   -8.277289e+02 3.179355e+02 -5.014134e+01
      vertex   -8.277289e+02 3.176953e+02 -5.072124e+01
    endloop
  endfacet
  facet normal 3.249607e-06 -9.723699e-01 2.334454e-01
    outer loop
      vertex   -8.405750e+02 3.175487e+02 -5.133157e+01
      vertex   -8.534212e+02 3.176952e+02 -5.072124e+01
      vertex   -8.534212e+02 3.175487e+02 -5.133157e+01
    endloop
  endfacet
  facet normal 3.249607e-06 -9.723699e-01 2.334454e-01
    outer loop
      vertex   -8.534212e+02 3.175487e+02 -5.133157e+01
      vertex   -8.534212e+02 3.176952e+02 -5.072124e+01
      vertex   -8.662674e+02 3.176952e+02 -5.072124e+01
    endloop
  endfacet
  facet normal 3.249607e-06 -9.723699e-01 2.334454e-01
    outer loop
      vertex   -8.148827e+02 3.175488e+02 -5.133157e+01
      vertex   -8.148827e+02 3.176953e+02 -5.072124e+01
      vertex   -8.277289e+02 3.176953e+02 -5.072124e+01
    endloop
  endfacet
  facet normal 3.249607e-06 -9.723699e-01 2.334454e-01
    outer loop
      vertex   -8.148827e+02 3.175488e+02 -5.133157e+01
      vertex   -8.277289e+02 3.176953e+02 -5.072124e+01
      vertex   -8.277289e+02 3.175488e+02 -5.133157e+01
    endloop
  endfacet
  facet normal 7.133746e-02 6.912561e-03 9.974283e-01
    outer loop
      vertex   -8.014673e+02 3.214996e+02 -4.799802e+01
      vertex   -8.020366e+02 3.214996e+02 -4.795730e+01
      vertex   -8.014922e+02 3.214073e+02 -4.799560e+01
    endloop
  endfacet
  facet normal 5.797270e-02 -7.121901e-02 9.957746e-01
    outer loop
      vertex   -8.014922e+02 3.214073e+02 -4.799560e+01
      vertex   -8.020366e+02 3.214996e+02 -4.795730e+01
      vertex   -8.020366e+02 3.209304e+02 -4.799802e+01
    endloop
  endfacet
  facet normal 6.322790e-02 -7.721381e-02 9.950077e-01
    outer loop
      vertex   -8.014922e+02 3.214073e+02 -4.799560e+01
      vertex   -8.020366e+02 3.209304e+02 -4.799802e+01
      vertex   -8.017414e+02 3.208327e+02 -4.802435e+01
    endloop
  endfacet
  facet normal 1.686701e-02 -2.125350e-01 9.770079e-01
    outer loop
      vertex   -8.017414e+02 3.208327e+02 -4.802435e+01
      vertex   -8.020366e+02 3.209304e+02 -4.799802e+01
      vertex   -8.020366e+02 3.203727e+02 -4.811933e+01
    endloop
  endfacet
  facet normal 9.563305e-02 -2.597630e-01 9.609253e-01
    outer loop
      vertex   -8.017414e+02 3.208327e+02 -4.802435e+01
      vertex   -8.020366e+02 3.203727e+02 -4.811933e+01
      vertex   -8.019978e+02 3.202745e+02 -4.814973e+01
    endloop
  endfacet
  facet normal -1.485785e-01 -3.455858e-01 9.265500e-01
    outer loop
      vertex   -8.019978e+02 3.202745e+02 -4.814973e+01
      vertex   -8.020366e+02 3.203727e+02 -4.811933e+01
      vertex   -8.020366e+02 3.198380e+02 -4.831878e+01
    endloop
  endfacet
  facet normal 6.198562e-02 -3.651869e-01 9.288683e-01
    outer loop
      vertex   -8.019978e+02 3.202745e+02 -4.814973e+01
      vertex   -8.020366e+02 3.198380e+02 -4.831878e+01
      vertex   -8.014625e+02 3.200658e+02 -4.826753e+01
    endloop
  endfacet
  facet normal 8.417008e-02 -4.158446e-01 9.055323e-01
    outer loop
      vertex   -8.014625e+02 3.200658e+02 -4.826753e+01
      vertex   -8.020366e+02 3.198380e+02 -4.831878e+01
      vertex   -8.017154e+02 3.195359e+02 -4.848736e+01
    endloop
  endfacet
  facet normal 1.785385e-01 -4.485315e-01 8.757531e-01
    outer loop
      vertex   -8.014625e+02 3.200658e+02 -4.826753e+01
      vertex   -8.017154e+02 3.195359e+02 -4.848736e+01
      vertex   -8.011855e+02 3.193679e+02 -4.868141e+01
    endloop
  endfacet
  facet normal 1.144476e-01 -5.749562e-01 8.101402e-01
    outer loop
      vertex   -8.011855e+02 3.193679e+02 -4.868141e+01
      vertex   -8.017154e+02 3.195359e+02 -4.848736e+01
      vertex   -8.014530e+02 3.188884e+02 -4.898396e+01
    endloop
  endfacet
  facet normal 2.445210e-01 -6.112710e-01 7.527000e-01
    outer loop
      vertex   -8.011855e+02 3.193679e+02 -4.868141e+01
      vertex   -8.014530e+02 3.188884e+02 -4.898396e+01
      vertex   -8.006734e+02 3.192450e+02 -4.894762e+01
    endloop
  endfacet
  facet normal 2.445210e-01 -6.112710e-01 7.527000e-01
    outer loop
      vertex   -8.006734e+02 3.192450e+02 -4.894762e+01
      vertex   -8.014530e+02 3.188884e+02 -4.898396e+01
      vertex   -8.009483e+02 3.187672e+02 -4.924633e+01
    endloop
  endfacet
  facet normal 3.686013e-01 -6.359615e-01 6.780015e-01
    outer loop
      vertex   -8.006734e+02 3.192450e+02 -4.894762e+01
      vertex   -8.009483e+02 3.187672e+02 -4.924633e+01
      vertex   -8.001914e+02 3.191701e+02 -4.927985e+01
    endloop
  endfacet
  facet normal 3.686013e-01 -6.359615e-01 6.780015e-01
    outer loop
      vertex   -8.001914e+02 3.191701e+02 -4.927985e+01
      vertex   -8.009483e+02 3.187672e+02 -4.924633e+01
      vertex   -8.004733e+02 3.186934e+02 -4.957375e+01
    endloop
  endfacet
  facet normal 4.838399e-01 -6.484424e-01 5.877257e-01
    outer loop
      vertex   -8.001914e+02 3.191701e+02 -4.927985e+01
      vertex   -8.004733e+02 3.186934e+02 -4.957375e+01
      vertex   -7.997501e+02 3.191450e+02 -4.967086e+01
    endloop
  endfacet
  facet normal 4.838399e-01 -6.484424e-01 5.877257e-01
    outer loop
      vertex   -7.997501e+02 3.191450e+02 -4.967086e+01
      vertex   -8.004733e+02 3.186934e+02 -4.957375e+01
      vertex   -8.000384e+02 3.186686e+02 -4.995910e+01
    endloop
  endfacet
  facet normal 5.877278e-01 -6.484420e-01 4.838377e-01
    outer loop
      vertex   -7.997501e+02 3.191450e+02 -4.967086e+01
      vertex   -8.000384e+02 3.186686e+02 -4.995910e+01
      vertex   -7.993591e+02 3.191701e+02 -5.011213e+01
    endloop
  endfacet
  facet normal 5.877278e-01 -6.484420e-01 4.838377e-01
    outer loop
      vertex   -7.993591e+02 3.191701e+02 -5.011213e+01
      vertex   -8.000384e+02 3.186686e+02 -4.995910e+01
      vertex   -7.996530e+02 3.186934e+02 -5.039400e+01
    endloop
  endfacet
  facet normal 6.780037e-01 -6.359604e-01 3.685992e-01
    outer loop
      vertex   -7.993591e+02 3.191701e+02 -5.011213e+01
      vertex   -7.996530e+02 3.186934e+02 -5.039400e+01
      vertex   -7.990269e+02 3.192450e+02 -5.059408e+01
    endloop
  endfacet
  facet normal 6.780037e-01 -6.359604e-01 3.685992e-01
    outer loop
      vertex   -7.990269e+02 3.192450e+02 -5.059408e+01
      vertex   -7.996530e+02 3.186934e+02 -5.039400e+01
      vertex   -7.993256e+02 3.187672e+02 -5.086898e+01
    endloop
  endfacet
  facet normal 7.527020e-01 -6.112693e-01 2.445189e-01
    outer loop
      vertex   -7.990269e+02 3.192450e+02 -5.059408e+01
      vertex   -7.993256e+02 3.187672e+02 -5.086898e+01
      vertex   -7.987607e+02 3.193679e+02 -5.110619e+01
    endloop
  endfacet
  facet normal 7.527020e-01 -6.112693e-01 2.445189e-01
    outer loop
      vertex   -7.987607e+02 3.193679e+02 -5.110619e+01
      vertex   -7.993256e+02 3.187672e+02 -5.086898e+01
      vertex   -7.990632e+02 3.188884e+02 -5.137369e+01
    endloop
  endfacet
  facet normal 8.101421e-01 -5.749539e-01 1.144456e-01
    outer loop
      vertex   -7.987607e+02 3.193679e+02 -5.110619e+01
      vertex   -7.990632e+02 3.188884e+02 -5.137369e+01
      vertex   -7.985666e+02 3.195359e+02 -5.163613e+01
    endloop
  endfacet
  facet normal 8.101257e-01 -5.750115e-01 1.142723e-01
    outer loop
      vertex   -7.985666e+02 3.195359e+02 -5.163613e+01
      vertex   -7.990632e+02 3.188884e+02 -5.137369e+01
      vertex   -7.988717e+02 3.190542e+02 -5.189693e+01
    endloop
  endfacet
  facet normal 8.216737e-01 -5.642018e-01 8.080004e-02
    outer loop
      vertex   -7.985666e+02 3.195359e+02 -5.163613e+01
      vertex   -7.988717e+02 3.190542e+02 -5.189693e+01
      vertex   -7.986716e+02 3.193371e+02 -5.195730e+01
    endloop
  endfacet
  facet normal 7.912704e-01 -5.923335e-01 -1.517635e-01
    outer loop
      vertex   -7.986716e+02 3.193371e+02 -5.195730e+01
      vertex   -7.988717e+02 3.190542e+02 -5.189693e+01
      vertex   -7.990136e+02 3.188802e+02 -5.195730e+01
    endloop
  endfacet
  facet normal 7.603256e-01 -6.453417e-01 7.375021e-02
    outer loop
      vertex   -7.990136e+02 3.188802e+02 -5.195730e+01
      vertex   -7.988717e+02 3.190542e+02 -5.189693e+01
      vertex   -7.990632e+02 3.188884e+02 -5.137369e+01
    endloop
  endfacet
  facet normal 7.155909e-01 -6.949386e-01 7.063996e-02
    outer loop
      vertex   -7.990136e+02 3.188802e+02 -5.195730e+01
      vertex   -7.990632e+02 3.188884e+02 -5.137369e+01
      vertex   -7.994388e+02 3.184730e+02 -5.165552e+01
    endloop
  endfacet
  facet normal 6.687655e-01 -7.227992e-01 1.741094e-01
    outer loop
      vertex   -7.994388e+02 3.184730e+02 -5.165552e+01
      vertex   -7.990632e+02 3.188884e+02 -5.137369e+01
      vertex   -7.996909e+02 3.183565e+02 -5.117062e+01
    endloop
  endfacet
  facet normal 5.684395e-01 -8.166967e-01 9.941344e-02
    outer loop
      vertex   -7.994388e+02 3.184730e+02 -5.165552e+01
      vertex   -7.996909e+02 3.183565e+02 -5.117062e+01
      vertex   -8.001138e+02 3.180231e+02 -5.149158e+01
    endloop
  endfacet
  facet normal 4.994969e-01 -8.394853e-01 2.139327e-01
    outer loop
      vertex   -8.001138e+02 3.180231e+02 -5.149158e+01
      vertex   -7.996909e+02 3.183565e+02 -5.117062e+01
      vertex   -8.004078e+02 3.179569e+02 -5.106509e+01
    endloop
  endfacet
  facet normal 3.906497e-01 -9.116401e-01 1.276914e-01
    outer loop
      vertex   -8.001138e+02 3.180231e+02 -5.149158e+01
      vertex   -8.004078e+02 3.179569e+02 -5.106509e+01
      vertex   -8.008502e+02 3.177151e+02 -5.143782e+01
    endloop
  endfacet
  facet normal 3.139260e-01 -9.222480e-01 2.256304e-01
    outer loop
      vertex   -8.008502e+02 3.177151e+02 -5.143782e+01
      vertex   -8.004078e+02 3.179569e+02 -5.106509e+01
      vertex   -8.011635e+02 3.176949e+02 -5.108424e+01
    endloop
  endfacet
  facet normal 2.038996e-01 -9.709318e-01 1.253650e-01
    outer loop
      vertex   -8.008502e+02 3.177151e+02 -5.143782e+01
      vertex   -8.011635e+02 3.176949e+02 -5.108424e+01
      vertex   -8.015946e+02 3.175488e+02 -5.151534e+01
    endloop
  endfacet
  facet normal 1.253683e-01 -9.709321e-01 2.038964e-01
    outer loop
      vertex   -8.015946e+02 3.175488e+02 -5.151534e+01
      vertex   -8.011635e+02 3.176949e+02 -5.108424e+01
      vertex   -8.019026e+02 3.175663e+02 -5.124245e+01
    endloop
  endfacet
  facet normal 5.513432e-02 -9.905108e-01 1.258913e-01
    outer loop
      vertex   -8.015946e+02 3.175488e+02 -5.151534e+01
      vertex   -8.019026e+02 3.175663e+02 -5.124245e+01
      vertex   -8.020366e+02 3.175403e+02 -5.138804e+01
    endloop
  endfacet
  facet normal -4.159799e-02 -9.763011e-01 2.123813e-01
    outer loop
      vertex   -8.020366e+02 3.175403e+02 -5.138804e+01
      vertex   -8.019026e+02 3.175663e+02 -5.124245e+01
      vertex   -8.020366e+02 3.176616e+02 -5.083037e+01
    endloop
  endfacet
  facet normal 7.119122e-02 -9.664540e-01 2.467762e-01
    outer loop
      vertex   -8.020366e+02 3.176616e+02 -5.083037e+01
      vertex   -8.019026e+02 3.175663e+02 -5.124245e+01
      vertex   -8.015171e+02 3.177151e+02 -5.077094e+01
    endloop
  endfacet
  facet normal 6.283014e-02 -9.502005e-01 3.052398e-01
    outer loop
      vertex   -8.020366e+02 3.176616e+02 -5.083037e+01
      vertex   -8.015171e+02 3.177151e+02 -5.077094e+01
      vertex   -8.019033e+02 3.177751e+02 -5.050474e+01
    endloop
  endfacet
  facet normal 1.276944e-01 -9.116410e-01 3.906467e-01
    outer loop
      vertex   -8.019033e+02 3.177751e+02 -5.050474e+01
      vertex   -8.015171e+02 3.177151e+02 -5.077094e+01
      vertex   -8.011444e+02 3.179569e+02 -5.032857e+01
    endloop
  endfacet
  facet normal 1.276944e-01 -9.116410e-01 3.906467e-01
    outer loop
      vertex   -8.019033e+02 3.177751e+02 -5.050474e+01
      vertex   -8.011444e+02 3.179569e+02 -5.032857e+01
      vertex   -8.015709e+02 3.180231e+02 -5.003457e+01
    endloop
  endfacet
  facet normal 2.139356e-01 -8.394863e-01 4.994941e-01
    outer loop
      vertex   -8.015709e+02 3.180231e+02 -5.003457e+01
      vertex   -8.011444e+02 3.179569e+02 -5.032857e+01
      vertex   -8.007936e+02 3.182857e+02 -4.992621e+01
    endloop
  endfacet
  facet normal 2.139356e-01 -8.394863e-01 4.994941e-01
    outer loop
      vertex   -8.015709e+02 3.180231e+02 -5.003457e+01
      vertex   -8.007936e+02 3.182857e+02 -4.992621e+01
      vertex   -8.012499e+02 3.183565e+02 -4.961163e+01
    endloop
  endfacet
  facet normal 2.948892e-01 -7.468341e-01 5.960530e-01
    outer loop
      vertex   -8.012499e+02 3.183565e+02 -4.961163e+01
      vertex   -8.007936e+02 3.182857e+02 -4.992621e+01
      vertex   -8.004733e+02 3.186934e+02 -4.957375e+01
    endloop
  endfacet
  facet normal 2.948892e-01 -7.468341e-01 5.960530e-01
    outer loop
      vertex   -8.012499e+02 3.183565e+02 -4.961163e+01
      vertex   -8.004733e+02 3.186934e+02 -4.957375e+01
      vertex   -8.009483e+02 3.187672e+02 -4.924633e+01
    endloop
  endfacet
  facet normal 9.914084e-03 -4.792254e-01 8.776359e-01
    outer loop
      vertex   -8.020366e+02 3.198380e+02 -4.831878e+01
      vertex   -8.020366e+02 3.193371e+02 -4.859229e+01
      vertex   -8.017154e+02 3.195359e+02 -4.848736e+01
    endloop
  endfacet
  facet normal 8.080192e-02 -5.642042e-01 8.216719e-01
    outer loop
      vertex   -8.017154e+02 3.195359e+02 -4.848736e+01
      vertex   -8.020366e+02 3.193371e+02 -4.859229e+01
      vertex   -8.019762e+02 3.190542e+02 -4.879244e+01
    endloop
  endfacet
  facet normal 1.142743e-01 -5.750138e-01 8.101237e-01
    outer loop
      vertex   -8.017154e+02 3.195359e+02 -4.848736e+01
      vertex   -8.019762e+02 3.190542e+02 -4.879244e+01
      vertex   -8.014530e+02 3.188884e+02 -4.898396e+01
    endloop
  endfacet
  facet normal 7.375236e-02 -6.453440e-01 7.603234e-01
    outer loop
      vertex   -8.014530e+02 3.188884e+02 -4.898396e+01
      vertex   -8.019762e+02 3.190542e+02 -4.879244e+01
      vertex   -8.020366e+02 3.188802e+02 -4.893431e+01
    endloop
  endfacet
  facet normal 7.064228e-02 -6.949407e-01 7.155886e-01
    outer loop
      vertex   -8.014530e+02 3.188884e+02 -4.898396e+01
      vertex   -8.020366e+02 3.188802e+02 -4.893431e+01
      vertex   -8.017348e+02 3.184730e+02 -4.935956e+01
    endloop
  endfacet
  facet normal 4.223610e-02 -7.064757e-01 7.064759e-01
    outer loop
      vertex   -8.017348e+02 3.184730e+02 -4.935956e+01
      vertex   -8.020366e+02 3.188802e+02 -4.893431e+01
      vertex   -8.020366e+02 3.184766e+02 -4.933786e+01
    endloop
  endfacet
  facet normal 3.336630e-02 -8.000955e-01 5.989440e-01
    outer loop
      vertex   -8.017348e+02 3.184730e+02 -4.935956e+01
      vertex   -8.020366e+02 3.184766e+02 -4.933786e+01
      vertex   -8.020366e+02 3.181346e+02 -4.979474e+01
    endloop
  endfacet
  facet normal -1.517615e-01 -5.923366e-01 7.912684e-01
    outer loop
      vertex   -8.020366e+02 3.193371e+02 -4.859229e+01
      vertex   -8.020366e+02 3.188802e+02 -4.893431e+01
      vertex   -8.019762e+02 3.190542e+02 -4.879244e+01
    endloop
  endfacet
  facet normal 3.096542e-02 -7.993680e-01 6.000433e-01
    outer loop
      vertex   -8.017348e+02 3.184730e+02 -4.935956e+01
      vertex   -8.020366e+02 3.181346e+02 -4.979474e+01
      vertex   -8.020241e+02 3.181319e+02 -4.979898e+01
    endloop
  endfacet
  facet normal -2.680893e-02 -8.773636e-01 4.790767e-01
    outer loop
      vertex   -8.020241e+02 3.181319e+02 -4.979898e+01
      vertex   -8.020366e+02 3.181346e+02 -4.979474e+01
      vertex   -8.020366e+02 3.178611e+02 -5.029564e+01
    endloop
  endfacet
  facet normal 3.757145e-02 -8.777419e-01 4.776584e-01
    outer loop
      vertex   -8.020241e+02 3.181319e+02 -4.979898e+01
      vertex   -8.020366e+02 3.178611e+02 -5.029564e+01
      vertex   -8.015709e+02 3.180231e+02 -5.003457e+01
    endloop
  endfacet
  facet normal 7.803444e-02 -9.034862e-01 4.214538e-01
    outer loop
      vertex   -8.015709e+02 3.180231e+02 -5.003457e+01
      vertex   -8.020366e+02 3.178611e+02 -5.029564e+01
      vertex   -8.019033e+02 3.177751e+02 -5.050474e+01
    endloop
  endfacet
  facet normal -5.637470e-02 -9.354597e-01 3.489084e-01
    outer loop
      vertex   -8.020366e+02 3.178611e+02 -5.029564e+01
      vertex   -8.020366e+02 3.176616e+02 -5.083037e+01
      vertex   -8.019033e+02 3.177751e+02 -5.050474e+01
    endloop
  endfacet
  facet normal 3.952291e-02 -9.966728e-01 7.128345e-02
    outer loop
      vertex   -8.020366e+02 3.175403e+02 -5.138804e+01
      vertex   -8.020366e+02 3.174996e+02 -5.195730e+01
      vertex   -8.015946e+02 3.175488e+02 -5.151534e+01
    endloop
  endfacet
  facet normal 7.128678e-02 -9.966727e-01 3.951958e-02
    outer loop
      vertex   -8.015946e+02 3.175488e+02 -5.151534e+01
      vertex   -8.020366e+02 3.174996e+02 -5.195730e+01
      vertex   -8.014673e+02 3.175403e+02 -5.195730e+01
    endloop
  endfacet
  facet normal 1.258946e-01 -9.905105e-01 5.513101e-02
    outer loop
      vertex   -8.015946e+02 3.175488e+02 -5.151534e+01
      vertex   -8.014673e+02 3.175403e+02 -5.195730e+01
      vertex   -8.013217e+02 3.175663e+02 -5.182332e+01
    endloop
  endfacet
  facet normal 2.123845e-01 -9.763002e-01 -4.160125e-02
    outer loop
      vertex   -8.013217e+02 3.175663e+02 -5.182332e+01
      vertex   -8.014673e+02 3.175403e+02 -5.195730e+01
      vertex   -8.009097e+02 3.176616e+02 -5.195730e+01
    endloop
  endfacet
  facet normal 2.467794e-01 -9.664534e-01 7.118799e-02
    outer loop
      vertex   -8.013217e+02 3.175663e+02 -5.182332e+01
      vertex   -8.009097e+02 3.176616e+02 -5.195730e+01
      vertex   -8.008502e+02 3.177151e+02 -5.143782e+01
    endloop
  endfacet
  facet normal 3.052430e-01 -9.501997e-01 6.282696e-02
    outer loop
      vertex   -8.008502e+02 3.177151e+02 -5.143782e+01
      vertex   -8.009097e+02 3.176616e+02 -5.195730e+01
      vertex   -8.005840e+02 3.177751e+02 -5.182399e+01
    endloop
  endfacet
  facet normal 3.906497e-01 -9.116401e-01 1.276914e-01
    outer loop
      vertex   -8.008502e+02 3.177151e+02 -5.143782e+01
      vertex   -8.005840e+02 3.177751e+02 -5.182399e+01
      vertex   -8.001138e+02 3.180231e+02 -5.149158e+01
    endloop
  endfacet
  facet normal 4.214569e-01 -9.034850e-01 7.803142e-02
    outer loop
      vertex   -8.001138e+02 3.180231e+02 -5.149158e+01
      vertex   -8.005840e+02 3.177751e+02 -5.182399e+01
      vertex   -8.003749e+02 3.178611e+02 -5.195730e+01
    endloop
  endfacet
  facet normal 4.776613e-01 -8.777404e-01 3.756852e-02
    outer loop
      vertex   -8.001138e+02 3.180231e+02 -5.149158e+01
      vertex   -8.003749e+02 3.178611e+02 -5.195730e+01
      vertex   -7.998783e+02 3.181319e+02 -5.194477e+01
    endloop
  endfacet
  facet normal 4.790796e-01 -8.773619e-01 -2.681186e-02
    outer loop
      vertex   -7.998783e+02 3.181319e+02 -5.194477e+01
      vertex   -8.003749e+02 3.178611e+02 -5.195730e+01
      vertex   -7.998740e+02 3.181346e+02 -5.195730e+01
    endloop
  endfacet
  facet normal 5.990027e-01 -8.001683e-01 3.043653e-02
    outer loop
      vertex   -7.998783e+02 3.181319e+02 -5.194477e+01
      vertex   -7.998740e+02 3.181346e+02 -5.195730e+01
      vertex   -7.994171e+02 3.184766e+02 -5.195730e+01
    endloop
  endfacet
  facet normal 3.489115e-01 -9.354583e-01 -5.637783e-02
    outer loop
      vertex   -8.009097e+02 3.176616e+02 -5.195730e+01
      vertex   -8.003749e+02 3.178611e+02 -5.195730e+01
      vertex   -8.005840e+02 3.177751e+02 -5.182399e+01
    endloop
  endfacet
  facet normal 5.989978e-01 -8.000552e-01 3.336777e-02
    outer loop
      vertex   -7.998783e+02 3.181319e+02 -5.194477e+01
      vertex   -7.994171e+02 3.184766e+02 -5.195730e+01
      vertex   -7.994388e+02 3.184730e+02 -5.165552e+01
    endloop
  endfacet
  facet normal 7.064782e-01 -7.064735e-01 4.223374e-02
    outer loop
      vertex   -7.994388e+02 3.184730e+02 -5.165552e+01
      vertex   -7.994171e+02 3.184766e+02 -5.195730e+01
      vertex   -7.990136e+02 3.188802e+02 -5.195730e+01
    endloop
  endfacet
  facet normal 8.776375e-01 -4.792225e-01 9.912483e-03
    outer loop
      vertex   -7.986716e+02 3.193371e+02 -5.195730e+01
      vertex   -7.983981e+02 3.198380e+02 -5.195730e+01
      vertex   -7.985666e+02 3.195359e+02 -5.163613e+01
    endloop
  endfacet
  facet normal 9.055337e-01 -4.158418e-01 8.416869e-02
    outer loop
      vertex   -7.985666e+02 3.195359e+02 -5.163613e+01
      vertex   -7.983981e+02 3.198380e+02 -5.195730e+01
      vertex   -7.983468e+02 3.200658e+02 -5.138321e+01
    endloop
  endfacet
  facet normal 8.757546e-01 -4.485292e-01 1.785370e-01
    outer loop
      vertex   -7.985666e+02 3.195359e+02 -5.163613e+01
      vertex   -7.983468e+02 3.200658e+02 -5.138321e+01
      vertex   -7.987607e+02 3.193679e+02 -5.110619e+01
    endloop
  endfacet
  facet normal 8.757545e-01 -4.484613e-01 1.787078e-01
    outer loop
      vertex   -7.987607e+02 3.193679e+02 -5.110619e+01
      vertex   -7.983468e+02 3.200658e+02 -5.138321e+01
      vertex   -7.985386e+02 3.198999e+02 -5.085960e+01
    endloop
  endfacet
  facet normal 8.182326e-01 -4.848195e-01 3.089425e-01
    outer loop
      vertex   -7.987607e+02 3.193679e+02 -5.110619e+01
      vertex   -7.985386e+02 3.198999e+02 -5.085960e+01
      vertex   -7.990269e+02 3.192450e+02 -5.059408e+01
    endloop
  endfacet
  facet normal 8.182326e-01 -4.848195e-01 3.089425e-01
    outer loop
      vertex   -7.990269e+02 3.192450e+02 -5.059408e+01
      vertex   -7.985386e+02 3.198999e+02 -5.085960e+01
      vertex   -7.988021e+02 3.197782e+02 -5.035267e+01
    endloop
  endfacet
  facet normal 7.433714e-01 -5.095645e-01 4.332932e-01
    outer loop
      vertex   -7.990269e+02 3.192450e+02 -5.059408e+01
      vertex   -7.988021e+02 3.197782e+02 -5.035267e+01
      vertex   -7.993591e+02 3.191701e+02 -5.011213e+01
    endloop
  endfacet
  facet normal 7.433714e-01 -5.095645e-01 4.332932e-01
    outer loop
      vertex   -7.993591e+02 3.191701e+02 -5.011213e+01
      vertex   -7.988021e+02 3.197782e+02 -5.035267e+01
      vertex   -7.991310e+02 3.197041e+02 -4.987559e+01
    endloop
  endfacet
  facet normal 6.528989e-01 -5.220733e-01 5.487828e-01
    outer loop
      vertex   -7.993591e+02 3.191701e+02 -5.011213e+01
      vertex   -7.991310e+02 3.197041e+02 -4.987559e+01
      vertex   -7.997501e+02 3.191450e+02 -4.967086e+01
    endloop
  endfacet
  facet normal 6.528989e-01 -5.220733e-01 5.487828e-01
    outer loop
      vertex   -7.997501e+02 3.191450e+02 -4.967086e+01
      vertex   -7.991310e+02 3.197041e+02 -4.987559e+01
      vertex   -7.995181e+02 3.196792e+02 -4.943878e+01
    endloop
  endfacet
  facet normal 5.487845e-01 -5.220737e-01 6.528971e-01
    outer loop
      vertex   -7.997501e+02 3.191450e+02 -4.967086e+01
      vertex   -7.995181e+02 3.196792e+02 -4.943878e+01
      vertex   -8.001914e+02 3.191701e+02 -4.927985e+01
    endloop
  endfacet
  facet normal 5.487845e-01 -5.220737e-01 6.528971e-01
    outer loop
      vertex   -8.001914e+02 3.191701e+02 -4.927985e+01
      vertex   -7.995181e+02 3.196792e+02 -4.943878e+01
      vertex   -7.999549e+02 3.197041e+02 -4.905172e+01
    endloop
  endfacet
  facet normal 4.332949e-01 -5.095655e-01 7.433697e-01
    outer loop
      vertex   -8.001914e+02 3.191701e+02 -4.927985e+01
      vertex   -7.999549e+02 3.197041e+02 -4.905172e+01
      vertex   -8.006734e+02 3.192450e+02 -4.894762e+01
    endloop
  endfacet
  facet normal 4.332949e-01 -5.095655e-01 7.433697e-01
    outer loop
      vertex   -8.006734e+02 3.192450e+02 -4.894762e+01
      vertex   -7.999549e+02 3.197041e+02 -4.905172e+01
      vertex   -8.004320e+02 3.197781e+02 -4.872285e+01
    endloop
  endfacet
  facet normal 3.089441e-01 -4.848212e-01 8.182310e-01
    outer loop
      vertex   -8.006734e+02 3.192450e+02 -4.894762e+01
      vertex   -8.004320e+02 3.197781e+02 -4.872285e+01
      vertex   -8.011855e+02 3.193679e+02 -4.868141e+01
    endloop
  endfacet
  facet normal 3.089441e-01 -4.848212e-01 8.182310e-01
    outer loop
      vertex   -8.011855e+02 3.193679e+02 -4.868141e+01
      vertex   -8.004320e+02 3.197781e+02 -4.872285e+01
      vertex   -8.009389e+02 3.198999e+02 -4.845933e+01
    endloop
  endfacet
  facet normal 1.787093e-01 -4.484636e-01 8.757530e-01
    outer loop
      vertex   -8.011855e+02 3.193679e+02 -4.868141e+01
      vertex   -8.009389e+02 3.198999e+02 -4.845933e+01
      vertex   -8.014625e+02 3.200658e+02 -4.826753e+01
    endloop
  endfacet
  facet normal 2.384472e-01 -3.110650e-01 9.199900e-01
    outer loop
      vertex   -8.014625e+02 3.200658e+02 -4.826753e+01
      vertex   -8.009389e+02 3.198999e+02 -4.845933e+01
      vertex   -8.012237e+02 3.206309e+02 -4.813833e+01
    endloop
  endfacet
  facet normal 1.078192e-01 -2.646343e-01 9.583025e-01
    outer loop
      vertex   -8.014625e+02 3.200658e+02 -4.826753e+01
      vertex   -8.012237e+02 3.206309e+02 -4.813833e+01
      vertex   -8.017414e+02 3.208327e+02 -4.802435e+01
    endloop
  endfacet
  facet normal 1.679126e-01 -1.217763e-01 9.782514e-01
    outer loop
      vertex   -8.017414e+02 3.208327e+02 -4.802435e+01
      vertex   -8.012237e+02 3.206309e+02 -4.813833e+01
      vertex   -8.014922e+02 3.214073e+02 -4.799560e+01
    endloop
  endfacet
  facet normal 9.288695e-01 -3.651840e-01 6.198440e-02
    outer loop
      vertex   -7.983468e+02 3.200658e+02 -5.138321e+01
      vertex   -7.983981e+02 3.198380e+02 -5.195730e+01
      vertex   -7.982290e+02 3.202745e+02 -5.191852e+01
    endloop
  endfacet
  facet normal 9.265512e-01 -3.455822e-01 -1.485796e-01
    outer loop
      vertex   -7.982290e+02 3.202745e+02 -5.191852e+01
      vertex   -7.983981e+02 3.198380e+02 -5.195730e+01
      vertex   -7.981986e+02 3.203727e+02 -5.195730e+01
    endloop
  endfacet
  facet normal 9.609262e-01 -2.597601e-01 9.563218e-02
    outer loop
      vertex   -7.982290e+02 3.202745e+02 -5.191852e+01
      vertex   -7.981986e+02 3.203727e+02 -5.195730e+01
      vertex   -7.981036e+02 3.208327e+02 -5.166208e+01
    endloop
  endfacet
  facet normal 9.770086e-01 -2.125318e-01 1.686630e-02
    outer loop
      vertex   -7.981036e+02 3.208327e+02 -5.166208e+01
      vertex   -7.981986e+02 3.203727e+02 -5.195730e+01
      vertex   -7.980773e+02 3.209304e+02 -5.195730e+01
    endloop
  endfacet
  facet normal 9.950079e-01 -7.721069e-02 6.322764e-02
    outer loop
      vertex   -7.981036e+02 3.208327e+02 -5.166208e+01
      vertex   -7.980773e+02 3.209304e+02 -5.195730e+01
      vertex   -7.980749e+02 3.214073e+02 -5.141288e+01
    endloop
  endfacet
  facet normal 9.957748e-01 -7.121588e-02 5.797246e-02
    outer loop
      vertex   -7.980749e+02 3.214073e+02 -5.141288e+01
      vertex   -7.980773e+02 3.209304e+02 -5.195730e+01
      vertex   -7.980366e+02 3.214996e+02 -5.195730e+01
    endloop
  endfacet
  facet normal 9.974283e-01 6.915656e-03 7.133748e-02
    outer loop
      vertex   -7.980749e+02 3.214073e+02 -5.141288e+01
      vertex   -7.980366e+02 3.214996e+02 -5.195730e+01
      vertex   -7.980773e+02 3.214996e+02 -5.138804e+01
    endloop
  endfacet
  facet normal 9.785007e-01 -2.931219e-02 2.041497e-01
    outer loop
      vertex   -7.980749e+02 3.214073e+02 -5.141288e+01
      vertex   -7.980773e+02 3.214996e+02 -5.138804e+01
      vertex   -7.981822e+02 3.212174e+02 -5.092574e+01
    endloop
  endfacet
  facet normal 9.770366e-01 -1.502201e-02 2.125413e-01
    outer loop
      vertex   -7.981822e+02 3.212174e+02 -5.092574e+01
      vertex   -7.980773e+02 3.214996e+02 -5.138804e+01
      vertex   -7.981986e+02 3.214996e+02 -5.083037e+01
    endloop
  endfacet
  facet normal 9.430290e-01 -5.600150e-02 3.279636e-01
    outer loop
      vertex   -7.981822e+02 3.212174e+02 -5.092574e+01
      vertex   -7.981986e+02 3.214996e+02 -5.083037e+01
      vertex   -7.983556e+02 3.210676e+02 -5.045273e+01
    endloop
  endfacet
  facet normal 9.363764e-01 -3.497701e-02 3.492503e-01
    outer loop
      vertex   -7.983556e+02 3.210676e+02 -5.045273e+01
      vertex   -7.981986e+02 3.214996e+02 -5.083037e+01
      vertex   -7.983981e+02 3.214996e+02 -5.029564e+01
    endloop
  endfacet
  facet normal 8.920194e-01 -7.444839e-02 4.458237e-01
    outer loop
      vertex   -7.983556e+02 3.210676e+02 -5.045273e+01
      vertex   -7.983981e+02 3.214996e+02 -5.029564e+01
      vertex   -7.985946e+02 3.209572e+02 -4.999307e+01
    endloop
  endfacet
  facet normal 8.765573e-01 -5.054229e-02 4.786364e-01
    outer loop
      vertex   -7.985946e+02 3.209572e+02 -4.999307e+01
      vertex   -7.983981e+02 3.214996e+02 -5.029564e+01
      vertex   -7.986716e+02 3.214996e+02 -4.979474e+01
    endloop
  endfacet
  facet normal 8.264724e-01 -8.607443e-02 5.563584e-01
    outer loop
      vertex   -7.985946e+02 3.209572e+02 -4.999307e+01
      vertex   -7.986716e+02 3.214996e+02 -4.979474e+01
      vertex   -7.988928e+02 3.208900e+02 -4.956050e+01
    endloop
  endfacet
  facet normal 7.990959e-01 -6.006462e-02 5.981956e-01
    outer loop
      vertex   -7.988928e+02 3.208900e+02 -4.956050e+01
      vertex   -7.986716e+02 3.214996e+02 -4.979474e+01
      vertex   -7.990136e+02 3.214996e+02 -4.933786e+01
    endloop
  endfacet
  facet normal 7.478790e-01 -9.185889e-02 6.574489e-01
    outer loop
      vertex   -7.988928e+02 3.208900e+02 -4.956050e+01
      vertex   -7.990136e+02 3.214996e+02 -4.933786e+01
      vertex   -7.992437e+02 3.208675e+02 -4.916442e+01
    endloop
  endfacet
  facet normal 7.056904e-01 -6.326532e-02 7.056902e-01
    outer loop
      vertex   -7.992437e+02 3.208675e+02 -4.916442e+01
      vertex   -7.990136e+02 3.214996e+02 -4.933786e+01
      vertex   -7.994172e+02 3.214996e+02 -4.893431e+01
    endloop
  endfacet
  facet normal 6.574492e-01 -9.185919e-02 7.478787e-01
    outer loop
      vertex   -7.992437e+02 3.208675e+02 -4.916442e+01
      vertex   -7.994172e+02 3.214996e+02 -4.893431e+01
      vertex   -7.996398e+02 3.208900e+02 -4.881346e+01
    endloop
  endfacet
  facet normal 5.981958e-01 -6.006529e-02 7.990957e-01
    outer loop
      vertex   -7.996398e+02 3.208900e+02 -4.881346e+01
      vertex   -7.994172e+02 3.214996e+02 -4.893431e+01
      vertex   -7.998740e+02 3.214996e+02 -4.859229e+01
    endloop
  endfacet
  facet normal 5.563587e-01 -8.607533e-02 8.264721e-01
    outer loop
      vertex   -7.996398e+02 3.208900e+02 -4.881346e+01
      vertex   -7.998740e+02 3.214996e+02 -4.859229e+01
      vertex   -8.000724e+02 3.209572e+02 -4.851527e+01
    endloop
  endfacet
  facet normal 4.786366e-01 -5.054362e-02 8.765571e-01
    outer loop
      vertex   -8.000724e+02 3.209572e+02 -4.851527e+01
      vertex   -7.998740e+02 3.214996e+02 -4.859229e+01
      vertex   -8.003749e+02 3.214996e+02 -4.831878e+01
    endloop
  endfacet
  facet normal 4.458240e-01 -7.444988e-02 8.920192e-01
    outer loop
      vertex   -8.000724e+02 3.209572e+02 -4.851527e+01
      vertex   -8.003749e+02 3.214996e+02 -4.831878e+01
      vertex   -8.005320e+02 3.210676e+02 -4.827633e+01
    endloop
  endfacet
  facet normal 3.492504e-01 -3.497897e-02 9.363763e-01
    outer loop
      vertex   -8.005320e+02 3.210676e+02 -4.827633e+01
      vertex   -8.003749e+02 3.214996e+02 -4.831878e+01
      vertex   -8.009097e+02 3.214996e+02 -4.811933e+01
    endloop
  endfacet
  facet normal 3.279638e-01 -5.600356e-02 9.430288e-01
    outer loop
      vertex   -8.005320e+02 3.210676e+02 -4.827633e+01
      vertex   -8.009097e+02 3.214996e+02 -4.811933e+01
      vertex   -8.010050e+02 3.212174e+02 -4.810293e+01
    endloop
  endfacet
  facet normal 2.125413e-01 -1.502457e-02 9.770366e-01
    outer loop
      vertex   -8.010050e+02 3.212174e+02 -4.810293e+01
      vertex   -8.009097e+02 3.214996e+02 -4.811933e+01
      vertex   -8.014673e+02 3.214996e+02 -4.799802e+01
    endloop
  endfacet
  facet normal 2.041498e-01 -2.931478e-02 9.785006e-01
    outer loop
      vertex   -8.010050e+02 3.212174e+02 -4.810293e+01
      vertex   -8.014673e+02 3.214996e+02 -4.799802e+01
      vertex   -8.014922e+02 3.214073e+02 -4.799560e+01
    endloop
  endfacet
  facet normal 1.076516e-01 -2.646958e-01 9.583044e-01
    outer loop
      vertex   -8.014625e+02 3.200658e+02 -4.826753e+01
      vertex   -8.017414e+02 3.208327e+02 -4.802435e+01
      vertex   -8.019978e+02 3.202745e+02 -4.814973e+01
    endloop
  endfacet
  facet normal 1.680679e-01 -1.217190e-01 9.782319e-01
    outer loop
      vertex   -8.010050e+02 3.212174e+02 -4.810293e+01
      vertex   -8.014922e+02 3.214073e+02 -4.799560e+01
      vertex   -8.012237e+02 3.206309e+02 -4.813833e+01
    endloop
  endfacet
  facet normal 2.925401e-01 -1.659316e-01 9.417468e-01
    outer loop
      vertex   -8.010050e+02 3.212174e+02 -4.810293e+01
      vertex   -8.012237e+02 3.206309e+02 -4.813833e+01
      vertex   -8.007193e+02 3.204711e+02 -4.832319e+01
    endloop
  endfacet
  facet normal 2.386091e-01 -3.109940e-01 9.199720e-01
    outer loop
      vertex   -8.007193e+02 3.204711e+02 -4.832319e+01
      vertex   -8.012237e+02 3.206309e+02 -4.813833e+01
      vertex   -8.009389e+02 3.198999e+02 -4.845933e+01
    endloop
  endfacet
  facet normal 3.658242e-01 -3.465097e-01 8.637729e-01
    outer loop
      vertex   -8.007193e+02 3.204711e+02 -4.832319e+01
      vertex   -8.009389e+02 3.198999e+02 -4.845933e+01
      vertex   -8.002300e+02 3.203536e+02 -4.857755e+01
    endloop
  endfacet
  facet normal 3.658242e-01 -3.465097e-01 8.637729e-01
    outer loop
      vertex   -8.002300e+02 3.203536e+02 -4.857755e+01
      vertex   -8.009389e+02 3.198999e+02 -4.845933e+01
      vertex   -8.004320e+02 3.197781e+02 -4.872285e+01
    endloop
  endfacet
  facet normal 4.874065e-01 -3.707031e-01 7.905784e-01
    outer loop
      vertex   -8.002300e+02 3.203536e+02 -4.857755e+01
      vertex   -8.004320e+02 3.197781e+02 -4.872285e+01
      vertex   -7.997695e+02 3.202821e+02 -4.889498e+01
    endloop
  endfacet
  facet normal 4.874065e-01 -3.707031e-01 7.905784e-01
    outer loop
      vertex   -7.997695e+02 3.202821e+02 -4.889498e+01
      vertex   -8.004320e+02 3.197781e+02 -4.872285e+01
      vertex   -7.999549e+02 3.197041e+02 -4.905172e+01
    endloop
  endfacet
  facet normal 6.003249e-01 -3.829327e-01 7.021200e-01
    outer loop
      vertex   -7.997695e+02 3.202821e+02 -4.889498e+01
      vertex   -7.999549e+02 3.197041e+02 -4.905172e+01
      vertex   -7.993479e+02 3.202581e+02 -4.926857e+01
    endloop
  endfacet
  facet normal 6.003249e-01 -3.829327e-01 7.021200e-01
    outer loop
      vertex   -7.993479e+02 3.202581e+02 -4.926857e+01
      vertex   -7.999549e+02 3.197041e+02 -4.905172e+01
      vertex   -7.995181e+02 3.196792e+02 -4.943878e+01
    endloop
  endfacet
  facet normal 7.021213e-01 -3.829324e-01 6.003236e-01
    outer loop
      vertex   -7.993479e+02 3.202581e+02 -4.926857e+01
      vertex   -7.995181e+02 3.196792e+02 -4.943878e+01
      vertex   -7.989743e+02 3.202821e+02 -4.969020e+01
    endloop
  endfacet
  facet normal 7.021213e-01 -3.829324e-01 6.003236e-01
    outer loop
      vertex   -7.989743e+02 3.202821e+02 -4.969020e+01
      vertex   -7.995181e+02 3.196792e+02 -4.943878e+01
      vertex   -7.991310e+02 3.197041e+02 -4.987559e+01
    endloop
  endfacet
  facet normal 7.905796e-01 -3.707021e-01 4.874053e-01
    outer loop
      vertex   -7.989743e+02 3.202821e+02 -4.969020e+01
      vertex   -7.991310e+02 3.197041e+02 -4.987559e+01
      vertex   -7.986568e+02 3.203536e+02 -5.015068e+01
    endloop
  endfacet
  facet normal 7.905796e-01 -3.707021e-01 4.874053e-01
    outer loop
      vertex   -7.986568e+02 3.203536e+02 -5.015068e+01
      vertex   -7.991310e+02 3.197041e+02 -4.987559e+01
      vertex   -7.988021e+02 3.197782e+02 -5.035267e+01
    endloop
  endfacet
  facet normal 8.637741e-01 -3.465080e-01 3.658231e-01
    outer loop
      vertex   -7.986568e+02 3.203536e+02 -5.015068e+01
      vertex   -7.988021e+02 3.197782e+02 -5.035267e+01
      vertex   -7.984025e+02 3.204711e+02 -5.063998e+01
    endloop
  endfacet
  facet normal 8.637741e-01 -3.465080e-01 3.658231e-01
    outer loop
      vertex   -7.984025e+02 3.204711e+02 -5.063998e+01
      vertex   -7.988021e+02 3.197782e+02 -5.035267e+01
      vertex   -7.985386e+02 3.198999e+02 -5.085960e+01
    endloop
  endfacet
  facet normal 9.199730e-01 -3.109917e-01 2.386081e-01
    outer loop
      vertex   -7.984025e+02 3.204711e+02 -5.063998e+01
      vertex   -7.985386e+02 3.198999e+02 -5.085960e+01
      vertex   -7.982176e+02 3.206309e+02 -5.114445e+01
    endloop
  endfacet
  facet normal 9.199910e-01 -3.110627e-01 2.384462e-01
    outer loop
      vertex   -7.982176e+02 3.206309e+02 -5.114445e+01
      vertex   -7.985386e+02 3.198999e+02 -5.085960e+01
      vertex   -7.983468e+02 3.200658e+02 -5.138321e+01
    endloop
  endfacet
  facet normal 9.583034e-01 -2.646314e-01 1.078183e-01
    outer loop
      vertex   -7.982176e+02 3.206309e+02 -5.114445e+01
      vertex   -7.983468e+02 3.200658e+02 -5.138321e+01
      vertex   -7.981036e+02 3.208327e+02 -5.166208e+01
    endloop
  endfacet
  facet normal 9.583053e-01 -2.646930e-01 1.076508e-01
    outer loop
      vertex   -7.981036e+02 3.208327e+02 -5.166208e+01
      vertex   -7.983468e+02 3.200658e+02 -5.138321e+01
      vertex   -7.982290e+02 3.202745e+02 -5.191852e+01
    endloop
  endfacet
  facet normal 1.741118e-01 -7.228008e-01 6.687631e-01
    outer loop
      vertex   -8.009483e+02 3.187672e+02 -4.924633e+01
      vertex   -8.014530e+02 3.188884e+02 -4.898396e+01
      vertex   -8.017348e+02 3.184730e+02 -4.935956e+01
    endloop
  endfacet
  facet normal 9.941617e-02 -8.166983e-01 5.684367e-01
    outer loop
      vertex   -8.015709e+02 3.180231e+02 -5.003457e+01
      vertex   -8.012499e+02 3.183565e+02 -4.961163e+01
      vertex   -8.020241e+02 3.181319e+02 -4.979898e+01
    endloop
  endfacet
  facet normal 9.941617e-02 -8.166983e-01 5.684367e-01
    outer loop
      vertex   -8.020241e+02 3.181319e+02 -4.979898e+01
      vertex   -8.012499e+02 3.183565e+02 -4.961163e+01
      vertex   -8.017348e+02 3.184730e+02 -4.935956e+01
    endloop
  endfacet
  facet normal 1.741118e-01 -7.228008e-01 6.687631e-01
    outer loop
      vertex   -8.012499e+02 3.183565e+02 -4.961163e+01
      vertex   -8.009483e+02 3.187672e+02 -4.924633e+01
      vertex   -8.017348e+02 3.184730e+02 -4.935956e+01
    endloop
  endfacet
  facet normal 4.137794e-01 -1.996752e-01 8.882097e-01
    outer loop
      vertex   -8.000724e+02 3.209572e+02 -4.851527e+01
      vertex   -8.005320e+02 3.210676e+02 -4.827633e+01
      vertex   -8.007193e+02 3.204711e+02 -4.832319e+01
    endloop
  endfacet
  facet normal 2.926878e-01 -1.658650e-01 9.417126e-01
    outer loop
      vertex   -8.007193e+02 3.204711e+02 -4.832319e+01
      vertex   -8.005320e+02 3.210676e+02 -4.827633e+01
      vertex   -8.010050e+02 3.212174e+02 -4.810293e+01
    endloop
  endfacet
  facet normal 4.137794e-01 -1.996752e-01 8.882097e-01
    outer loop
      vertex   -8.000724e+02 3.209572e+02 -4.851527e+01
      vertex   -8.007193e+02 3.204711e+02 -4.832319e+01
      vertex   -8.002300e+02 3.203536e+02 -4.857755e+01
    endloop
  endfacet
  facet normal 5.296192e-01 -2.227259e-01 8.184722e-01
    outer loop
      vertex   -7.996398e+02 3.208900e+02 -4.881346e+01
      vertex   -8.000724e+02 3.209572e+02 -4.851527e+01
      vertex   -8.002300e+02 3.203536e+02 -4.857755e+01
    endloop
  endfacet
  facet normal 5.296192e-01 -2.227259e-01 8.184722e-01
    outer loop
      vertex   -7.996398e+02 3.208900e+02 -4.881346e+01
      vertex   -8.002300e+02 3.203536e+02 -4.857755e+01
      vertex   -7.997695e+02 3.202821e+02 -4.889498e+01
    endloop
  endfacet
  facet normal 1.253683e-01 -9.709321e-01 2.038964e-01
    outer loop
      vertex   -8.019026e+02 3.175663e+02 -5.124245e+01
      vertex   -8.011635e+02 3.176949e+02 -5.108424e+01
      vertex   -8.015171e+02 3.177151e+02 -5.077094e+01
    endloop
  endfacet
  facet normal 2.256335e-01 -9.222483e-01 3.139229e-01
    outer loop
      vertex   -8.015171e+02 3.177151e+02 -5.077094e+01
      vertex   -8.011635e+02 3.176949e+02 -5.108424e+01
      vertex   -8.007539e+02 3.179346e+02 -5.067459e+01
    endloop
  endfacet
  facet normal 2.256335e-01 -9.222483e-01 3.139229e-01
    outer loop
      vertex   -8.015171e+02 3.177151e+02 -5.077094e+01
      vertex   -8.007539e+02 3.179346e+02 -5.067459e+01
      vertex   -8.011444e+02 3.179569e+02 -5.032857e+01
    endloop
  endfacet
  facet normal 3.202944e-01 -8.510055e-01 4.161745e-01
    outer loop
      vertex   -8.011444e+02 3.179569e+02 -5.032857e+01
      vertex   -8.007539e+02 3.179346e+02 -5.067459e+01
      vertex   -8.003757e+02 3.182619e+02 -5.029644e+01
    endloop
  endfacet
  facet normal 3.202944e-01 -8.510055e-01 4.161745e-01
    outer loop
      vertex   -8.011444e+02 3.179569e+02 -5.032857e+01
      vertex   -8.003757e+02 3.182619e+02 -5.029644e+01
      vertex   -8.007936e+02 3.182857e+02 -4.992621e+01
    endloop
  endfacet
  facet normal 4.070602e-01 -7.589828e-01 5.081802e-01
    outer loop
      vertex   -8.007936e+02 3.182857e+02 -4.992621e+01
      vertex   -8.003757e+02 3.182619e+02 -5.029644e+01
      vertex   -8.000384e+02 3.186686e+02 -4.995910e+01
    endloop
  endfacet
  facet normal 4.070602e-01 -7.589828e-01 5.081802e-01
    outer loop
      vertex   -8.007936e+02 3.182857e+02 -4.992621e+01
      vertex   -8.000384e+02 3.186686e+02 -4.995910e+01
      vertex   -8.004733e+02 3.186934e+02 -4.957375e+01
    endloop
  endfacet
  facet normal 6.372043e-01 -2.343779e-01 7.341919e-01
    outer loop
      vertex   -7.992437e+02 3.208675e+02 -4.916442e+01
      vertex   -7.996398e+02 3.208900e+02 -4.881346e+01
      vertex   -7.997695e+02 3.202821e+02 -4.889498e+01
    endloop
  endfacet
  facet normal 6.372043e-01 -2.343779e-01 7.341919e-01
    outer loop
      vertex   -7.992437e+02 3.208675e+02 -4.916442e+01
      vertex   -7.997695e+02 3.202821e+02 -4.889498e+01
      vertex   -7.993479e+02 3.202581e+02 -4.926857e+01
    endloop
  endfacet
  facet normal 7.341927e-01 -2.343776e-01 6.372035e-01
    outer loop
      vertex   -7.992437e+02 3.208675e+02 -4.916442e+01
      vertex   -7.993479e+02 3.202581e+02 -4.926857e+01
      vertex   -7.988928e+02 3.208900e+02 -4.956050e+01
    endloop
  endfacet
  facet normal 7.341927e-01 -2.343776e-01 6.372035e-01
    outer loop
      vertex   -7.988928e+02 3.208900e+02 -4.956050e+01
      vertex   -7.993479e+02 3.202581e+02 -4.926857e+01
      vertex   -7.989743e+02 3.202821e+02 -4.969020e+01
    endloop
  endfacet
  facet normal 8.184729e-01 -2.227250e-01 5.296184e-01
    outer loop
      vertex   -7.988928e+02 3.208900e+02 -4.956050e+01
      vertex   -7.989743e+02 3.202821e+02 -4.969020e+01
      vertex   -7.985946e+02 3.209572e+02 -4.999307e+01
    endloop
  endfacet
  facet normal 8.184729e-01 -2.227250e-01 5.296184e-01
    outer loop
      vertex   -7.985946e+02 3.209572e+02 -4.999307e+01
      vertex   -7.989743e+02 3.202821e+02 -4.969020e+01
      vertex   -7.986568e+02 3.203536e+02 -5.015068e+01
    endloop
  endfacet
  facet normal 8.882103e-01 -1.996736e-01 4.137787e-01
    outer loop
      vertex   -7.985946e+02 3.209572e+02 -4.999307e+01
      vertex   -7.986568e+02 3.203536e+02 -5.015068e+01
      vertex   -7.983556e+02 3.210676e+02 -5.045273e+01
    endloop
  endfacet
  facet normal 8.882103e-01 -1.996736e-01 4.137787e-01
    outer loop
      vertex   -7.983556e+02 3.210676e+02 -5.045273e+01
      vertex   -7.986568e+02 3.203536e+02 -5.015068e+01
      vertex   -7.984025e+02 3.204711e+02 -5.063998e+01
    endloop
  endfacet
  facet normal 9.417132e-01 -1.658628e-01 2.926873e-01
    outer loop
      vertex   -7.983556e+02 3.210676e+02 -5.045273e+01
      vertex   -7.984025e+02 3.204711e+02 -5.063998e+01
      vertex   -7.981822e+02 3.212174e+02 -5.092574e+01
    endloop
  endfacet
  facet normal 9.417473e-01 -1.659295e-01 2.925395e-01
    outer loop
      vertex   -7.981822e+02 3.212174e+02 -5.092574e+01
      vertex   -7.984025e+02 3.204711e+02 -5.063998e+01
      vertex   -7.982176e+02 3.206309e+02 -5.114445e+01
    endloop
  endfacet
  facet normal 9.782323e-01 -1.217163e-01 1.680675e-01
    outer loop
      vertex   -7.981822e+02 3.212174e+02 -5.092574e+01
      vertex   -7.982176e+02 3.206309e+02 -5.114445e+01
      vertex   -7.980749e+02 3.214073e+02 -5.141288e+01
    endloop
  endfacet
  facet normal 9.782519e-01 -1.217735e-01 1.679122e-01
    outer loop
      vertex   -7.980749e+02 3.214073e+02 -5.141288e+01
      vertex   -7.982176e+02 3.206309e+02 -5.114445e+01
      vertex   -7.981036e+02 3.208327e+02 -5.166208e+01
    endloop
  endfacet
  facet normal 5.081828e-01 -7.589824e-01 4.070577e-01
    outer loop
      vertex   -8.000384e+02 3.186686e+02 -4.995910e+01
      vertex   -8.003757e+02 3.182619e+02 -5.029644e+01
      vertex   -7.996530e+02 3.186934e+02 -5.039400e+01
    endloop
  endfacet
  facet normal 5.081828e-01 -7.589824e-01 4.070577e-01
    outer loop
      vertex   -7.996530e+02 3.186934e+02 -5.039400e+01
      vertex   -8.003757e+02 3.182619e+02 -5.029644e+01
      vertex   -8.000055e+02 3.182857e+02 -5.071428e+01
    endloop
  endfacet
  facet normal 5.960555e-01 -7.468331e-01 2.948868e-01
    outer loop
      vertex   -7.996530e+02 3.186934e+02 -5.039400e+01
      vertex   -8.000055e+02 3.182857e+02 -5.071428e+01
      vertex   -7.993256e+02 3.187672e+02 -5.086898e+01
    endloop
  endfacet
  facet normal 5.960555e-01 -7.468331e-01 2.948868e-01
    outer loop
      vertex   -7.993256e+02 3.187672e+02 -5.086898e+01
      vertex   -8.000055e+02 3.182857e+02 -5.071428e+01
      vertex   -7.996909e+02 3.183565e+02 -5.117062e+01
    endloop
  endfacet
  facet normal 6.687655e-01 -7.227992e-01 1.741094e-01
    outer loop
      vertex   -7.993256e+02 3.187672e+02 -5.086898e+01
      vertex   -7.996909e+02 3.183565e+02 -5.117062e+01
      vertex   -7.990632e+02 3.188884e+02 -5.137369e+01
    endloop
  endfacet
  facet normal 4.161773e-01 -8.510052e-01 3.202915e-01
    outer loop
      vertex   -8.003757e+02 3.182619e+02 -5.029644e+01
      vertex   -8.007539e+02 3.179346e+02 -5.067459e+01
      vertex   -8.000055e+02 3.182857e+02 -5.071428e+01
    endloop
  endfacet
  facet normal 4.161773e-01 -8.510052e-01 3.202915e-01
    outer loop
      vertex   -8.000055e+02 3.182857e+02 -5.071428e+01
      vertex   -8.007539e+02 3.179346e+02 -5.067459e+01
      vertex   -8.004078e+02 3.179569e+02 -5.106509e+01
    endloop
  endfacet
  facet normal 4.994969e-01 -8.394853e-01 2.139327e-01
    outer loop
      vertex   -8.000055e+02 3.182857e+02 -5.071428e+01
      vertex   -8.004078e+02 3.179569e+02 -5.106509e+01
      vertex   -7.996909e+02 3.183565e+02 -5.117062e+01
    endloop
  endfacet
  facet normal 3.139260e-01 -9.222480e-01 2.256304e-01
    outer loop
      vertex   -8.007539e+02 3.179346e+02 -5.067459e+01
      vertex   -8.011635e+02 3.176949e+02 -5.108424e+01
      vertex   -8.004078e+02 3.179569e+02 -5.106509e+01
    endloop
  endfacet
  facet normal 2.038996e-01 -9.709318e-01 1.253650e-01
    outer loop
      vertex   -8.013217e+02 3.175663e+02 -5.182332e+01
      vertex   -8.008502e+02 3.177151e+02 -5.143782e+01
      vertex   -8.015946e+02 3.175488e+02 -5.151534e+01
    endloop
  endfacet
  facet normal 5.684395e-01 -8.166967e-01 9.941344e-02
    outer loop
      vertex   -7.998783e+02 3.181319e+02 -5.194477e+01
      vertex   -7.994388e+02 3.184730e+02 -5.165552e+01
      vertex   -8.001138e+02 3.180231e+02 -5.149158e+01
    endloop
  endfacet
  facet normal -7.133918e-02 -3.427761e-04 9.974521e-01
    outer loop
      vertex   -9.696064e+02 4.784991e+02 -4.799802e+01
      vertex   -9.696628e+02 4.654157e+02 -4.800655e+01
      vertex   -9.690371e+02 4.784991e+02 -4.795730e+01
    endloop
  endfacet
  facet normal -7.845910e-02 -2.622060e-07 9.969173e-01
    outer loop
      vertex   -9.690371e+02 4.784991e+02 -4.795730e+01
      vertex   -9.696628e+02 4.654157e+02 -4.800655e+01
      vertex   -9.696628e+02 4.523324e+02 -4.800655e+01
    endloop
  endfacet
  facet normal -7.845910e-02 -2.622060e-07 9.969173e-01
    outer loop
      vertex   -9.690371e+02 4.784991e+02 -4.795730e+01
      vertex   -9.696628e+02 4.523324e+02 -4.800655e+01
      vertex   -9.696627e+02 4.392491e+02 -4.800655e+01
    endloop
  endfacet
  facet normal -2.334454e-01 -7.801617e-07 9.723699e-01
    outer loop
      vertex   -9.696627e+02 4.392491e+02 -4.800655e+01
      vertex   -9.696628e+02 4.523324e+02 -4.800655e+01
      vertex   -9.702731e+02 4.392491e+02 -4.815308e+01
    endloop
  endfacet
  facet normal -2.334454e-01 -7.801617e-07 9.723699e-01
    outer loop
      vertex   -9.696627e+02 4.392491e+02 -4.800655e+01
      vertex   -9.702731e+02 4.392491e+02 -4.815308e+01
      vertex   -9.702730e+02 4.261657e+02 -4.815308e+01
    endloop
  endfacet
  facet normal -3.826834e-01 -1.278907e-06 9.238795e-01
    outer loop
      vertex   -9.702730e+02 4.261657e+02 -4.815308e+01
      vertex   -9.702731e+02 4.392491e+02 -4.815308e+01
      vertex   -9.708529e+02 4.261657e+02 -4.839328e+01
    endloop
  endfacet
  facet normal -3.826834e-01 -1.278907e-06 9.238795e-01
    outer loop
      vertex   -9.702730e+02 4.261657e+02 -4.815308e+01
      vertex   -9.708529e+02 4.261657e+02 -4.839328e+01
      vertex   -9.708529e+02 4.130824e+02 -4.839328e+01
    endloop
  endfacet
  facet normal -5.224986e-01 -1.746162e-06 8.526402e-01
    outer loop
      vertex   -9.708529e+02 4.130824e+02 -4.839328e+01
      vertex   -9.708529e+02 4.261657e+02 -4.839328e+01
      vertex   -9.713880e+02 4.130824e+02 -4.872124e+01
    endloop
  endfacet
  facet normal -5.224986e-01 -1.746162e-06 8.526402e-01
    outer loop
      vertex   -9.708529e+02 4.130824e+02 -4.839328e+01
      vertex   -9.713880e+02 4.130824e+02 -4.872124e+01
      vertex   -9.713880e+02 3.999990e+02 -4.872124e+01
    endloop
  endfacet
  facet normal -6.494480e-01 -2.170420e-06 7.604060e-01
    outer loop
      vertex   -9.713880e+02 3.999990e+02 -4.872124e+01
      vertex   -9.713880e+02 4.130824e+02 -4.872124e+01
      vertex   -9.718653e+02 3.999990e+02 -4.912888e+01
    endloop
  endfacet
  facet normal -6.494480e-01 -2.170420e-06 7.604060e-01
    outer loop
      vertex   -9.713880e+02 3.999990e+02 -4.872124e+01
      vertex   -9.718653e+02 3.999990e+02 -4.912888e+01
      vertex   -9.718652e+02 3.869157e+02 -4.912888e+01
    endloop
  endfacet
  facet normal -7.604060e-01 -2.541235e-06 6.494480e-01
    outer loop
      vertex   -9.718652e+02 3.869157e+02 -4.912888e+01
      vertex   -9.718653e+02 3.999990e+02 -4.912888e+01
      vertex   -9.722729e+02 3.869157e+02 -4.960616e+01
    endloop
  endfacet
  facet normal -7.604060e-01 -2.541235e-06 6.494480e-01
    outer loop
      vertex   -9.718652e+02 3.869157e+02 -4.912888e+01
      vertex   -9.722729e+02 3.869157e+02 -4.960616e+01
      vertex   -9.722728e+02 3.738324e+02 -4.960616e+01
    endloop
  endfacet
  facet normal -8.526402e-01 -2.849477e-06 5.224986e-01
    outer loop
      vertex   -9.722728e+02 3.738324e+02 -4.960616e+01
      vertex   -9.722729e+02 3.869157e+02 -4.960616e+01
      vertex   -9.726008e+02 3.738324e+02 -5.014134e+01
    endloop
  endfacet
  facet normal -8.526402e-01 -2.849477e-06 5.224986e-01
    outer loop
      vertex   -9.722728e+02 3.738324e+02 -4.960616e+01
      vertex   -9.726008e+02 3.738324e+02 -5.014134e+01
      vertex   -9.726008e+02 3.607490e+02 -5.014134e+01
    endloop
  endfacet
  facet normal -9.238795e-01 -3.087555e-06 3.826834e-01
    outer loop
      vertex   -9.726008e+02 3.607490e+02 -5.014134e+01
      vertex   -9.726008e+02 3.738324e+02 -5.014134e+01
      vertex   -9.728410e+02 3.607490e+02 -5.072124e+01
    endloop
  endfacet
  facet normal -9.238795e-01 -3.087555e-06 3.826834e-01
    outer loop
      vertex   -9.726008e+02 3.607490e+02 -5.014134e+01
      vertex   -9.728410e+02 3.607490e+02 -5.072124e+01
      vertex   -9.728409e+02 3.476657e+02 -5.072124e+01
    endloop
  endfacet
  facet normal -9.723699e-01 -3.249607e-06 2.334454e-01
    outer loop
      vertex   -9.728409e+02 3.476657e+02 -5.072124e+01
      vertex   -9.728410e+02 3.607490e+02 -5.072124e+01
      vertex   -9.729874e+02 3.476657e+02 -5.133157e+01
    endloop
  endfacet
  facet normal -9.723699e-01 -3.249607e-06 2.334454e-01
    outer loop
      vertex   -9.728409e+02 3.476657e+02 -5.072124e+01
      vertex   -9.729874e+02 3.476657e+02 -5.133157e+01
      vertex   -9.729874e+02 3.345824e+02 -5.133157e+01
    endloop
  endfacet
  facet normal -9.969173e-01 -3.331643e-06 7.845910e-02
    outer loop
      vertex   -9.729874e+02 3.345824e+02 -5.133157e+01
      vertex   -9.729874e+02 3.476657e+02 -5.133157e+01
      vertex   -9.730366e+02 3.214990e+02 -5.195730e+01
    endloop
  endfacet
  facet normal -9.974521e-01 3.392043e-04 7.133918e-02
    outer loop
      vertex   -9.729874e+02 3.345824e+02 -5.133157e+01
      vertex   -9.730366e+02 3.214990e+02 -5.195730e+01
      vertex   -9.729959e+02 3.214990e+02 -5.138804e+01
    endloop
  endfacet
  facet normal -2.125653e-01 2.796430e-04 9.771468e-01
    outer loop
      vertex   -9.696064e+02 4.784991e+02 -4.799802e+01
      vertex   -9.701641e+02 4.784991e+02 -4.811933e+01
      vertex   -9.696628e+02 4.654157e+02 -4.800655e+01
    endloop
  endfacet
  facet normal -2.334453e-01 -5.614726e-04 9.723698e-01
    outer loop
      vertex   -9.696628e+02 4.654157e+02 -4.800655e+01
      vertex   -9.701641e+02 4.784991e+02 -4.811933e+01
      vertex   -9.702731e+02 4.654157e+02 -4.815308e+01
    endloop
  endfacet
  facet normal -2.334454e-01 -7.801617e-07 9.723699e-01
    outer loop
      vertex   -9.696628e+02 4.654157e+02 -4.800655e+01
      vertex   -9.702731e+02 4.654157e+02 -4.815308e+01
      vertex   -9.702731e+02 4.523324e+02 -4.815308e+01
    endloop
  endfacet
  facet normal -3.826834e-01 -1.278907e-06 9.238795e-01
    outer loop
      vertex   -9.702731e+02 4.523324e+02 -4.815308e+01
      vertex   -9.702731e+02 4.654157e+02 -4.815308e+01
      vertex   -9.708530e+02 4.523324e+02 -4.839328e+01
    endloop
  endfacet
  facet normal -3.826834e-01 -1.278907e-06 9.238795e-01
    outer loop
      vertex   -9.702731e+02 4.523324e+02 -4.815308e+01
      vertex   -9.708530e+02 4.523324e+02 -4.839328e+01
      vertex   -9.708530e+02 4.392491e+02 -4.839328e+01
    endloop
  endfacet
  facet normal -5.224986e-01 -1.746162e-06 8.526402e-01
    outer loop
      vertex   -9.708530e+02 4.392491e+02 -4.839328e+01
      vertex   -9.708530e+02 4.523324e+02 -4.839328e+01
      vertex   -9.713881e+02 4.392490e+02 -4.872124e+01
    endloop
  endfacet
  facet normal -5.224986e-01 -1.746162e-06 8.526402e-01
    outer loop
      vertex   -9.708530e+02 4.392491e+02 -4.839328e+01
      vertex   -9.713881e+02 4.392490e+02 -4.872124e+01
      vertex   -9.713881e+02 4.261657e+02 -4.872124e+01
    endloop
  endfacet
  facet normal -6.494480e-01 -2.170420e-06 7.604060e-01
    outer loop
      vertex   -9.713881e+02 4.261657e+02 -4.872124e+01
      vertex   -9.713881e+02 4.392490e+02 -4.872124e+01
      vertex   -9.718654e+02 4.261657e+02 -4.912888e+01
    endloop
  endfacet
  facet normal -6.494480e-01 -2.170420e-06 7.604060e-01
    outer loop
      vertex   -9.713881e+02 4.261657e+02 -4.872124e+01
      vertex   -9.718654e+02 4.261657e+02 -4.912888e+01
      vertex   -9.718653e+02 4.130824e+02 -4.912888e+01
    endloop
  endfacet
  facet normal -7.604060e-01 -2.541235e-06 6.494480e-01
    outer loop
      vertex   -9.718653e+02 4.130824e+02 -4.912888e+01
      vertex   -9.718654e+02 4.261657e+02 -4.912888e+01
      vertex   -9.722730e+02 4.130824e+02 -4.960616e+01
    endloop
  endfacet
  facet normal -7.604060e-01 -2.541235e-06 6.494480e-01
    outer loop
      vertex   -9.718653e+02 4.130824e+02 -4.912888e+01
      vertex   -9.722730e+02 4.130824e+02 -4.960616e+01
      vertex   -9.722729e+02 3.999990e+02 -4.960616e+01
    endloop
  endfacet
  facet normal -8.526402e-01 -2.849477e-06 5.224986e-01
    outer loop
      vertex   -9.722729e+02 3.999990e+02 -4.960616e+01
      vertex   -9.722730e+02 4.130824e+02 -4.960616e+01
      vertex   -9.726009e+02 3.999990e+02 -5.014134e+01
    endloop
  endfacet
  facet normal -8.526402e-01 -2.849477e-06 5.224986e-01
    outer loop
      vertex   -9.722729e+02 3.999990e+02 -4.960616e+01
      vertex   -9.726009e+02 3.999990e+02 -5.014134e+01
      vertex   -9.726008e+02 3.869157e+02 -5.014134e+01
    endloop
  endfacet
  facet normal -9.238795e-01 -3.087555e-06 3.826834e-01
    outer loop
      vertex   -9.726008e+02 3.869157e+02 -5.014134e+01
      vertex   -9.726009e+02 3.999990e+02 -5.014134e+01
      vertex   -9.728410e+02 3.869157e+02 -5.072124e+01
    endloop
  endfacet
  facet normal -9.238795e-01 -3.087555e-06 3.826834e-01
    outer loop
      vertex   -9.726008e+02 3.869157e+02 -5.014134e+01
      vertex   -9.728410e+02 3.869157e+02 -5.072124e+01
      vertex   -9.728410e+02 3.738324e+02 -5.072124e+01
    endloop
  endfacet
  facet normal -9.723699e-01 -3.249607e-06 2.334454e-01
    outer loop
      vertex   -9.728410e+02 3.738324e+02 -5.072124e+01
      vertex   -9.728410e+02 3.869157e+02 -5.072124e+01
      vertex   -9.729875e+02 3.738324e+02 -5.133157e+01
    endloop
  endfacet
  facet normal -9.723699e-01 -3.249607e-06 2.334454e-01
    outer loop
      vertex   -9.728410e+02 3.738324e+02 -5.072124e+01
      vertex   -9.729875e+02 3.738324e+02 -5.133157e+01
      vertex   -9.729875e+02 3.607490e+02 -5.133157e+01
    endloop
  endfacet
  facet normal -9.969173e-01 -3.331643e-06 7.845910e-02
    outer loop
      vertex   -9.729875e+02 3.607490e+02 -5.133157e+01
      vertex   -9.729875e+02 3.738324e+02 -5.133157e+01
      vertex   -9.730366e+02 3.214990e+02 -5.195730e+01
    endloop
  endfacet
  facet normal -9.969173e-01 -3.331643e-06 7.845910e-02
    outer loop
      vertex   -9.729875e+02 3.607490e+02 -5.133157e+01
      vertex   -9.730366e+02 3.214990e+02 -5.195730e+01
      vertex   -9.729874e+02 3.476657e+02 -5.133157e+01
    endloop
  endfacet
  facet normal -3.494641e-01 4.972974e-04 9.369496e-01
    outer loop
      vertex   -9.701641e+02 4.784991e+02 -4.811933e+01
      vertex   -9.706988e+02 4.784991e+02 -4.831878e+01
      vertex   -9.702731e+02 4.654157e+02 -4.815308e+01
    endloop
  endfacet
  facet normal -3.826833e-01 -7.489450e-04 9.238793e-01
    outer loop
      vertex   -9.702731e+02 4.654157e+02 -4.815308e+01
      vertex   -9.706988e+02 4.784991e+02 -4.831878e+01
      vertex   -9.708530e+02 4.654157e+02 -4.839328e+01
    endloop
  endfacet
  facet normal -3.826834e-01 -1.278907e-06 9.238795e-01
    outer loop
      vertex   -9.702731e+02 4.654157e+02 -4.815308e+01
      vertex   -9.708530e+02 4.654157e+02 -4.839328e+01
      vertex   -9.708530e+02 4.523324e+02 -4.839328e+01
    endloop
  endfacet
  facet normal -5.224986e-01 -1.746162e-06 8.526402e-01
    outer loop
      vertex   -9.708530e+02 4.523324e+02 -4.839328e+01
      vertex   -9.708530e+02 4.654157e+02 -4.839328e+01
      vertex   -9.713882e+02 4.523324e+02 -4.872124e+01
    endloop
  endfacet
  facet normal -5.224986e-01 -1.746162e-06 8.526402e-01
    outer loop
      vertex   -9.708530e+02 4.523324e+02 -4.839328e+01
      vertex   -9.713882e+02 4.523324e+02 -4.872124e+01
      vertex   -9.713881e+02 4.392490e+02 -4.872124e+01
    endloop
  endfacet
  facet normal -6.494480e-01 -2.170420e-06 7.604060e-01
    outer loop
      vertex   -9.713881e+02 4.392490e+02 -4.872124e+01
      vertex   -9.713882e+02 4.523324e+02 -4.872124e+01
      vertex   -9.718654e+02 4.392490e+02 -4.912888e+01
    endloop
  endfacet
  facet normal -6.494480e-01 -2.170420e-06 7.604060e-01
    outer loop
      vertex   -9.713881e+02 4.392490e+02 -4.872124e+01
      vertex   -9.718654e+02 4.392490e+02 -4.912888e+01
      vertex   -9.718654e+02 4.261657e+02 -4.912888e+01
    endloop
  endfacet
  facet normal -7.604060e-01 -2.541235e-06 6.494480e-01
    outer loop
      vertex   -9.718654e+02 4.261657e+02 -4.912888e+01
      vertex   -9.718654e+02 4.392490e+02 -4.912888e+01
      vertex   -9.722730e+02 4.261657e+02 -4.960616e+01
    endloop
  endfacet
  facet normal -7.604060e-01 -2.541235e-06 6.494480e-01
    outer loop
      vertex   -9.718654e+02 4.261657e+02 -4.912888e+01
      vertex   -9.722730e+02 4.261657e+02 -4.960616e+01
      vertex   -9.722730e+02 4.130824e+02 -4.960616e+01
    endloop
  endfacet
  facet normal -8.526402e-01 -2.849477e-06 5.224986e-01
    outer loop
      vertex   -9.722730e+02 4.130824e+02 -4.960616e+01
      vertex   -9.722730e+02 4.261657e+02 -4.960616e+01
      vertex   -9.726009e+02 4.130824e+02 -5.014134e+01
    endloop
  endfacet
  facet normal -8.526402e-01 -2.849477e-06 5.224986e-01
    outer loop
      vertex   -9.722730e+02 4.130824e+02 -4.960616e+01
      vertex   -9.726009e+02 4.130824e+02 -5.014134e+01
      vertex   -9.726009e+02 3.999990e+02 -5.014134e+01
    endloop
  endfacet
  facet normal -9.238795e-01 -3.087555e-06 3.826834e-01
    outer loop
      vertex   -9.726009e+02 3.999990e+02 -5.014134e+01
      vertex   -9.726009e+02 4.130824e+02 -5.014134e+01
      vertex   -9.728411e+02 3.999990e+02 -5.072124e+01
    endloop
  endfacet
  facet normal -9.238795e-01 -3.087555e-06 3.826834e-01
    outer loop
      vertex   -9.726009e+02 3.999990e+02 -5.014134e+01
      vertex   -9.728411e+02 3.999990e+02 -5.072124e+01
      vertex   -9.728410e+02 3.869157e+02 -5.072124e+01
    endloop
  endfacet
  facet normal -9.723699e-01 -3.249607e-06 2.334454e-01
    outer loop
      vertex   -9.728410e+02 3.869157e+02 -5.072124e+01
      vertex   -9.728411e+02 3.999990e+02 -5.072124e+01
      vertex   -9.729876e+02 3.869157e+02 -5.133157e+01
    endloop
  endfacet
  facet normal -9.723699e-01 -3.249607e-06 2.334454e-01
    outer loop
      vertex   -9.728410e+02 3.869157e+02 -5.072124e+01
      vertex   -9.729876e+02 3.869157e+02 -5.133157e+01
      vertex   -9.729875e+02 3.738324e+02 -5.133157e+01
    endloop
  endfacet
  facet normal -9.969173e-01 -3.331643e-06 7.845910e-02
    outer loop
      vertex   -9.729875e+02 3.738324e+02 -5.133157e+01
      vertex   -9.729876e+02 3.869157e+02 -5.133157e+01
      vertex   -9.730366e+02 3.214990e+02 -5.195730e+01
    endloop
  endfacet
  facet normal -4.792489e-01 6.526897e-04 8.776788e-01
    outer loop
      vertex   -9.706988e+02 4.784991e+02 -4.831878e+01
      vertex   -9.711997e+02 4.784990e+02 -4.859229e+01
      vertex   -9.708530e+02 4.654157e+02 -4.839328e+01
    endloop
  endfacet
  facet normal -5.224984e-01 -8.740825e-04 8.526398e-01
    outer loop
      vertex   -9.708530e+02 4.654157e+02 -4.839328e+01
      vertex   -9.711997e+02 4.784990e+02 -4.859229e+01
      vertex   -9.713882e+02 4.654157e+02 -4.872124e+01
    endloop
  endfacet
  facet normal -5.224986e-01 -1.746162e-06 8.526402e-01
    outer loop
      vertex   -9.708530e+02 4.654157e+02 -4.839328e+01
      vertex   -9.713882e+02 4.654157e+02 -4.872124e+01
      vertex   -9.713882e+02 4.523324e+02 -4.872124e+01
    endloop
  endfacet
  facet normal -6.494480e-01 -2.170420e-06 7.604060e-01
    outer loop
      vertex   -9.713882e+02 4.523324e+02 -4.872124e+01
      vertex   -9.713882e+02 4.654157e+02 -4.872124e+01
      vertex   -9.718655e+02 4.523324e+02 -4.912888e+01
    endloop
  endfacet
  facet normal -6.494480e-01 -2.170420e-06 7.604060e-01
    outer loop
      vertex   -9.713882e+02 4.523324e+02 -4.872124e+01
      vertex   -9.718655e+02 4.523324e+02 -4.912888e+01
      vertex   -9.718654e+02 4.392490e+02 -4.912888e+01
    endloop
  endfacet
  facet normal -7.604060e-01 -2.541235e-06 6.494480e-01
    outer loop
      vertex   -9.718654e+02 4.392490e+02 -4.912888e+01
      vertex   -9.718655e+02 4.523324e+02 -4.912888e+01
      vertex   -9.722731e+02 4.392490e+02 -4.960616e+01
    endloop
  endfacet
  facet normal -7.604060e-01 -2.541235e-06 6.494480e-01
    outer loop
      vertex   -9.718654e+02 4.392490e+02 -4.912888e+01
      vertex   -9.722731e+02 4.392490e+02 -4.960616e+01
      vertex   -9.722730e+02 4.261657e+02 -4.960616e+01
    endloop
  endfacet
  facet normal -8.526402e-01 -2.849477e-06 5.224986e-01
    outer loop
      vertex   -9.722730e+02 4.261657e+02 -4.960616e+01
      vertex   -9.722731e+02 4.392490e+02 -4.960616e+01
      vertex   -9.726010e+02 4.261657e+02 -5.014134e+01
    endloop
  endfacet
  facet normal -8.526402e-01 -2.849477e-06 5.224986e-01
    outer loop
      vertex   -9.722730e+02 4.261657e+02 -4.960616e+01
      vertex   -9.726010e+02 4.261657e+02 -5.014134e+01
      vertex   -9.726009e+02 4.130824e+02 -5.014134e+01
    endloop
  endfacet
  facet normal -9.238795e-01 -3.087555e-06 3.826834e-01
    outer loop
      vertex   -9.726009e+02 4.130824e+02 -5.014134e+01
      vertex   -9.726010e+02 4.261657e+02 -5.014134e+01
      vertex   -9.728411e+02 4.130824e+02 -5.072124e+01
    endloop
  endfacet
  facet normal -9.238795e-01 -3.087555e-06 3.826834e-01
    outer loop
      vertex   -9.726009e+02 4.130824e+02 -5.014134e+01
      vertex   -9.728411e+02 4.130824e+02 -5.072124e+01
      vertex   -9.728411e+02 3.999990e+02 -5.072124e+01
    endloop
  endfacet
  facet normal -9.723699e-01 -3.249607e-06 2.334454e-01
    outer loop
      vertex   -9.728411e+02 3.999990e+02 -5.072124e+01
      vertex   -9.728411e+02 4.130824e+02 -5.072124e+01
      vertex   -9.729876e+02 3.999990e+02 -5.133157e+01
    endloop
  endfacet
  facet normal -9.723699e-01 -3.249607e-06 2.334454e-01
    outer loop
      vertex   -9.728411e+02 3.999990e+02 -5.072124e+01
      vertex   -9.729876e+02 3.999990e+02 -5.133157e+01
      vertex   -9.729876e+02 3.869157e+02 -5.133157e+01
    endloop
  endfacet
  facet normal -9.969173e-01 -3.331643e-06 7.845910e-02
    outer loop
      vertex   -9.729876e+02 3.869157e+02 -5.133157e+01
      vertex   -9.729876e+02 3.999990e+02 -5.133157e+01
      vertex   -9.730366e+02 3.214990e+02 -5.195730e+01
    endloop
  endfacet
  facet normal -5.992775e-01 7.457968e-04 8.005410e-01
    outer loop
      vertex   -9.711997e+02 4.784990e+02 -4.859229e+01
      vertex   -9.716566e+02 4.784990e+02 -4.893431e+01
      vertex   -9.713882e+02 4.654157e+02 -4.872124e+01
    endloop
  endfacet
  facet normal -6.494478e-01 -9.368482e-04 7.604056e-01
    outer loop
      vertex   -9.713882e+02 4.654157e+02 -4.872124e+01
      vertex   -9.716566e+02 4.784990e+02 -4.893431e+01
      vertex   -9.718655e+02 4.654157e+02 -4.912888e+01
    endloop
  endfacet
  facet normal -6.494480e-01 -2.170420e-06 7.604060e-01
    outer loop
      vertex   -9.713882e+02 4.654157e+02 -4.872124e+01
      vertex   -9.718655e+02 4.654157e+02 -4.912888e+01
      vertex   -9.718655e+02 4.523324e+02 -4.912888e+01
    endloop
  endfacet
  facet normal -7.604060e-01 -2.541235e-06 6.494480e-01
    outer loop
      vertex   -9.718655e+02 4.523324e+02 -4.912888e+01
      vertex   -9.718655e+02 4.654157e+02 -4.912888e+01
      vertex   -9.722731e+02 4.523324e+02 -4.960616e+01
    endloop
  endfacet
  facet normal -7.604060e-01 -2.541235e-06 6.494480e-01
    outer loop
      vertex   -9.718655e+02 4.523324e+02 -4.912888e+01
      vertex   -9.722731e+02 4.523324e+02 -4.960616e+01
      vertex   -9.722731e+02 4.392490e+02 -4.960616e+01
    endloop
  endfacet
  facet normal -8.526402e-01 -2.849477e-06 5.224986e-01
    outer loop
      vertex   -9.722731e+02 4.392490e+02 -4.960616e+01
      vertex   -9.722731e+02 4.523324e+02 -4.960616e+01
      vertex   -9.726010e+02 4.392490e+02 -5.014134e+01
    endloop
  endfacet
  facet normal -8.526402e-01 -2.849477e-06 5.224986e-01
    outer loop
      vertex   -9.722731e+02 4.392490e+02 -4.960616e+01
      vertex   -9.726010e+02 4.392490e+02 -5.014134e+01
      vertex   -9.726010e+02 4.261657e+02 -5.014134e+01
    endloop
  endfacet
  facet normal -9.238795e-01 -3.087555e-06 3.826834e-01
    outer loop
      vertex   -9.726010e+02 4.261657e+02 -5.014134e+01
      vertex   -9.726010e+02 4.392490e+02 -5.014134e+01
      vertex   -9.728412e+02 4.261657e+02 -5.072124e+01
    endloop
  endfacet
  facet normal -9.238795e-01 -3.087555e-06 3.826834e-01
    outer loop
      vertex   -9.726010e+02 4.261657e+02 -5.014134e+01
      vertex   -9.728412e+02 4.261657e+02 -5.072124e+01
      vertex   -9.728411e+02 4.130824e+02 -5.072124e+01
    endloop
  endfacet
  facet normal -9.723699e-01 -3.249607e-06 2.334454e-01
    outer loop
      vertex   -9.728411e+02 4.130824e+02 -5.072124e+01
      vertex   -9.728412e+02 4.261657e+02 -5.072124e+01
      vertex   -9.729877e+02 4.130824e+02 -5.133157e+01
    endloop
  endfacet
  facet normal -9.723699e-01 -3.249607e-06 2.334454e-01
    outer loop
      vertex   -9.728411e+02 4.130824e+02 -5.072124e+01
      vertex   -9.729877e+02 4.130824e+02 -5.133157e+01
      vertex   -9.729876e+02 3.999990e+02 -5.133157e+01
    endloop
  endfacet
  facet normal -9.969173e-01 -3.331643e-06 7.845910e-02
    outer loop
      vertex   -9.729876e+02 3.999990e+02 -5.133157e+01
      vertex   -9.729877e+02 4.130824e+02 -5.133157e+01
      vertex   -9.730366e+02 3.214990e+02 -5.195730e+01
    endloop
  endfacet
  facet normal -7.071066e-01 7.766080e-04 7.071066e-01
    outer loop
      vertex   -9.716566e+02 4.784990e+02 -4.893431e+01
      vertex   -9.720601e+02 4.784990e+02 -4.933786e+01
      vertex   -9.718655e+02 4.654157e+02 -4.912888e+01
    endloop
  endfacet
  facet normal -7.604056e-01 -9.372191e-04 6.494478e-01
    outer loop
      vertex   -9.718655e+02 4.654157e+02 -4.912888e+01
      vertex   -9.720601e+02 4.784990e+02 -4.933786e+01
      vertex   -9.722731e+02 4.654157e+02 -4.960616e+01
    endloop
  endfacet
  facet normal -7.604060e-01 -2.541235e-06 6.494480e-01
    outer loop
      vertex   -9.718655e+02 4.654157e+02 -4.912888e+01
      vertex   -9.722731e+02 4.654157e+02 -4.960616e+01
      vertex   -9.722731e+02 4.523324e+02 -4.960616e+01
    endloop
  endfacet
  facet normal -8.526402e-01 -2.849477e-06 5.224986e-01
    outer loop
      vertex   -9.722731e+02 4.523324e+02 -4.960616e+01
      vertex   -9.722731e+02 4.654157e+02 -4.960616e+01
      vertex   -9.726011e+02 4.523324e+02 -5.014134e+01
    endloop
  endfacet
  facet normal -8.526402e-01 -2.849477e-06 5.224986e-01
    outer loop
      vertex   -9.722731e+02 4.523324e+02 -4.960616e+01
      vertex   -9.726011e+02 4.523324e+02 -5.014134e+01
      vertex   -9.726010e+02 4.392490e+02 -5.014134e+01
    endloop
  endfacet
  facet normal -9.238795e-01 -3.087555e-06 3.826834e-01
    outer loop
      vertex   -9.726010e+02 4.392490e+02 -5.014134e+01
      vertex   -9.726011e+02 4.523324e+02 -5.014134e+01
      vertex   -9.728412e+02 4.392490e+02 -5.072124e+01
    endloop
  endfacet
  facet normal -9.238795e-01 -3.087555e-06 3.826834e-01
    outer loop
      vertex   -9.726010e+02 4.392490e+02 -5.014134e+01
      vertex   -9.728412e+02 4.392490e+02 -5.072124e+01
      vertex   -9.728412e+02 4.261657e+02 -5.072124e+01
    endloop
  endfacet
  facet normal -9.723699e-01 -3.249607e-06 2.334454e-01
    outer loop
      vertex   -9.728412e+02 4.261657e+02 -5.072124e+01
      vertex   -9.728412e+02 4.392490e+02 -5.072124e+01
      vertex   -9.729877e+02 4.261657e+02 -5.133157e+01
    endloop
  endfacet
  facet normal -9.723699e-01 -3.249607e-06 2.334454e-01
    outer loop
      vertex   -9.728412e+02 4.261657e+02 -5.072124e+01
      vertex   -9.729877e+02 4.261657e+02 -5.133157e+01
      vertex   -9.729877e+02 4.130824e+02 -5.133157e+01
    endloop
  endfacet
  facet normal -9.969173e-01 -3.331643e-06 7.845910e-02
    outer loop
      vertex   -9.729877e+02 4.130824e+02 -5.133157e+01
      vertex   -9.729877e+02 4.261657e+02 -5.133157e+01
      vertex   -9.730366e+02 3.214990e+02 -5.195730e+01
    endloop
  endfacet
  facet normal -8.005410e-01 7.451242e-04 5.992775e-01
    outer loop
      vertex   -9.720601e+02 4.784990e+02 -4.933786e+01
      vertex   -9.724021e+02 4.784990e+02 -4.979474e+01
      vertex   -9.722731e+02 4.654157e+02 -4.960616e+01
    endloop
  endfacet
  facet normal -8.526398e-01 -8.751858e-04 5.224984e-01
    outer loop
      vertex   -9.722731e+02 4.654157e+02 -4.960616e+01
      vertex   -9.724021e+02 4.784990e+02 -4.979474e+01
      vertex   -9.726011e+02 4.654157e+02 -5.014134e+01
    endloop
  endfacet
  facet normal -8.526402e-01 -2.849477e-06 5.224986e-01
    outer loop
      vertex   -9.722731e+02 4.654157e+02 -4.960616e+01
      vertex   -9.726011e+02 4.654157e+02 -5.014134e+01
      vertex   -9.726011e+02 4.523324e+02 -5.014134e+01
    endloop
  endfacet
  facet normal -9.238795e-01 -3.087555e-06 3.826834e-01
    outer loop
      vertex   -9.726011e+02 4.523324e+02 -5.014134e+01
      vertex   -9.726011e+02 4.654157e+02 -5.014134e+01
      vertex   -9.728413e+02 4.523324e+02 -5.072124e+01
    endloop
  endfacet
  facet normal -9.238795e-01 -3.087555e-06 3.826834e-01
    outer loop
      vertex   -9.726011e+02 4.523324e+02 -5.014134e+01
      vertex   -9.728413e+02 4.523324e+02 -5.072124e+01
      vertex   -9.728412e+02 4.392490e+02 -5.072124e+01
    endloop
  endfacet
  facet normal -9.723699e-01 -3.249607e-06 2.334454e-01
    outer loop
      vertex   -9.728412e+02 4.392490e+02 -5.072124e+01
      vertex   -9.728413e+02 4.523324e+02 -5.072124e+01
      vertex   -9.729877e+02 4.392490e+02 -5.133157e+01
    endloop
  endfacet
  facet normal -9.723699e-01 -3.249607e-06 2.334454e-01
    outer loop
      vertex   -9.728412e+02 4.392490e+02 -5.072124e+01
      vertex   -9.729877e+02 4.392490e+02 -5.133157e+01
      vertex   -9.729877e+02 4.261657e+02 -5.133157e+01
    endloop
  endfacet
  facet normal -9.969173e-01 -3.331643e-06 7.845910e-02
    outer loop
      vertex   -9.729877e+02 4.261657e+02 -5.133157e+01
      vertex   -9.729877e+02 4.392490e+02 -5.133157e+01
      vertex   -9.730366e+02 3.214990e+02 -5.195730e+01
    endloop
  endfacet
  facet normal -8.776788e-01 6.513581e-04 4.792489e-01
    outer loop
      vertex   -9.724021e+02 4.784990e+02 -4.979474e+01
      vertex   -9.726757e+02 4.784990e+02 -5.029564e+01
      vertex   -9.726011e+02 4.654157e+02 -5.014134e+01
    endloop
  endfacet
  facet normal -9.238793e-01 -7.507537e-04 3.826833e-01
    outer loop
      vertex   -9.726011e+02 4.654157e+02 -5.014134e+01
      vertex   -9.726757e+02 4.784990e+02 -5.029564e+01
      vertex   -9.728413e+02 4.654157e+02 -5.072124e+01
    endloop
  endfacet
  facet normal -9.238795e-01 -3.087555e-06 3.826834e-01
    outer loop
      vertex   -9.726011e+02 4.654157e+02 -5.014134e+01
      vertex   -9.728413e+02 4.654157e+02 -5.072124e+01
      vertex   -9.728413e+02 4.523324e+02 -5.072124e+01
    endloop
  endfacet
  facet normal -9.723699e-01 -3.249607e-06 2.334454e-01
    outer loop
      vertex   -9.728413e+02 4.523324e+02 -5.072124e+01
      vertex   -9.728413e+02 4.654157e+02 -5.072124e+01
      vertex   -9.729878e+02 4.523324e+02 -5.133157e+01
    endloop
  endfacet
  facet normal -9.723699e-01 -3.249607e-06 2.334454e-01
    outer loop
      vertex   -9.728413e+02 4.523324e+02 -5.072124e+01
      vertex   -9.729878e+02 4.523324e+02 -5.133157e+01
      vertex   -9.729877e+02 4.392490e+02 -5.133157e+01
    endloop
  endfacet
  facet normal -9.887801e-01 -3.304449e-06 1.493785e-01
    outer loop
      vertex   -9.729877e+02 4.392490e+02 -5.133157e+01
      vertex   -9.729878e+02 4.523324e+02 -5.133157e+01
      vertex   -9.729964e+02 4.784990e+02 -5.138804e+01
    endloop
  endfacet
  facet normal -9.955997e-01 -8.491559e-05 9.370851e-02
    outer loop
      vertex   -9.729877e+02 4.392490e+02 -5.133157e+01
      vertex   -9.729964e+02 4.784990e+02 -5.138804e+01
      vertex   -9.730366e+02 3.214990e+02 -5.195730e+01
    endloop
  endfacet
  facet normal -9.974521e-01 -3.333431e-06 7.133918e-02
    outer loop
      vertex   -9.730366e+02 3.214990e+02 -5.195730e+01
      vertex   -9.729964e+02 4.784990e+02 -5.138804e+01
      vertex   -9.730371e+02 4.784990e+02 -5.195730e+01
    endloop
  endfacet
  facet normal -9.369496e-01 4.953341e-04 3.494641e-01
    outer loop
      vertex   -9.726757e+02 4.784990e+02 -5.029564e+01
      vertex   -9.728751e+02 4.784990e+02 -5.083037e+01
      vertex   -9.728413e+02 4.654157e+02 -5.072124e+01
    endloop
  endfacet
  facet normal -9.723698e-01 -5.639421e-04 2.334453e-01
    outer loop
      vertex   -9.728413e+02 4.654157e+02 -5.072124e+01
      vertex   -9.728751e+02 4.784990e+02 -5.083037e+01
      vertex   -9.729878e+02 4.654157e+02 -5.133157e+01
    endloop
  endfacet
  facet normal -9.723699e-01 -3.249607e-06 2.334454e-01
    outer loop
      vertex   -9.728413e+02 4.654157e+02 -5.072124e+01
      vertex   -9.729878e+02 4.654157e+02 -5.133157e+01
      vertex   -9.729878e+02 4.523324e+02 -5.133157e+01
    endloop
  endfacet
  facet normal -9.887801e-01 -3.304449e-06 1.493785e-01
    outer loop
      vertex   -9.729878e+02 4.523324e+02 -5.133157e+01
      vertex   -9.729878e+02 4.654157e+02 -5.133157e+01
      vertex   -9.729964e+02 4.784990e+02 -5.138804e+01
    endloop
  endfacet
  facet normal -9.771468e-01 2.770878e-04 2.125653e-01
    outer loop
      vertex   -9.728751e+02 4.784990e+02 -5.083037e+01
      vertex   -9.729964e+02 4.784990e+02 -5.138804e+01
      vertex   -9.729878e+02 4.654157e+02 -5.133157e+01
    endloop
  endfacet
  facet normal -9.771468e-01 -2.836190e-04 2.125653e-01
    outer loop
      vertex   -9.729959e+02 3.214990e+02 -5.138804e+01
      vertex   -9.728746e+02 3.214990e+02 -5.083037e+01
      vertex   -9.729874e+02 3.345824e+02 -5.133157e+01
    endloop
  endfacet
  facet normal -9.723698e-01 5.574429e-04 2.334453e-01
    outer loop
      vertex   -9.729874e+02 3.345824e+02 -5.133157e+01
      vertex   -9.728746e+02 3.214990e+02 -5.083037e+01
      vertex   -9.728409e+02 3.345824e+02 -5.072124e+01
    endloop
  endfacet
  facet normal -9.723699e-01 -3.249607e-06 2.334454e-01
    outer loop
      vertex   -9.729874e+02 3.345824e+02 -5.133157e+01
      vertex   -9.728409e+02 3.345824e+02 -5.072124e+01
      vertex   -9.728409e+02 3.476657e+02 -5.072124e+01
    endloop
  endfacet
  facet normal -9.238795e-01 -3.087555e-06 3.826834e-01
    outer loop
      vertex   -9.728409e+02 3.476657e+02 -5.072124e+01
      vertex   -9.728409e+02 3.345824e+02 -5.072124e+01
      vertex   -9.726007e+02 3.476657e+02 -5.014134e+01
    endloop
  endfacet
  facet normal -9.238795e-01 -3.087555e-06 3.826834e-01
    outer loop
      vertex   -9.728409e+02 3.476657e+02 -5.072124e+01
      vertex   -9.726007e+02 3.476657e+02 -5.014134e+01
      vertex   -9.726008e+02 3.607490e+02 -5.014134e+01
    endloop
  endfacet
  facet normal -8.526402e-01 -2.849477e-06 5.224986e-01
    outer loop
      vertex   -9.726008e+02 3.607490e+02 -5.014134e+01
      vertex   -9.726007e+02 3.476657e+02 -5.014134e+01
      vertex   -9.722728e+02 3.607490e+02 -4.960616e+01
    endloop
  endfacet
  facet normal -8.526402e-01 -2.849477e-06 5.224986e-01
    outer loop
      vertex   -9.726008e+02 3.607490e+02 -5.014134e+01
      vertex   -9.722728e+02 3.607490e+02 -4.960616e+01
      vertex   -9.722728e+02 3.738324e+02 -4.960616e+01
    endloop
  endfacet
  facet normal -7.604060e-01 -2.541235e-06 6.494480e-01
    outer loop
      vertex   -9.722728e+02 3.738324e+02 -4.960616e+01
      vertex   -9.722728e+02 3.607490e+02 -4.960616e+01
      vertex   -9.718652e+02 3.738324e+02 -4.912888e+01
    endloop
  endfacet
  facet normal -7.604060e-01 -2.541235e-06 6.494480e-01
    outer loop
      vertex   -9.722728e+02 3.738324e+02 -4.960616e+01
      vertex   -9.718652e+02 3.738324e+02 -4.912888e+01
      vertex   -9.718652e+02 3.869157e+02 -4.912888e+01
    endloop
  endfacet
  facet normal -6.494480e-01 -2.170420e-06 7.604060e-01
    outer loop
      vertex   -9.718652e+02 3.869157e+02 -4.912888e+01
      vertex   -9.718652e+02 3.738324e+02 -4.912888e+01
      vertex   -9.713880e+02 3.869157e+02 -4.872124e+01
    endloop
  endfacet
  facet normal -6.494480e-01 -2.170420e-06 7.604060e-01
    outer loop
      vertex   -9.718652e+02 3.869157e+02 -4.912888e+01
      vertex   -9.713880e+02 3.869157e+02 -4.872124e+01
      vertex   -9.713880e+02 3.999990e+02 -4.872124e+01
    endloop
  endfacet
  facet normal -5.224986e-01 -1.746162e-06 8.526402e-01
    outer loop
      vertex   -9.713880e+02 3.999990e+02 -4.872124e+01
      vertex   -9.713880e+02 3.869157e+02 -4.872124e+01
      vertex   -9.708528e+02 3.999991e+02 -4.839328e+01
    endloop
  endfacet
  facet normal -5.224986e-01 -1.746162e-06 8.526402e-01
    outer loop
      vertex   -9.713880e+02 3.999990e+02 -4.872124e+01
      vertex   -9.708528e+02 3.999991e+02 -4.839328e+01
      vertex   -9.708529e+02 4.130824e+02 -4.839328e+01
    endloop
  endfacet
  facet normal -3.826834e-01 -1.278907e-06 9.238795e-01
    outer loop
      vertex   -9.708529e+02 4.130824e+02 -4.839328e+01
      vertex   -9.708528e+02 3.999991e+02 -4.839328e+01
      vertex   -9.702730e+02 4.130824e+02 -4.815308e+01
    endloop
  endfacet
  facet normal -3.826834e-01 -1.278907e-06 9.238795e-01
    outer loop
      vertex   -9.708529e+02 4.130824e+02 -4.839328e+01
      vertex   -9.702730e+02 4.130824e+02 -4.815308e+01
      vertex   -9.702730e+02 4.261657e+02 -4.815308e+01
    endloop
  endfacet
  facet normal -2.334454e-01 -7.801617e-07 9.723699e-01
    outer loop
      vertex   -9.702730e+02 4.261657e+02 -4.815308e+01
      vertex   -9.702730e+02 4.130824e+02 -4.815308e+01
      vertex   -9.696627e+02 4.261657e+02 -4.800655e+01
    endloop
  endfacet
  facet normal -2.334454e-01 -7.801617e-07 9.723699e-01
    outer loop
      vertex   -9.702730e+02 4.261657e+02 -4.815308e+01
      vertex   -9.696627e+02 4.261657e+02 -4.800655e+01
      vertex   -9.696627e+02 4.392491e+02 -4.800655e+01
    endloop
  endfacet
  facet normal -7.845910e-02 -2.622060e-07 9.969173e-01
    outer loop
      vertex   -9.696627e+02 4.392491e+02 -4.800655e+01
      vertex   -9.696627e+02 4.261657e+02 -4.800655e+01
      vertex   -9.690371e+02 4.784991e+02 -4.795730e+01
    endloop
  endfacet
  facet normal -9.369496e-01 -5.015966e-04 3.494641e-01
    outer loop
      vertex   -9.728746e+02 3.214990e+02 -5.083037e+01
      vertex   -9.726751e+02 3.214990e+02 -5.029564e+01
      vertex   -9.728409e+02 3.345824e+02 -5.072124e+01
    endloop
  endfacet
  facet normal -9.238793e-01 7.445786e-04 3.826833e-01
    outer loop
      vertex   -9.728409e+02 3.345824e+02 -5.072124e+01
      vertex   -9.726751e+02 3.214990e+02 -5.029564e+01
      vertex   -9.726007e+02 3.345824e+02 -5.014134e+01
    endloop
  endfacet
  facet normal -9.238795e-01 -3.087555e-06 3.826834e-01
    outer loop
      vertex   -9.728409e+02 3.345824e+02 -5.072124e+01
      vertex   -9.726007e+02 3.345824e+02 -5.014134e+01
      vertex   -9.726007e+02 3.476657e+02 -5.014134e+01
    endloop
  endfacet
  facet normal -8.526402e-01 -2.849477e-06 5.224986e-01
    outer loop
      vertex   -9.726007e+02 3.476657e+02 -5.014134e+01
      vertex   -9.726007e+02 3.345824e+02 -5.014134e+01
      vertex   -9.722728e+02 3.476657e+02 -4.960616e+01
    endloop
  endfacet
  facet normal -8.526402e-01 -2.849477e-06 5.224986e-01
    outer loop
      vertex   -9.726007e+02 3.476657e+02 -5.014134e+01
      vertex   -9.722728e+02 3.476657e+02 -4.960616e+01
      vertex   -9.722728e+02 3.607490e+02 -4.960616e+01
    endloop
  endfacet
  facet normal -7.604060e-01 -2.541235e-06 6.494480e-01
    outer loop
      vertex   -9.722728e+02 3.607490e+02 -4.960616e+01
      vertex   -9.722728e+02 3.476657e+02 -4.960616e+01
      vertex   -9.718652e+02 3.607490e+02 -4.912888e+01
    endloop
  endfacet
  facet normal -7.604060e-01 -2.541235e-06 6.494480e-01
    outer loop
      vertex   -9.722728e+02 3.607490e+02 -4.960616e+01
      vertex   -9.718652e+02 3.607490e+02 -4.912888e+01
      vertex   -9.718652e+02 3.738324e+02 -4.912888e+01
    endloop
  endfacet
  facet normal -6.494480e-01 -2.170420e-06 7.604060e-01
    outer loop
      vertex   -9.718652e+02 3.738324e+02 -4.912888e+01
      vertex   -9.718652e+02 3.607490e+02 -4.912888e+01
      vertex   -9.713879e+02 3.738324e+02 -4.872124e+01
    endloop
  endfacet
  facet normal -6.494480e-01 -2.170420e-06 7.604060e-01
    outer loop
      vertex   -9.718652e+02 3.738324e+02 -4.912888e+01
      vertex   -9.713879e+02 3.738324e+02 -4.872124e+01
      vertex   -9.713880e+02 3.869157e+02 -4.872124e+01
    endloop
  endfacet
  facet normal -5.224986e-01 -1.746162e-06 8.526402e-01
    outer loop
      vertex   -9.713880e+02 3.869157e+02 -4.872124e+01
      vertex   -9.713879e+02 3.738324e+02 -4.872124e+01
      vertex   -9.708528e+02 3.869157e+02 -4.839328e+01
    endloop
  endfacet
  facet normal -5.224986e-01 -1.746162e-06 8.526402e-01
    outer loop
      vertex   -9.713880e+02 3.869157e+02 -4.872124e+01
      vertex   -9.708528e+02 3.869157e+02 -4.839328e+01
      vertex   -9.708528e+02 3.999991e+02 -4.839328e+01
    endloop
  endfacet
  facet normal -3.826834e-01 -1.278907e-06 9.238795e-01
    outer loop
      vertex   -9.708528e+02 3.999991e+02 -4.839328e+01
      vertex   -9.708528e+02 3.869157e+02 -4.839328e+01
      vertex   -9.702729e+02 3.999991e+02 -4.815308e+01
    endloop
  endfacet
  facet normal -3.826834e-01 -1.278907e-06 9.238795e-01
    outer loop
      vertex   -9.708528e+02 3.999991e+02 -4.839328e+01
      vertex   -9.702729e+02 3.999991e+02 -4.815308e+01
      vertex   -9.702730e+02 4.130824e+02 -4.815308e+01
    endloop
  endfacet
  facet normal -2.334454e-01 -7.801617e-07 9.723699e-01
    outer loop
      vertex   -9.702730e+02 4.130824e+02 -4.815308e+01
      vertex   -9.702729e+02 3.999991e+02 -4.815308e+01
      vertex   -9.696626e+02 4.130824e+02 -4.800655e+01
    endloop
  endfacet
  facet normal -2.334454e-01 -7.801617e-07 9.723699e-01
    outer loop
      vertex   -9.702730e+02 4.130824e+02 -4.815308e+01
      vertex   -9.696626e+02 4.130824e+02 -4.800655e+01
      vertex   -9.696627e+02 4.261657e+02 -4.800655e+01
    endloop
  endfacet
  facet normal -7.845910e-02 -2.622060e-07 9.969173e-01
    outer loop
      vertex   -9.696627e+02 4.261657e+02 -4.800655e+01
      vertex   -9.696626e+02 4.130824e+02 -4.800655e+01
      vertex   -9.690371e+02 4.784991e+02 -4.795730e+01
    endloop
  endfacet
  facet normal -8.776788e-01 -6.572244e-04 4.792489e-01
    outer loop
      vertex   -9.726751e+02 3.214990e+02 -5.029564e+01
      vertex   -9.724016e+02 3.214990e+02 -4.979474e+01
      vertex   -9.726007e+02 3.345824e+02 -5.014134e+01
    endloop
  endfacet
  facet normal -8.526398e-01 8.694869e-04 5.224984e-01
    outer loop
      vertex   -9.726007e+02 3.345824e+02 -5.014134e+01
      vertex   -9.724016e+02 3.214990e+02 -4.979474e+01
      vertex   -9.722727e+02 3.345824e+02 -4.960616e+01
    endloop
  endfacet
  facet normal -8.526402e-01 -2.849477e-06 5.224986e-01
    outer loop
      vertex   -9.726007e+02 3.345824e+02 -5.014134e+01
      vertex   -9.722727e+02 3.345824e+02 -4.960616e+01
      vertex   -9.722728e+02 3.476657e+02 -4.960616e+01
    endloop
  endfacet
  facet normal -7.604060e-01 -2.541235e-06 6.494480e-01
    outer loop
      vertex   -9.722728e+02 3.476657e+02 -4.960616e+01
      vertex   -9.722727e+02 3.345824e+02 -4.960616e+01
      vertex   -9.718651e+02 3.476657e+02 -4.912888e+01
    endloop
  endfacet
  facet normal -7.604060e-01 -2.541235e-06 6.494480e-01
    outer loop
      vertex   -9.722728e+02 3.476657e+02 -4.960616e+01
      vertex   -9.718651e+02 3.476657e+02 -4.912888e+01
      vertex   -9.718652e+02 3.607490e+02 -4.912888e+01
    endloop
  endfacet
  facet normal -6.494480e-01 -2.170420e-06 7.604060e-01
    outer loop
      vertex   -9.718652e+02 3.607490e+02 -4.912888e+01
      vertex   -9.718651e+02 3.476657e+02 -4.912888e+01
      vertex   -9.713879e+02 3.607490e+02 -4.872124e+01
    endloop
  endfacet
  facet normal -6.494480e-01 -2.170420e-06 7.604060e-01
    outer loop
      vertex   -9.718652e+02 3.607490e+02 -4.912888e+01
      vertex   -9.713879e+02 3.607490e+02 -4.872124e+01
      vertex   -9.713879e+02 3.738324e+02 -4.872124e+01
    endloop
  endfacet
  facet normal -5.224986e-01 -1.746162e-06 8.526402e-01
    outer loop
      vertex   -9.713879e+02 3.738324e+02 -4.872124e+01
      vertex   -9.713879e+02 3.607490e+02 -4.872124e+01
      vertex   -9.708527e+02 3.738324e+02 -4.839328e+01
    endloop
  endfacet
  facet normal -5.224986e-01 -1.746162e-06 8.526402e-01
    outer loop
      vertex   -9.713879e+02 3.738324e+02 -4.872124e+01
      vertex   -9.708527e+02 3.738324e+02 -4.839328e+01
      vertex   -9.708528e+02 3.869157e+02 -4.839328e+01
    endloop
  endfacet
  facet normal -3.826834e-01 -1.278907e-06 9.238795e-01
    outer loop
      vertex   -9.708528e+02 3.869157e+02 -4.839328e+01
      vertex   -9.708527e+02 3.738324e+02 -4.839328e+01
      vertex   -9.702729e+02 3.869157e+02 -4.815308e+01
    endloop
  endfacet
  facet normal -3.826834e-01 -1.278907e-06 9.238795e-01
    outer loop
      vertex   -9.708528e+02 3.869157e+02 -4.839328e+01
      vertex   -9.702729e+02 3.869157e+02 -4.815308e+01
      vertex   -9.702729e+02 3.999991e+02 -4.815308e+01
    endloop
  endfacet
  facet normal -2.334454e-01 -7.801617e-07 9.723699e-01
    outer loop
      vertex   -9.702729e+02 3.999991e+02 -4.815308e+01
      vertex   -9.702729e+02 3.869157e+02 -4.815308e+01
      vertex   -9.696626e+02 3.999991e+02 -4.800655e+01
    endloop
  endfacet
  facet normal -2.334454e-01 -7.801617e-07 9.723699e-01
    outer loop
      vertex   -9.702729e+02 3.999991e+02 -4.815308e+01
      vertex   -9.696626e+02 3.999991e+02 -4.800655e+01
      vertex   -9.696626e+02 4.130824e+02 -4.800655e+01
    endloop
  endfacet
  facet normal -7.845910e-02 -2.622060e-07 9.969173e-01
    outer loop
      vertex   -9.696626e+02 4.130824e+02 -4.800655e+01
      vertex   -9.696626e+02 3.999991e+02 -4.800655e+01
      vertex   -9.690371e+02 4.784991e+02 -4.795730e+01
    endloop
  endfacet
  facet normal -8.005410e-01 -7.504749e-04 5.992775e-01
    outer loop
      vertex   -9.724016e+02 3.214990e+02 -4.979474e+01
      vertex   -9.720596e+02 3.214990e+02 -4.933786e+01
      vertex   -9.722727e+02 3.345824e+02 -4.960616e+01
    endloop
  endfacet
  facet normal -7.604056e-01 9.321366e-04 6.494478e-01
    outer loop
      vertex   -9.722727e+02 3.345824e+02 -4.960616e+01
      vertex   -9.720596e+02 3.214990e+02 -4.933786e+01
      vertex   -9.718651e+02 3.345824e+02 -4.912888e+01
    endloop
  endfacet
  facet normal -7.604060e-01 -2.541235e-06 6.494480e-01
    outer loop
      vertex   -9.722727e+02 3.345824e+02 -4.960616e+01
      vertex   -9.718651e+02 3.345824e+02 -4.912888e+01
      vertex   -9.718651e+02 3.476657e+02 -4.912888e+01
    endloop
  endfacet
  facet normal -6.494480e-01 -2.170420e-06 7.604060e-01
    outer loop
      vertex   -9.718651e+02 3.476657e+02 -4.912888e+01
      vertex   -9.718651e+02 3.345824e+02 -4.912888e+01
      vertex   -9.713878e+02 3.476657e+02 -4.872124e+01
    endloop
  endfacet
  facet normal -6.494480e-01 -2.170420e-06 7.604060e-01
    outer loop
      vertex   -9.718651e+02 3.476657e+02 -4.912888e+01
      vertex   -9.713878e+02 3.476657e+02 -4.872124e+01
      vertex   -9.713879e+02 3.607490e+02 -4.872124e+01
    endloop
  endfacet
  facet normal -5.224986e-01 -1.746162e-06 8.526402e-01
    outer loop
      vertex   -9.713879e+02 3.607490e+02 -4.872124e+01
      vertex   -9.713878e+02 3.476657e+02 -4.872124e+01
      vertex   -9.708527e+02 3.607491e+02 -4.839328e+01
    endloop
  endfacet
  facet normal -5.224986e-01 -1.746162e-06 8.526402e-01
    outer loop
      vertex   -9.713879e+02 3.607490e+02 -4.872124e+01
      vertex   -9.708527e+02 3.607491e+02 -4.839328e+01
      vertex   -9.708527e+02 3.738324e+02 -4.839328e+01
    endloop
  endfacet
  facet normal -3.826834e-01 -1.278907e-06 9.238795e-01
    outer loop
      vertex   -9.708527e+02 3.738324e+02 -4.839328e+01
      vertex   -9.708527e+02 3.607491e+02 -4.839328e+01
      vertex   -9.702728e+02 3.738324e+02 -4.815308e+01
    endloop
  endfacet
  facet normal -3.826834e-01 -1.278907e-06 9.238795e-01
    outer loop
      vertex   -9.708527e+02 3.738324e+02 -4.839328e+01
      vertex   -9.702728e+02 3.738324e+02 -4.815308e+01
      vertex   -9.702729e+02 3.869157e+02 -4.815308e+01
    endloop
  endfacet
  facet normal -2.334454e-01 -7.801617e-07 9.723699e-01
    outer loop
      vertex   -9.702729e+02 3.869157e+02 -4.815308e+01
      vertex   -9.702728e+02 3.738324e+02 -4.815308e+01
      vertex   -9.696626e+02 3.869157e+02 -4.800655e+01
    endloop
  endfacet
  facet normal -2.334454e-01 -7.801617e-07 9.723699e-01
    outer loop
      vertex   -9.702729e+02 3.869157e+02 -4.815308e+01
      vertex   -9.696626e+02 3.869157e+02 -4.800655e+01
      vertex   -9.696626e+02 3.999991e+02 -4.800655e+01
    endloop
  endfacet
  facet normal -7.845910e-02 -2.622060e-07 9.969173e-01
    outer loop
      vertex   -9.696626e+02 3.999991e+02 -4.800655e+01
      vertex   -9.696626e+02 3.869157e+02 -4.800655e+01
      vertex   -9.690371e+02 4.784991e+02 -4.795730e+01
    endloop
  endfacet
  facet normal -7.071066e-01 -7.813342e-04 7.071066e-01
    outer loop
      vertex   -9.720596e+02 3.214990e+02 -4.933786e+01
      vertex   -9.716560e+02 3.214990e+02 -4.893431e+01
      vertex   -9.718651e+02 3.345824e+02 -4.912888e+01
    endloop
  endfacet
  facet normal -6.494478e-01 9.325074e-04 7.604056e-01
    outer loop
      vertex   -9.718651e+02 3.345824e+02 -4.912888e+01
      vertex   -9.716560e+02 3.214990e+02 -4.893431e+01
      vertex   -9.713878e+02 3.345824e+02 -4.872124e+01
    endloop
  endfacet
  facet normal -6.494480e-01 -2.170420e-06 7.604060e-01
    outer loop
      vertex   -9.718651e+02 3.345824e+02 -4.912888e+01
      vertex   -9.713878e+02 3.345824e+02 -4.872124e+01
      vertex   -9.713878e+02 3.476657e+02 -4.872124e+01
    endloop
  endfacet
  facet normal -5.224986e-01 -1.746162e-06 8.526402e-01
    outer loop
      vertex   -9.713878e+02 3.476657e+02 -4.872124e+01
      vertex   -9.713878e+02 3.345824e+02 -4.872124e+01
      vertex   -9.708526e+02 3.476657e+02 -4.839328e+01
    endloop
  endfacet
  facet normal -5.224986e-01 -1.746162e-06 8.526402e-01
    outer loop
      vertex   -9.713878e+02 3.476657e+02 -4.872124e+01
      vertex   -9.708526e+02 3.476657e+02 -4.839328e+01
      vertex   -9.708527e+02 3.607491e+02 -4.839328e+01
    endloop
  endfacet
  facet normal -3.826834e-01 -1.278907e-06 9.238795e-01
    outer loop
      vertex   -9.708527e+02 3.607491e+02 -4.839328e+01
      vertex   -9.708526e+02 3.476657e+02 -4.839328e+01
      vertex   -9.702728e+02 3.607491e+02 -4.815308e+01
    endloop
  endfacet
  facet normal -3.826834e-01 -1.278907e-06 9.238795e-01
    outer loop
      vertex   -9.708527e+02 3.607491e+02 -4.839328e+01
      vertex   -9.702728e+02 3.607491e+02 -4.815308e+01
      vertex   -9.702728e+02 3.738324e+02 -4.815308e+01
    endloop
  endfacet
  facet normal -2.334454e-01 -7.801617e-07 9.723699e-01
    outer loop
      vertex   -9.702728e+02 3.738324e+02 -4.815308e+01
      vertex   -9.702728e+02 3.607491e+02 -4.815308e+01
      vertex   -9.696625e+02 3.738324e+02 -4.800655e+01
    endloop
  endfacet
  facet normal -2.334454e-01 -7.801617e-07 9.723699e-01
    outer loop
      vertex   -9.702728e+02 3.738324e+02 -4.815308e+01
      vertex   -9.696625e+02 3.738324e+02 -4.800655e+01
      vertex   -9.696626e+02 3.869157e+02 -4.800655e+01
    endloop
  endfacet
  facet normal -7.845910e-02 -2.622060e-07 9.969173e-01
    outer loop
      vertex   -9.696626e+02 3.869157e+02 -4.800655e+01
      vertex   -9.696625e+02 3.738324e+02 -4.800655e+01
      vertex   -9.690371e+02 4.784991e+02 -4.795730e+01
    endloop
  endfacet
  facet normal -5.992775e-01 -7.498023e-04 8.005410e-01
    outer loop
      vertex   -9.716560e+02 3.214990e+02 -4.893431e+01
      vertex   -9.711992e+02 3.214990e+02 -4.859229e+01
      vertex   -9.713878e+02 3.345824e+02 -4.872124e+01
    endloop
  endfacet
  facet normal -5.224984e-01 8.705902e-04 8.526398e-01
    outer loop
      vertex   -9.713878e+02 3.345824e+02 -4.872124e+01
      vertex   -9.711992e+02 3.214990e+02 -4.859229e+01
      vertex   -9.708526e+02 3.345824e+02 -4.839328e+01
    endloop
  endfacet
  facet normal -5.224986e-01 -1.746162e-06 8.526402e-01
    outer loop
      vertex   -9.713878e+02 3.345824e+02 -4.872124e+01
      vertex   -9.708526e+02 3.345824e+02 -4.839328e+01
      vertex   -9.708526e+02 3.476657e+02 -4.839328e+01
    endloop
  endfacet
  facet normal -3.826834e-01 -1.278907e-06 9.238795e-01
    outer loop
      vertex   -9.708526e+02 3.476657e+02 -4.839328e+01
      vertex   -9.708526e+02 3.345824e+02 -4.839328e+01
      vertex   -9.702728e+02 3.476657e+02 -4.815308e+01
    endloop
  endfacet
  facet normal -3.826834e-01 -1.278907e-06 9.238795e-01
    outer loop
      vertex   -9.708526e+02 3.476657e+02 -4.839328e+01
      vertex   -9.702728e+02 3.476657e+02 -4.815308e+01
      vertex   -9.702728e+02 3.607491e+02 -4.815308e+01
    endloop
  endfacet
  facet normal -2.334454e-01 -7.801617e-07 9.723699e-01
    outer loop
      vertex   -9.702728e+02 3.607491e+02 -4.815308e+01
      vertex   -9.702728e+02 3.476657e+02 -4.815308e+01
      vertex   -9.696625e+02 3.607491e+02 -4.800655e+01
    endloop
  endfacet
  facet normal -2.334454e-01 -7.801617e-07 9.723699e-01
    outer loop
      vertex   -9.702728e+02 3.607491e+02 -4.815308e+01
      vertex   -9.696625e+02 3.607491e+02 -4.800655e+01
      vertex   -9.696625e+02 3.738324e+02 -4.800655e+01
    endloop
  endfacet
  facet normal -7.845910e-02 -2.622060e-07 9.969173e-01
    outer loop
      vertex   -9.696625e+02 3.738324e+02 -4.800655e+01
      vertex   -9.696625e+02 3.607491e+02 -4.800655e+01
      vertex   -9.690371e+02 4.784991e+02 -4.795730e+01
    endloop
  endfacet
  facet normal -4.792489e-01 -6.558929e-04 8.776788e-01
    outer loop
      vertex   -9.711992e+02 3.214990e+02 -4.859229e+01
      vertex   -9.706983e+02 3.214991e+02 -4.831878e+01
      vertex   -9.708526e+02 3.345824e+02 -4.839328e+01
    endloop
  endfacet
  facet normal -3.826833e-01 7.463872e-04 9.238793e-01
    outer loop
      vertex   -9.708526e+02 3.345824e+02 -4.839328e+01
      vertex   -9.706983e+02 3.214991e+02 -4.831878e+01
      vertex   -9.702727e+02 3.345824e+02 -4.815308e+01
    endloop
  endfacet
  facet normal -3.826834e-01 -1.278907e-06 9.238795e-01
    outer loop
      vertex   -9.708526e+02 3.345824e+02 -4.839328e+01
      vertex   -9.702727e+02 3.345824e+02 -4.815308e+01
      vertex   -9.702728e+02 3.476657e+02 -4.815308e+01
    endloop
  endfacet
  facet normal -2.334454e-01 -7.801617e-07 9.723699e-01
    outer loop
      vertex   -9.702728e+02 3.476657e+02 -4.815308e+01
      vertex   -9.702727e+02 3.345824e+02 -4.815308e+01
      vertex   -9.696624e+02 3.476657e+02 -4.800655e+01
    endloop
  endfacet
  facet normal -2.334454e-01 -7.801617e-07 9.723699e-01
    outer loop
      vertex   -9.702728e+02 3.476657e+02 -4.815308e+01
      vertex   -9.696624e+02 3.476657e+02 -4.800655e+01
      vertex   -9.696625e+02 3.607491e+02 -4.800655e+01
    endloop
  endfacet
  facet normal -1.493785e-01 -4.992147e-07 9.887801e-01
    outer loop
      vertex   -9.696625e+02 3.607491e+02 -4.800655e+01
      vertex   -9.696624e+02 3.476657e+02 -4.800655e+01
      vertex   -9.696059e+02 3.214991e+02 -4.799802e+01
    endloop
  endfacet
  facet normal -9.370851e-02 8.127518e-05 9.955997e-01
    outer loop
      vertex   -9.696625e+02 3.607491e+02 -4.800655e+01
      vertex   -9.696059e+02 3.214991e+02 -4.799802e+01
      vertex   -9.690371e+02 4.784991e+02 -4.795730e+01
    endloop
  endfacet
  facet normal -7.133918e-02 -2.384117e-07 9.974521e-01
    outer loop
      vertex   -9.690371e+02 4.784991e+02 -4.795730e+01
      vertex   -9.696059e+02 3.214991e+02 -4.799802e+01
      vertex   -9.690366e+02 3.214991e+02 -4.795730e+01
    endloop
  endfacet
  facet normal -3.494641e-01 -4.996332e-04 9.369496e-01
    outer loop
      vertex   -9.706983e+02 3.214991e+02 -4.831878e+01
      vertex   -9.701635e+02 3.214991e+02 -4.811933e+01
      vertex   -9.702727e+02 3.345824e+02 -4.815308e+01
    endloop
  endfacet
  facet normal -2.334453e-01 5.599123e-04 9.723698e-01
    outer loop
      vertex   -9.702727e+02 3.345824e+02 -4.815308e+01
      vertex   -9.701635e+02 3.214991e+02 -4.811933e+01
      vertex   -9.696624e+02 3.345824e+02 -4.800655e+01
    endloop
  endfacet
  facet normal -2.334454e-01 -7.801617e-07 9.723699e-01
    outer loop
      vertex   -9.702727e+02 3.345824e+02 -4.815308e+01
      vertex   -9.696624e+02 3.345824e+02 -4.800655e+01
      vertex   -9.696624e+02 3.476657e+02 -4.800655e+01
    endloop
  endfacet
  facet normal -1.493785e-01 -4.992147e-07 9.887801e-01
    outer loop
      vertex   -9.696624e+02 3.476657e+02 -4.800655e+01
      vertex   -9.696624e+02 3.345824e+02 -4.800655e+01
      vertex   -9.696059e+02 3.214991e+02 -4.799802e+01
    endloop
  endfacet
  facet normal -2.125653e-01 -2.810638e-04 9.771468e-01
    outer loop
      vertex   -9.701635e+02 3.214991e+02 -4.811933e+01
      vertex   -9.696059e+02 3.214991e+02 -4.799802e+01
      vertex   -9.696624e+02 3.345824e+02 -4.800655e+01
    endloop
  endfacet
  facet normal -2.334454e-01 -7.801617e-07 9.723699e-01
    outer loop
      vertex   -9.702731e+02 4.392491e+02 -4.815308e+01
      vertex   -9.696628e+02 4.523324e+02 -4.800655e+01
      vertex   -9.702731e+02 4.523324e+02 -4.815308e+01
    endloop
  endfacet
  facet normal -2.334454e-01 -7.801617e-07 9.723699e-01
    outer loop
      vertex   -9.702731e+02 4.523324e+02 -4.815308e+01
      vertex   -9.696628e+02 4.523324e+02 -4.800655e+01
      vertex   -9.696628e+02 4.654157e+02 -4.800655e+01
    endloop
  endfacet
  facet normal -3.826834e-01 -1.278907e-06 9.238795e-01
    outer loop
      vertex   -9.708529e+02 4.261657e+02 -4.839328e+01
      vertex   -9.702731e+02 4.392491e+02 -4.815308e+01
      vertex   -9.708530e+02 4.392491e+02 -4.839328e+01
    endloop
  endfacet
  facet normal -3.826834e-01 -1.278907e-06 9.238795e-01
    outer loop
      vertex   -9.708530e+02 4.392491e+02 -4.839328e+01
      vertex   -9.702731e+02 4.392491e+02 -4.815308e+01
      vertex   -9.702731e+02 4.523324e+02 -4.815308e+01
    endloop
  endfacet
  facet normal -5.224986e-01 -1.746162e-06 8.526402e-01
    outer loop
      vertex   -9.713880e+02 4.130824e+02 -4.872124e+01
      vertex   -9.708529e+02 4.261657e+02 -4.839328e+01
      vertex   -9.713881e+02 4.261657e+02 -4.872124e+01
    endloop
  endfacet
  facet normal -5.224986e-01 -1.746162e-06 8.526402e-01
    outer loop
      vertex   -9.713881e+02 4.261657e+02 -4.872124e+01
      vertex   -9.708529e+02 4.261657e+02 -4.839328e+01
      vertex   -9.708530e+02 4.392491e+02 -4.839328e+01
    endloop
  endfacet
  facet normal -6.494480e-01 -2.170420e-06 7.604060e-01
    outer loop
      vertex   -9.718653e+02 3.999990e+02 -4.912888e+01
      vertex   -9.713880e+02 4.130824e+02 -4.872124e+01
      vertex   -9.718653e+02 4.130824e+02 -4.912888e+01
    endloop
  endfacet
  facet normal -6.494480e-01 -2.170420e-06 7.604060e-01
    outer loop
      vertex   -9.718653e+02 4.130824e+02 -4.912888e+01
      vertex   -9.713880e+02 4.130824e+02 -4.872124e+01
      vertex   -9.713881e+02 4.261657e+02 -4.872124e+01
    endloop
  endfacet
  facet normal -7.604060e-01 -2.541235e-06 6.494480e-01
    outer loop
      vertex   -9.722729e+02 3.869157e+02 -4.960616e+01
      vertex   -9.718653e+02 3.999990e+02 -4.912888e+01
      vertex   -9.722729e+02 3.999990e+02 -4.960616e+01
    endloop
  endfacet
  facet normal -7.604060e-01 -2.541235e-06 6.494480e-01
    outer loop
      vertex   -9.722729e+02 3.999990e+02 -4.960616e+01
      vertex   -9.718653e+02 3.999990e+02 -4.912888e+01
      vertex   -9.718653e+02 4.130824e+02 -4.912888e+01
    endloop
  endfacet
  facet normal -8.526402e-01 -2.849477e-06 5.224986e-01
    outer loop
      vertex   -9.726008e+02 3.738324e+02 -5.014134e+01
      vertex   -9.722729e+02 3.869157e+02 -4.960616e+01
      vertex   -9.726008e+02 3.869157e+02 -5.014134e+01
    endloop
  endfacet
  facet normal -8.526402e-01 -2.849477e-06 5.224986e-01
    outer loop
      vertex   -9.726008e+02 3.869157e+02 -5.014134e+01
      vertex   -9.722729e+02 3.869157e+02 -4.960616e+01
      vertex   -9.722729e+02 3.999990e+02 -4.960616e+01
    endloop
  endfacet
  facet normal -9.238795e-01 -3.087555e-06 3.826834e-01
    outer loop
      vertex   -9.728410e+02 3.607490e+02 -5.072124e+01
      vertex   -9.726008e+02 3.738324e+02 -5.014134e+01
      vertex   -9.728410e+02 3.738324e+02 -5.072124e+01
    endloop
  endfacet
  facet normal -9.238795e-01 -3.087555e-06 3.826834e-01
    outer loop
      vertex   -9.728410e+02 3.738324e+02 -5.072124e+01
      vertex   -9.726008e+02 3.738324e+02 -5.014134e+01
      vertex   -9.726008e+02 3.869157e+02 -5.014134e+01
    endloop
  endfacet
  facet normal -9.723699e-01 -3.249607e-06 2.334454e-01
    outer loop
      vertex   -9.729874e+02 3.476657e+02 -5.133157e+01
      vertex   -9.728410e+02 3.607490e+02 -5.072124e+01
      vertex   -9.729875e+02 3.607490e+02 -5.133157e+01
    endloop
  endfacet
  facet normal -9.723699e-01 -3.249607e-06 2.334454e-01
    outer loop
      vertex   -9.729875e+02 3.607490e+02 -5.133157e+01
      vertex   -9.728410e+02 3.607490e+02 -5.072124e+01
      vertex   -9.728410e+02 3.738324e+02 -5.072124e+01
    endloop
  endfacet
  facet normal -3.951935e-02 -7.128358e-02 9.966729e-01
    outer loop
      vertex   -9.690366e+02 3.209298e+02 -4.799802e+01
      vertex   -9.690366e+02 3.214991e+02 -4.795730e+01
      vertex   -9.694786e+02 3.210571e+02 -4.800644e+01
    endloop
  endfacet
  facet normal -7.128332e-02 -3.951982e-02 9.966729e-01
    outer loop
      vertex   -9.694786e+02 3.210571e+02 -4.800644e+01
      vertex   -9.690366e+02 3.214991e+02 -4.795730e+01
      vertex   -9.696059e+02 3.214991e+02 -4.799802e+01
    endloop
  endfacet
  facet normal -1.258911e-01 -5.513143e-02 9.905110e-01
    outer loop
      vertex   -9.694786e+02 3.210571e+02 -4.800644e+01
      vertex   -9.696059e+02 3.214991e+02 -4.799802e+01
      vertex   -9.697514e+02 3.213651e+02 -4.802398e+01
    endloop
  endfacet
  facet normal -2.123814e-01 4.160054e-02 9.763009e-01
    outer loop
      vertex   -9.697514e+02 3.213651e+02 -4.802398e+01
      vertex   -9.696059e+02 3.214991e+02 -4.799802e+01
      vertex   -9.701635e+02 3.214991e+02 -4.811933e+01
    endloop
  endfacet
  facet normal -2.467760e-01 -7.118882e-02 9.664542e-01
    outer loop
      vertex   -9.697514e+02 3.213651e+02 -4.802398e+01
      vertex   -9.701635e+02 3.214991e+02 -4.811933e+01
      vertex   -9.702230e+02 3.209796e+02 -4.817277e+01
    endloop
  endfacet
  facet normal -3.052396e-01 -6.282798e-02 9.502007e-01
    outer loop
      vertex   -9.702230e+02 3.209796e+02 -4.817277e+01
      vertex   -9.701635e+02 3.214991e+02 -4.811933e+01
      vertex   -9.704892e+02 3.213657e+02 -4.823275e+01
    endloop
  endfacet
  facet normal -3.906462e-01 -1.276927e-01 9.116414e-01
    outer loop
      vertex   -9.702230e+02 3.209796e+02 -4.817277e+01
      vertex   -9.704892e+02 3.213657e+02 -4.823275e+01
      vertex   -9.709593e+02 3.210333e+02 -4.848078e+01
    endloop
  endfacet
  facet normal -4.214536e-01 -7.803283e-02 9.034864e-01
    outer loop
      vertex   -9.709593e+02 3.210333e+02 -4.848078e+01
      vertex   -9.704892e+02 3.213657e+02 -4.823275e+01
      vertex   -9.706983e+02 3.214991e+02 -4.831878e+01
    endloop
  endfacet
  facet normal -4.776582e-01 -3.757012e-02 8.777420e-01
    outer loop
      vertex   -9.709593e+02 3.210333e+02 -4.848078e+01
      vertex   -9.706983e+02 3.214991e+02 -4.831878e+01
      vertex   -9.711949e+02 3.214865e+02 -4.858959e+01
    endloop
  endfacet
  facet normal -4.790768e-01 2.681026e-02 8.773635e-01
    outer loop
      vertex   -9.711949e+02 3.214865e+02 -4.858959e+01
      vertex   -9.706983e+02 3.214991e+02 -4.831878e+01
      vertex   -9.711992e+02 3.214990e+02 -4.859229e+01
    endloop
  endfacet
  facet normal -5.989999e-01 -3.043853e-02 8.001704e-01
    outer loop
      vertex   -9.711949e+02 3.214865e+02 -4.858959e+01
      vertex   -9.711992e+02 3.214990e+02 -4.859229e+01
      vertex   -9.716560e+02 3.214990e+02 -4.893431e+01
    endloop
  endfacet
  facet normal -3.489085e-01 5.637666e-02 9.354595e-01
    outer loop
      vertex   -9.701635e+02 3.214991e+02 -4.811933e+01
      vertex   -9.706983e+02 3.214991e+02 -4.831878e+01
      vertex   -9.704892e+02 3.213657e+02 -4.823275e+01
    endloop
  endfacet
  facet normal -5.989950e-01 -3.336977e-02 8.000572e-01
    outer loop
      vertex   -9.711949e+02 3.214865e+02 -4.858959e+01
      vertex   -9.716560e+02 3.214990e+02 -4.893431e+01
      vertex   -9.716343e+02 3.211973e+02 -4.893064e+01
    endloop
  endfacet
  facet normal -7.064757e-01 -4.223610e-02 7.064759e-01
    outer loop
      vertex   -9.716343e+02 3.211973e+02 -4.893064e+01
      vertex   -9.716560e+02 3.214990e+02 -4.893431e+01
      vertex   -9.720596e+02 3.214990e+02 -4.933786e+01
    endloop
  endfacet
  facet normal -7.155884e-01 -7.064235e-02 6.949410e-01
    outer loop
      vertex   -9.716343e+02 3.211973e+02 -4.893064e+01
      vertex   -9.720596e+02 3.214990e+02 -4.933786e+01
      vertex   -9.720099e+02 3.209154e+02 -4.934605e+01
    endloop
  endfacet
  facet normal -7.603232e-01 -7.375275e-02 6.453442e-01
    outer loop
      vertex   -9.720099e+02 3.209154e+02 -4.934605e+01
      vertex   -9.720596e+02 3.214990e+02 -4.933786e+01
      vertex   -9.722015e+02 3.214387e+02 -4.951191e+01
    endloop
  endfacet
  facet normal -8.101234e-01 -1.142751e-01 5.750142e-01
    outer loop
      vertex   -9.720099e+02 3.209154e+02 -4.934605e+01
      vertex   -9.722015e+02 3.214387e+02 -4.951191e+01
      vertex   -9.725065e+02 3.211779e+02 -4.999355e+01
    endloop
  endfacet
  facet normal -8.216716e-01 -8.080278e-02 5.642045e-01
    outer loop
      vertex   -9.725065e+02 3.211779e+02 -4.999355e+01
      vertex   -9.722015e+02 3.214387e+02 -4.951191e+01
      vertex   -9.724016e+02 3.214990e+02 -4.979474e+01
    endloop
  endfacet
  facet normal -8.776358e-01 -9.915416e-03 4.792254e-01
    outer loop
      vertex   -9.725065e+02 3.211779e+02 -4.999355e+01
      vertex   -9.724016e+02 3.214990e+02 -4.979474e+01
      vertex   -9.726751e+02 3.214990e+02 -5.029564e+01
    endloop
  endfacet
  facet normal -7.912689e-01 1.517608e-01 5.923361e-01
    outer loop
      vertex   -9.720596e+02 3.214990e+02 -4.933786e+01
      vertex   -9.724016e+02 3.214990e+02 -4.979474e+01
      vertex   -9.722015e+02 3.214387e+02 -4.951191e+01
    endloop
  endfacet
  facet normal -9.265505e-01 1.485765e-01 3.455853e-01
    outer loop
      vertex   -9.728746e+02 3.214990e+02 -5.083037e+01
      vertex   -9.728442e+02 3.214603e+02 -5.073220e+01
      vertex   -9.726751e+02 3.214990e+02 -5.029564e+01
    endloop
  endfacet
  facet normal -9.288681e-01 -6.198751e-02 3.651871e-01
    outer loop
      vertex   -9.726751e+02 3.214990e+02 -5.029564e+01
      vertex   -9.728442e+02 3.214603e+02 -5.073220e+01
      vertex   -9.727264e+02 3.209250e+02 -5.052344e+01
    endloop
  endfacet
  facet normal -9.055320e-01 -8.417171e-02 4.158448e-01
    outer loop
      vertex   -9.726751e+02 3.214990e+02 -5.029564e+01
      vertex   -9.727264e+02 3.209250e+02 -5.052344e+01
      vertex   -9.725065e+02 3.211779e+02 -4.999355e+01
    endloop
  endfacet
  facet normal -8.757525e-01 -1.785399e-01 4.485321e-01
    outer loop
      vertex   -9.725065e+02 3.211779e+02 -4.999355e+01
      vertex   -9.727264e+02 3.209250e+02 -5.052344e+01
      vertex   -9.723125e+02 3.206479e+02 -4.982561e+01
    endloop
  endfacet
  facet normal -8.101398e-01 -1.144484e-01 5.749566e-01
    outer loop
      vertex   -9.725065e+02 3.211779e+02 -4.999355e+01
      vertex   -9.723125e+02 3.206479e+02 -4.982561e+01
      vertex   -9.720099e+02 3.209154e+02 -4.934605e+01
    endloop
  endfacet
  facet normal -7.526992e-01 -2.445214e-01 6.112718e-01
    outer loop
      vertex   -9.720099e+02 3.209154e+02 -4.934605e+01
      vertex   -9.723125e+02 3.206479e+02 -4.982561e+01
      vertex   -9.717476e+02 3.204107e+02 -4.922488e+01
    endloop
  endfacet
  facet normal -6.687625e-01 -1.741116e-01 7.228014e-01
    outer loop
      vertex   -9.720099e+02 3.209154e+02 -4.934605e+01
      vertex   -9.717476e+02 3.204107e+02 -4.922488e+01
      vertex   -9.713823e+02 3.207124e+02 -4.881422e+01
    endloop
  endfacet
  facet normal -5.960520e-01 -2.948887e-01 7.468351e-01
    outer loop
      vertex   -9.713823e+02 3.207124e+02 -4.881422e+01
      vertex   -9.717476e+02 3.204107e+02 -4.922488e+01
      vertex   -9.710677e+02 3.202560e+02 -4.874334e+01
    endloop
  endfacet
  facet normal -4.994934e-01 -2.139344e-01 8.394870e-01
    outer loop
      vertex   -9.713823e+02 3.207124e+02 -4.881422e+01
      vertex   -9.710677e+02 3.202560e+02 -4.874334e+01
      vertex   -9.706653e+02 3.206068e+02 -4.841454e+01
    endloop
  endfacet
  facet normal -4.161734e-01 -3.202929e-01 8.510065e-01
    outer loop
      vertex   -9.706653e+02 3.206068e+02 -4.841454e+01
      vertex   -9.710677e+02 3.202560e+02 -4.874334e+01
      vertex   -9.703193e+02 3.202163e+02 -4.839230e+01
    endloop
  endfacet
  facet normal -3.139221e-01 -2.256315e-01 9.222491e-01
    outer loop
      vertex   -9.706653e+02 3.206068e+02 -4.841454e+01
      vertex   -9.703193e+02 3.202163e+02 -4.839230e+01
      vertex   -9.699097e+02 3.206260e+02 -4.815263e+01
    endloop
  endfacet
  facet normal -2.256294e-01 -3.139236e-01 9.222491e-01
    outer loop
      vertex   -9.699097e+02 3.206260e+02 -4.815263e+01
      vertex   -9.703193e+02 3.202163e+02 -4.839230e+01
      vertex   -9.695561e+02 3.203127e+02 -4.817277e+01
    endloop
  endfacet
  facet normal -1.253643e-01 -2.038968e-01 9.709325e-01
    outer loop
      vertex   -9.699097e+02 3.206260e+02 -4.815263e+01
      vertex   -9.695561e+02 3.203127e+02 -4.817277e+01
      vertex   -9.691706e+02 3.207842e+02 -4.802398e+01
    endloop
  endfacet
  facet normal -7.118717e-02 -2.467764e-01 9.664542e-01
    outer loop
      vertex   -9.691706e+02 3.207842e+02 -4.802398e+01
      vertex   -9.695561e+02 3.203127e+02 -4.817277e+01
      vertex   -9.690366e+02 3.203721e+02 -4.811933e+01
    endloop
  endfacet
  facet normal 4.160196e-02 -2.123811e-01 9.763009e-01
    outer loop
      vertex   -9.691706e+02 3.207842e+02 -4.802398e+01
      vertex   -9.690366e+02 3.203721e+02 -4.811933e+01
      vertex   -9.690366e+02 3.209298e+02 -4.799802e+01
    endloop
  endfacet
  facet normal -9.609250e-01 -9.563539e-02 2.597633e-01
    outer loop
      vertex   -9.728442e+02 3.214603e+02 -5.073220e+01
      vertex   -9.728746e+02 3.214990e+02 -5.083037e+01
      vertex   -9.729695e+02 3.212038e+02 -5.129040e+01
    endloop
  endfacet
  facet normal -9.770078e-01 -1.686957e-02 2.125351e-01
    outer loop
      vertex   -9.729695e+02 3.212038e+02 -5.129040e+01
      vertex   -9.728746e+02 3.214990e+02 -5.083037e+01
      vertex   -9.729959e+02 3.214990e+02 -5.138804e+01
    endloop
  endfacet
  facet normal -9.950075e-01 -6.323097e-02 7.721402e-02
    outer loop
      vertex   -9.729695e+02 3.212038e+02 -5.129040e+01
      vertex   -9.729959e+02 3.214990e+02 -5.138804e+01
      vertex   -9.729983e+02 3.209546e+02 -5.186499e+01
    endloop
  endfacet
  facet normal -9.957744e-01 -5.797579e-02 7.121920e-02
    outer loop
      vertex   -9.729983e+02 3.209546e+02 -5.186499e+01
      vertex   -9.729959e+02 3.214990e+02 -5.138804e+01
      vertex   -9.730366e+02 3.214990e+02 -5.195730e+01
    endloop
  endfacet
  facet normal -9.974280e-01 -7.134081e-02 -6.912323e-03
    outer loop
      vertex   -9.729983e+02 3.209546e+02 -5.186499e+01
      vertex   -9.730366e+02 3.214990e+02 -5.195730e+01
      vertex   -9.729959e+02 3.209298e+02 -5.195730e+01
    endloop
  endfacet
  facet normal -9.785000e-01 -2.041530e-01 2.931546e-02
    outer loop
      vertex   -9.729983e+02 3.209546e+02 -5.186499e+01
      vertex   -9.729959e+02 3.209298e+02 -5.195730e+01
      vertex   -9.728910e+02 3.204675e+02 -5.167508e+01
    endloop
  endfacet
  facet normal -9.770358e-01 -2.125446e-01 1.502528e-02
    outer loop
      vertex   -9.728910e+02 3.204675e+02 -5.167508e+01
      vertex   -9.729959e+02 3.209298e+02 -5.195730e+01
      vertex   -9.728746e+02 3.203721e+02 -5.195730e+01
    endloop
  endfacet
  facet normal -9.430277e-01 -3.279668e-01 5.600465e-02
    outer loop
      vertex   -9.728910e+02 3.204675e+02 -5.167508e+01
      vertex   -9.728746e+02 3.203721e+02 -5.195730e+01
      vertex   -9.727176e+02 3.199945e+02 -5.152527e+01
    endloop
  endfacet
  facet normal -9.363752e-01 -3.492534e-01 3.498014e-02
    outer loop
      vertex   -9.727176e+02 3.199945e+02 -5.152527e+01
      vertex   -9.728746e+02 3.203721e+02 -5.195730e+01
      vertex   -9.726751e+02 3.198374e+02 -5.195730e+01
    endloop
  endfacet
  facet normal -8.920177e-01 -4.458267e-01 7.445137e-02
    outer loop
      vertex   -9.727176e+02 3.199945e+02 -5.152527e+01
      vertex   -9.726751e+02 3.198374e+02 -5.195730e+01
      vertex   -9.724786e+02 3.195348e+02 -5.141491e+01
    endloop
  endfacet
  facet normal -8.765555e-01 -4.786393e-01 5.054522e-02
    outer loop
      vertex   -9.724786e+02 3.195348e+02 -5.141491e+01
      vertex   -9.726751e+02 3.198374e+02 -5.195730e+01
      vertex   -9.724016e+02 3.193365e+02 -5.195730e+01
    endloop
  endfacet
  facet normal -8.264702e-01 -5.563611e-01 8.607719e-02
    outer loop
      vertex   -9.724786e+02 3.195348e+02 -5.141491e+01
      vertex   -9.724016e+02 3.193365e+02 -5.195730e+01
      vertex   -9.721804e+02 3.191022e+02 -5.134772e+01
    endloop
  endfacet
  facet normal -7.990937e-01 -5.981982e-01 6.006729e-02
    outer loop
      vertex   -9.721804e+02 3.191022e+02 -5.134772e+01
      vertex   -9.724016e+02 3.193365e+02 -5.195730e+01
      vertex   -9.720596e+02 3.188796e+02 -5.195730e+01
    endloop
  endfacet
  facet normal -7.478765e-01 -6.574514e-01 9.186139e-02
    outer loop
      vertex   -9.721804e+02 3.191022e+02 -5.134772e+01
      vertex   -9.720596e+02 3.188796e+02 -5.195730e+01
      vertex   -9.718295e+02 3.187062e+02 -5.132516e+01
    endloop
  endfacet
  facet normal -7.056878e-01 -7.056925e-01 6.326768e-02
    outer loop
      vertex   -9.718295e+02 3.187062e+02 -5.132516e+01
      vertex   -9.720596e+02 3.188796e+02 -5.195730e+01
      vertex   -9.716560e+02 3.184760e+02 -5.195730e+01
    endloop
  endfacet
  facet normal -6.574464e-01 -7.478809e-01 9.186139e-02
    outer loop
      vertex   -9.718295e+02 3.187062e+02 -5.132516e+01
      vertex   -9.716560e+02 3.184760e+02 -5.195730e+01
      vertex   -9.714334e+02 3.183552e+02 -5.134772e+01
    endloop
  endfacet
  facet normal -5.981929e-01 -7.990977e-01 6.006729e-02
    outer loop
      vertex   -9.714334e+02 3.183552e+02 -5.134772e+01
      vertex   -9.716560e+02 3.184760e+02 -5.195730e+01
      vertex   -9.711991e+02 3.181340e+02 -5.195730e+01
    endloop
  endfacet
  facet normal -5.563556e-01 -8.264739e-01 8.607719e-02
    outer loop
      vertex   -9.714334e+02 3.183552e+02 -5.134772e+01
      vertex   -9.711991e+02 3.181340e+02 -5.195730e+01
      vertex   -9.710008e+02 3.180570e+02 -5.141491e+01
    endloop
  endfacet
  facet normal -4.786335e-01 -8.765587e-01 5.054522e-02
    outer loop
      vertex   -9.710008e+02 3.180570e+02 -5.141491e+01
      vertex   -9.711991e+02 3.181340e+02 -5.195730e+01
      vertex   -9.706982e+02 3.178605e+02 -5.195730e+01
    endloop
  endfacet
  facet normal -4.458208e-01 -8.920207e-01 7.445137e-02
    outer loop
      vertex   -9.710008e+02 3.180570e+02 -5.141491e+01
      vertex   -9.706982e+02 3.178605e+02 -5.195730e+01
      vertex   -9.705412e+02 3.178181e+02 -5.152527e+01
    endloop
  endfacet
  facet normal -3.492472e-01 -9.363775e-01 3.498014e-02
    outer loop
      vertex   -9.705412e+02 3.178181e+02 -5.152527e+01
      vertex   -9.706982e+02 3.178605e+02 -5.195730e+01
      vertex   -9.701635e+02 3.176611e+02 -5.195730e+01
    endloop
  endfacet
  facet normal -3.279605e-01 -9.430299e-01 5.600465e-02
    outer loop
      vertex   -9.705412e+02 3.178181e+02 -5.152527e+01
      vertex   -9.701635e+02 3.176611e+02 -5.195730e+01
      vertex   -9.700681e+02 3.176447e+02 -5.167508e+01
    endloop
  endfacet
  facet normal -2.125380e-01 -9.770373e-01 1.502528e-02
    outer loop
      vertex   -9.700681e+02 3.176447e+02 -5.167508e+01
      vertex   -9.701635e+02 3.176611e+02 -5.195730e+01
      vertex   -9.696058e+02 3.175398e+02 -5.195730e+01
    endloop
  endfacet
  facet normal -2.041464e-01 -9.785013e-01 2.931546e-02
    outer loop
      vertex   -9.700681e+02 3.176447e+02 -5.167508e+01
      vertex   -9.696058e+02 3.175398e+02 -5.195730e+01
      vertex   -9.695810e+02 3.175374e+02 -5.186499e+01
    endloop
  endfacet
  facet normal -7.133415e-02 -9.974285e-01 -6.912323e-03
    outer loop
      vertex   -9.695810e+02 3.175374e+02 -5.186499e+01
      vertex   -9.696058e+02 3.175398e+02 -5.195730e+01
      vertex   -9.690366e+02 3.174991e+02 -5.195730e+01
    endloop
  endfacet
  facet normal -5.796914e-02 -9.957748e-01 7.121920e-02
    outer loop
      vertex   -9.695810e+02 3.175374e+02 -5.186499e+01
      vertex   -9.690366e+02 3.174991e+02 -5.195730e+01
      vertex   -9.690366e+02 3.175398e+02 -5.138804e+01
    endloop
  endfacet
  facet normal -6.322432e-02 -9.950079e-01 7.721402e-02
    outer loop
      vertex   -9.695810e+02 3.175374e+02 -5.186499e+01
      vertex   -9.690366e+02 3.175398e+02 -5.138804e+01
      vertex   -9.693318e+02 3.175661e+02 -5.129040e+01
    endloop
  endfacet
  facet normal -1.686304e-02 -9.770079e-01 2.125351e-01
    outer loop
      vertex   -9.693318e+02 3.175661e+02 -5.129040e+01
      vertex   -9.690366e+02 3.175398e+02 -5.138804e+01
      vertex   -9.690366e+02 3.176611e+02 -5.083037e+01
    endloop
  endfacet
  facet normal -9.562897e-02 -9.609257e-01 2.597633e-01
    outer loop
      vertex   -9.693318e+02 3.175661e+02 -5.129040e+01
      vertex   -9.690366e+02 3.176611e+02 -5.083037e+01
      vertex   -9.690754e+02 3.176915e+02 -5.073220e+01
    endloop
  endfacet
  facet normal 1.485827e-01 -9.265495e-01 3.455853e-01
    outer loop
      vertex   -9.690754e+02 3.176915e+02 -5.073220e+01
      vertex   -9.690366e+02 3.176611e+02 -5.083037e+01
      vertex   -9.690366e+02 3.178605e+02 -5.029564e+01
    endloop
  endfacet
  facet normal -6.198130e-02 -9.288685e-01 3.651871e-01
    outer loop
      vertex   -9.690754e+02 3.176915e+02 -5.073220e+01
      vertex   -9.690366e+02 3.178605e+02 -5.029564e+01
      vertex   -9.696107e+02 3.178093e+02 -5.052344e+01
    endloop
  endfacet
  facet normal -8.416566e-02 -9.055326e-01 4.158448e-01
    outer loop
      vertex   -9.696107e+02 3.178093e+02 -5.052344e+01
      vertex   -9.690366e+02 3.178605e+02 -5.029564e+01
      vertex   -9.693578e+02 3.180291e+02 -4.999355e+01
    endloop
  endfacet
  facet normal -1.785341e-01 -8.757537e-01 4.485321e-01
    outer loop
      vertex   -9.696107e+02 3.178093e+02 -5.052344e+01
      vertex   -9.693578e+02 3.180291e+02 -4.999355e+01
      vertex   -9.698877e+02 3.182232e+02 -4.982561e+01
    endloop
  endfacet
  facet normal -1.144429e-01 -8.101406e-01 5.749566e-01
    outer loop
      vertex   -9.698877e+02 3.182232e+02 -4.982561e+01
      vertex   -9.693578e+02 3.180291e+02 -4.999355e+01
      vertex   -9.696202e+02 3.185257e+02 -4.934605e+01
    endloop
  endfacet
  facet normal -2.445164e-01 -7.527008e-01 6.112718e-01
    outer loop
      vertex   -9.698877e+02 3.182232e+02 -4.982561e+01
      vertex   -9.696202e+02 3.185257e+02 -4.934605e+01
      vertex   -9.703998e+02 3.184894e+02 -4.970266e+01
    endloop
  endfacet
  facet normal -2.445164e-01 -7.527008e-01 6.112718e-01
    outer loop
      vertex   -9.703998e+02 3.184894e+02 -4.970266e+01
      vertex   -9.696202e+02 3.185257e+02 -4.934605e+01
      vertex   -9.701249e+02 3.187881e+02 -4.922488e+01
    endloop
  endfacet
  facet normal -3.685970e-01 -6.780028e-01 6.359627e-01
    outer loop
      vertex   -9.703998e+02 3.184894e+02 -4.970266e+01
      vertex   -9.701249e+02 3.187881e+02 -4.922488e+01
      vertex   -9.708818e+02 3.188216e+02 -4.962780e+01
    endloop
  endfacet
  facet normal -3.685970e-01 -6.780028e-01 6.359627e-01
    outer loop
      vertex   -9.708818e+02 3.188216e+02 -4.962780e+01
      vertex   -9.701249e+02 3.187881e+02 -4.922488e+01
      vertex   -9.705999e+02 3.191155e+02 -4.915110e+01
    endloop
  endfacet
  facet normal -4.838357e-01 -5.877273e-01 6.484440e-01
    outer loop
      vertex   -9.708818e+02 3.188216e+02 -4.962780e+01
      vertex   -9.705999e+02 3.191155e+02 -4.915110e+01
      vertex   -9.713230e+02 3.192126e+02 -4.960267e+01
    endloop
  endfacet
  facet normal -4.838357e-01 -5.877273e-01 6.484440e-01
    outer loop
      vertex   -9.713230e+02 3.192126e+02 -4.960267e+01
      vertex   -9.705999e+02 3.191155e+02 -4.915110e+01
      vertex   -9.710348e+02 3.195009e+02 -4.912633e+01
    endloop
  endfacet
  facet normal -5.877240e-01 -4.838397e-01 6.484440e-01
    outer loop
      vertex   -9.713230e+02 3.192126e+02 -4.960267e+01
      vertex   -9.710348e+02 3.195009e+02 -4.912633e+01
      vertex   -9.717140e+02 3.196539e+02 -4.962780e+01
    endloop
  endfacet
  facet normal -5.877240e-01 -4.838397e-01 6.484440e-01
    outer loop
      vertex   -9.717140e+02 3.196539e+02 -4.962780e+01
      vertex   -9.710348e+02 3.195009e+02 -4.912633e+01
      vertex   -9.714201e+02 3.199357e+02 -4.915110e+01
    endloop
  endfacet
  facet normal -6.780003e-01 -3.686015e-01 6.359627e-01
    outer loop
      vertex   -9.717140e+02 3.196539e+02 -4.962780e+01
      vertex   -9.714201e+02 3.199357e+02 -4.915110e+01
      vertex   -9.720463e+02 3.201358e+02 -4.970266e+01
    endloop
  endfacet
  facet normal -6.780003e-01 -3.686015e-01 6.359627e-01
    outer loop
      vertex   -9.720463e+02 3.201358e+02 -4.970266e+01
      vertex   -9.714201e+02 3.199357e+02 -4.915110e+01
      vertex   -9.717476e+02 3.204107e+02 -4.922488e+01
    endloop
  endfacet
  facet normal -7.526992e-01 -2.445214e-01 6.112718e-01
    outer loop
      vertex   -9.720463e+02 3.201358e+02 -4.970266e+01
      vertex   -9.717476e+02 3.204107e+02 -4.922488e+01
      vertex   -9.723125e+02 3.206479e+02 -4.982561e+01
    endloop
  endfacet
  facet normal -9.909550e-03 -8.776359e-01 4.792254e-01
    outer loop
      vertex   -9.690366e+02 3.178605e+02 -5.029564e+01
      vertex   -9.690366e+02 3.181340e+02 -4.979474e+01
      vertex   -9.693578e+02 3.180291e+02 -4.999355e+01
    endloop
  endfacet
  facet normal -8.079729e-02 -8.216721e-01 5.642045e-01
    outer loop
      vertex   -9.693578e+02 3.180291e+02 -4.999355e+01
      vertex   -9.690366e+02 3.181340e+02 -4.979474e+01
      vertex   -9.690970e+02 3.183342e+02 -4.951191e+01
    endloop
  endfacet
  facet normal -1.142696e-01 -8.101241e-01 5.750142e-01
    outer loop
      vertex   -9.693578e+02 3.180291e+02 -4.999355e+01
      vertex   -9.690970e+02 3.183342e+02 -4.951191e+01
      vertex   -9.696202e+02 3.185257e+02 -4.934605e+01
    endloop
  endfacet
  facet normal -7.374767e-02 -7.603237e-01 6.453442e-01
    outer loop
      vertex   -9.696202e+02 3.185257e+02 -4.934605e+01
      vertex   -9.690970e+02 3.183342e+02 -4.951191e+01
      vertex   -9.690366e+02 3.184761e+02 -4.933786e+01
    endloop
  endfacet
  facet normal -7.063757e-02 -7.155888e-01 6.949410e-01
    outer loop
      vertex   -9.696202e+02 3.185257e+02 -4.934605e+01
      vertex   -9.690366e+02 3.184761e+02 -4.933786e+01
      vertex   -9.693384e+02 3.189013e+02 -4.893064e+01
    endloop
  endfacet
  facet normal -4.223138e-02 -7.064760e-01 7.064759e-01
    outer loop
      vertex   -9.693384e+02 3.189013e+02 -4.893064e+01
      vertex   -9.690366e+02 3.184761e+02 -4.933786e+01
      vertex   -9.690366e+02 3.188796e+02 -4.893431e+01
    endloop
  endfacet
  facet normal -3.336163e-02 -5.989441e-01 8.000956e-01
    outer loop
      vertex   -9.693384e+02 3.189013e+02 -4.893064e+01
      vertex   -9.690366e+02 3.188796e+02 -4.893431e+01
      vertex   -9.690366e+02 3.193365e+02 -4.859229e+01
    endloop
  endfacet
  facet normal 1.517661e-01 -7.912679e-01 5.923361e-01
    outer loop
      vertex   -9.690366e+02 3.181340e+02 -4.979474e+01
      vertex   -9.690366e+02 3.184761e+02 -4.933786e+01
      vertex   -9.690970e+02 3.183342e+02 -4.951191e+01
    endloop
  endfacet
  facet normal -3.096075e-02 -6.000434e-01 7.993681e-01
    outer loop
      vertex   -9.693384e+02 3.189013e+02 -4.893064e+01
      vertex   -9.690366e+02 3.193365e+02 -4.859229e+01
      vertex   -9.690491e+02 3.193407e+02 -4.858959e+01
    endloop
  endfacet
  facet normal 2.681346e-02 -4.790766e-01 8.773635e-01
    outer loop
      vertex   -9.690491e+02 3.193407e+02 -4.858959e+01
      vertex   -9.690366e+02 3.193365e+02 -4.859229e+01
      vertex   -9.690366e+02 3.198374e+02 -4.831878e+01
    endloop
  endfacet
  facet normal -3.756692e-02 -4.776585e-01 8.777420e-01
    outer loop
      vertex   -9.690491e+02 3.193407e+02 -4.858959e+01
      vertex   -9.690366e+02 3.198374e+02 -4.831878e+01
      vertex   -9.695023e+02 3.195763e+02 -4.848078e+01
    endloop
  endfacet
  facet normal -7.803001e-02 -4.214541e-01 9.034864e-01
    outer loop
      vertex   -9.695023e+02 3.195763e+02 -4.848078e+01
      vertex   -9.690366e+02 3.198374e+02 -4.831878e+01
      vertex   -9.691699e+02 3.200465e+02 -4.823275e+01
    endloop
  endfacet
  facet normal -1.276901e-01 -3.906471e-01 9.116414e-01
    outer loop
      vertex   -9.695023e+02 3.195763e+02 -4.848078e+01
      vertex   -9.691699e+02 3.200465e+02 -4.823275e+01
      vertex   -9.699288e+02 3.198703e+02 -4.841454e+01
    endloop
  endfacet
  facet normal -1.276901e-01 -3.906471e-01 9.116414e-01
    outer loop
      vertex   -9.699288e+02 3.198703e+02 -4.841454e+01
      vertex   -9.691699e+02 3.200465e+02 -4.823275e+01
      vertex   -9.695561e+02 3.203127e+02 -4.817277e+01
    endloop
  endfacet
  facet normal -2.256294e-01 -3.139236e-01 9.222491e-01
    outer loop
      vertex   -9.699288e+02 3.198703e+02 -4.841454e+01
      vertex   -9.695561e+02 3.203127e+02 -4.817277e+01
      vertex   -9.703193e+02 3.202163e+02 -4.839230e+01
    endloop
  endfacet
  facet normal 5.637899e-02 -3.489082e-01 9.354595e-01
    outer loop
      vertex   -9.690366e+02 3.198374e+02 -4.831878e+01
      vertex   -9.690366e+02 3.203721e+02 -4.811933e+01
      vertex   -9.691699e+02 3.200465e+02 -4.823275e+01
    endloop
  endfacet
  facet normal -6.282594e-02 -3.052400e-01 9.502007e-01
    outer loop
      vertex   -9.691699e+02 3.200465e+02 -4.823275e+01
      vertex   -9.690366e+02 3.203721e+02 -4.811933e+01
      vertex   -9.695561e+02 3.203127e+02 -4.817277e+01
    endloop
  endfacet
  facet normal -5.513059e-02 -1.258915e-01 9.905110e-01
    outer loop
      vertex   -9.691706e+02 3.207842e+02 -4.802398e+01
      vertex   -9.690366e+02 3.209298e+02 -4.799802e+01
      vertex   -9.694786e+02 3.210571e+02 -4.800644e+01
    endloop
  endfacet
  facet normal -7.341897e-01 -6.372059e-01 2.343801e-01
    outer loop
      vertex   -9.718295e+02 3.187062e+02 -5.132516e+01
      vertex   -9.717253e+02 3.188103e+02 -5.071576e+01
      vertex   -9.721804e+02 3.191022e+02 -5.134772e+01
    endloop
  endfacet
  facet normal -7.341897e-01 -6.372059e-01 2.343801e-01
    outer loop
      vertex   -9.721804e+02 3.191022e+02 -5.134772e+01
      vertex   -9.717253e+02 3.188103e+02 -5.071576e+01
      vertex   -9.720989e+02 3.192319e+02 -5.073977e+01
    endloop
  endfacet
  facet normal -8.184704e-01 -5.296211e-01 2.227277e-01
    outer loop
      vertex   -9.721804e+02 3.191022e+02 -5.134772e+01
      vertex   -9.720989e+02 3.192319e+02 -5.073977e+01
      vertex   -9.724786e+02 3.195348e+02 -5.141491e+01
    endloop
  endfacet
  facet normal -8.184704e-01 -5.296211e-01 2.227277e-01
    outer loop
      vertex   -9.724786e+02 3.195348e+02 -5.141491e+01
      vertex   -9.720989e+02 3.192319e+02 -5.073977e+01
      vertex   -9.724164e+02 3.196924e+02 -5.081130e+01
    endloop
  endfacet
  facet normal -8.882083e-01 -4.137817e-01 1.996766e-01
    outer loop
      vertex   -9.724786e+02 3.195348e+02 -5.141491e+01
      vertex   -9.724164e+02 3.196924e+02 -5.081130e+01
      vertex   -9.727176e+02 3.199945e+02 -5.152527e+01
    endloop
  endfacet
  facet normal -8.882083e-01 -4.137817e-01 1.996766e-01
    outer loop
      vertex   -9.727176e+02 3.199945e+02 -5.152527e+01
      vertex   -9.724164e+02 3.196924e+02 -5.081130e+01
      vertex   -9.726707e+02 3.201817e+02 -5.092877e+01
    endloop
  endfacet
  facet normal -9.417116e-01 -2.926904e-01 1.658660e-01
    outer loop
      vertex   -9.727176e+02 3.199945e+02 -5.152527e+01
      vertex   -9.726707e+02 3.201817e+02 -5.092877e+01
      vertex   -9.728910e+02 3.204675e+02 -5.167508e+01
    endloop
  endfacet
  facet normal -9.417458e-01 -2.925427e-01 1.659326e-01
    outer loop
      vertex   -9.728910e+02 3.204675e+02 -5.167508e+01
      vertex   -9.726707e+02 3.201817e+02 -5.092877e+01
      vertex   -9.728556e+02 3.206862e+02 -5.108857e+01
    endloop
  endfacet
  facet normal -9.782314e-01 -1.680707e-01 1.217196e-01
    outer loop
      vertex   -9.728910e+02 3.204675e+02 -5.167508e+01
      vertex   -9.728556e+02 3.206862e+02 -5.108857e+01
      vertex   -9.729983e+02 3.209546e+02 -5.186499e+01
    endloop
  endfacet
  facet normal -9.782509e-01 -1.679155e-01 1.217768e-01
    outer loop
      vertex   -9.729983e+02 3.209546e+02 -5.186499e+01
      vertex   -9.728556e+02 3.206862e+02 -5.108857e+01
      vertex   -9.729695e+02 3.212038e+02 -5.129040e+01
    endloop
  endfacet
  facet normal -7.021180e-01 -6.003260e-01 3.829347e-01
    outer loop
      vertex   -9.717253e+02 3.188103e+02 -5.071576e+01
      vertex   -9.715551e+02 3.189805e+02 -5.013685e+01
      vertex   -9.720989e+02 3.192319e+02 -5.073977e+01
    endloop
  endfacet
  facet normal -7.021180e-01 -6.003260e-01 3.829347e-01
    outer loop
      vertex   -9.720989e+02 3.192319e+02 -5.073977e+01
      vertex   -9.715551e+02 3.189805e+02 -5.013685e+01
      vertex   -9.719422e+02 3.194173e+02 -5.016173e+01
    endloop
  endfacet
  facet normal -7.905767e-01 -4.874079e-01 3.707047e-01
    outer loop
      vertex   -9.720989e+02 3.192319e+02 -5.073977e+01
      vertex   -9.719422e+02 3.194173e+02 -5.016173e+01
      vertex   -9.724164e+02 3.196924e+02 -5.081130e+01
    endloop
  endfacet
  facet normal -7.905767e-01 -4.874079e-01 3.707047e-01
    outer loop
      vertex   -9.724164e+02 3.196924e+02 -5.081130e+01
      vertex   -9.719422e+02 3.194173e+02 -5.016173e+01
      vertex   -9.722710e+02 3.198944e+02 -5.023583e+01
    endloop
  endfacet
  facet normal -8.637717e-01 -3.658260e-01 3.465109e-01
    outer loop
      vertex   -9.724164e+02 3.196924e+02 -5.081130e+01
      vertex   -9.722710e+02 3.198944e+02 -5.023583e+01
      vertex   -9.726707e+02 3.201817e+02 -5.092877e+01
    endloop
  endfacet
  facet normal -8.637717e-01 -3.658260e-01 3.465109e-01
    outer loop
      vertex   -9.726707e+02 3.201817e+02 -5.092877e+01
      vertex   -9.722710e+02 3.198944e+02 -5.023583e+01
      vertex   -9.725346e+02 3.204013e+02 -5.035754e+01
    endloop
  endfacet
  facet normal -9.199712e-01 -2.386112e-01 3.109948e-01
    outer loop
      vertex   -9.726707e+02 3.201817e+02 -5.092877e+01
      vertex   -9.725346e+02 3.204013e+02 -5.035754e+01
      vertex   -9.728556e+02 3.206862e+02 -5.108857e+01
    endloop
  endfacet
  facet normal -9.199892e-01 -2.384492e-01 3.110658e-01
    outer loop
      vertex   -9.728556e+02 3.206862e+02 -5.108857e+01
      vertex   -9.725346e+02 3.204013e+02 -5.035754e+01
      vertex   -9.727264e+02 3.209250e+02 -5.052344e+01
    endloop
  endfacet
  facet normal -9.583022e-01 -1.078215e-01 2.646346e-01
    outer loop
      vertex   -9.728556e+02 3.206862e+02 -5.108857e+01
      vertex   -9.727264e+02 3.209250e+02 -5.052344e+01
      vertex   -9.729695e+02 3.212038e+02 -5.129040e+01
    endloop
  endfacet
  facet normal -9.583040e-01 -1.076540e-01 2.646962e-01
    outer loop
      vertex   -9.729695e+02 3.212038e+02 -5.129040e+01
      vertex   -9.727264e+02 3.209250e+02 -5.052344e+01
      vertex   -9.728442e+02 3.214603e+02 -5.073220e+01
    endloop
  endfacet
  facet normal -6.372010e-01 -7.341940e-01 2.343801e-01
    outer loop
      vertex   -9.717253e+02 3.188103e+02 -5.071576e+01
      vertex   -9.718295e+02 3.187062e+02 -5.132516e+01
      vertex   -9.713037e+02 3.184367e+02 -5.073977e+01
    endloop
  endfacet
  facet normal -6.372010e-01 -7.341940e-01 2.343801e-01
    outer loop
      vertex   -9.713037e+02 3.184367e+02 -5.073977e+01
      vertex   -9.718295e+02 3.187062e+02 -5.132516e+01
      vertex   -9.714334e+02 3.183552e+02 -5.134772e+01
    endloop
  endfacet
  facet normal -5.296157e-01 -8.184740e-01 2.227277e-01
    outer loop
      vertex   -9.713037e+02 3.184367e+02 -5.073977e+01
      vertex   -9.714334e+02 3.183552e+02 -5.134772e+01
      vertex   -9.708432e+02 3.181193e+02 -5.081130e+01
    endloop
  endfacet
  facet normal -5.296157e-01 -8.184740e-01 2.227277e-01
    outer loop
      vertex   -9.708432e+02 3.181193e+02 -5.081130e+01
      vertex   -9.714334e+02 3.183552e+02 -5.134772e+01
      vertex   -9.710008e+02 3.180570e+02 -5.141491e+01
    endloop
  endfacet
  facet normal -4.137758e-01 -8.882110e-01 1.996766e-01
    outer loop
      vertex   -9.708432e+02 3.181193e+02 -5.081130e+01
      vertex   -9.710008e+02 3.180570e+02 -5.141491e+01
      vertex   -9.703539e+02 3.178649e+02 -5.092877e+01
    endloop
  endfacet
  facet normal -4.137758e-01 -8.882110e-01 1.996766e-01
    outer loop
      vertex   -9.703539e+02 3.178649e+02 -5.092877e+01
      vertex   -9.710008e+02 3.180570e+02 -5.141491e+01
      vertex   -9.705412e+02 3.178181e+02 -5.152527e+01
    endloop
  endfacet
  facet normal -2.926841e-01 -9.417136e-01 1.658660e-01
    outer loop
      vertex   -9.703539e+02 3.178649e+02 -5.092877e+01
      vertex   -9.705412e+02 3.178181e+02 -5.152527e+01
      vertex   -9.700681e+02 3.176447e+02 -5.167508e+01
    endloop
  endfacet
  facet normal -6.528953e-01 -5.487850e-01 5.220755e-01
    outer loop
      vertex   -9.715551e+02 3.189805e+02 -5.013685e+01
      vertex   -9.713230e+02 3.192126e+02 -4.960267e+01
      vertex   -9.719422e+02 3.194173e+02 -5.016173e+01
    endloop
  endfacet
  facet normal -6.528953e-01 -5.487850e-01 5.220755e-01
    outer loop
      vertex   -9.719422e+02 3.194173e+02 -5.016173e+01
      vertex   -9.713230e+02 3.192126e+02 -4.960267e+01
      vertex   -9.717140e+02 3.196539e+02 -4.962780e+01
    endloop
  endfacet
  facet normal -7.433683e-01 -4.332957e-01 5.095670e-01
    outer loop
      vertex   -9.719422e+02 3.194173e+02 -5.016173e+01
      vertex   -9.717140e+02 3.196539e+02 -4.962780e+01
      vertex   -9.722710e+02 3.198944e+02 -5.023583e+01
    endloop
  endfacet
  facet normal -7.433683e-01 -4.332957e-01 5.095670e-01
    outer loop
      vertex   -9.722710e+02 3.198944e+02 -5.023583e+01
      vertex   -9.717140e+02 3.196539e+02 -4.962780e+01
      vertex   -9.720463e+02 3.201358e+02 -4.970266e+01
    endloop
  endfacet
  facet normal -8.182299e-01 -3.089452e-01 4.848223e-01
    outer loop
      vertex   -9.722710e+02 3.198944e+02 -5.023583e+01
      vertex   -9.720463e+02 3.201358e+02 -4.970266e+01
      vertex   -9.725346e+02 3.204013e+02 -5.035754e+01
    endloop
  endfacet
  facet normal -8.182299e-01 -3.089452e-01 4.848223e-01
    outer loop
      vertex   -9.725346e+02 3.204013e+02 -5.035754e+01
      vertex   -9.720463e+02 3.201358e+02 -4.970266e+01
      vertex   -9.723125e+02 3.206479e+02 -4.982561e+01
    endloop
  endfacet
  facet normal -8.757524e-01 -1.787107e-01 4.484642e-01
    outer loop
      vertex   -9.725346e+02 3.204013e+02 -5.035754e+01
      vertex   -9.723125e+02 3.206479e+02 -4.982561e+01
      vertex   -9.727264e+02 3.209250e+02 -5.052344e+01
    endloop
  endfacet
  facet normal -6.003213e-01 -7.021220e-01 3.829347e-01
    outer loop
      vertex   -9.715551e+02 3.189805e+02 -5.013685e+01
      vertex   -9.717253e+02 3.188103e+02 -5.071576e+01
      vertex   -9.711183e+02 3.185935e+02 -5.016173e+01
    endloop
  endfacet
  facet normal -6.003213e-01 -7.021220e-01 3.829347e-01
    outer loop
      vertex   -9.711183e+02 3.185935e+02 -5.016173e+01
      vertex   -9.717253e+02 3.188103e+02 -5.071576e+01
      vertex   -9.713037e+02 3.184367e+02 -5.073977e+01
    endloop
  endfacet
  facet normal -4.874026e-01 -7.905800e-01 3.707047e-01
    outer loop
      vertex   -9.711183e+02 3.185935e+02 -5.016173e+01
      vertex   -9.713037e+02 3.184367e+02 -5.073977e+01
      vertex   -9.706412e+02 3.182646e+02 -5.023583e+01
    endloop
  endfacet
  facet normal -4.874026e-01 -7.905800e-01 3.707047e-01
    outer loop
      vertex   -9.706412e+02 3.182646e+02 -5.023583e+01
      vertex   -9.713037e+02 3.184367e+02 -5.073977e+01
      vertex   -9.708432e+02 3.181193e+02 -5.081130e+01
    endloop
  endfacet
  facet normal -3.658202e-01 -8.637741e-01 3.465109e-01
    outer loop
      vertex   -9.706412e+02 3.182646e+02 -5.023583e+01
      vertex   -9.708432e+02 3.181193e+02 -5.081130e+01
      vertex   -9.701343e+02 3.180011e+02 -5.035754e+01
    endloop
  endfacet
  facet normal -3.658202e-01 -8.637741e-01 3.465109e-01
    outer loop
      vertex   -9.701343e+02 3.180011e+02 -5.035754e+01
      vertex   -9.708432e+02 3.181193e+02 -5.081130e+01
      vertex   -9.703539e+02 3.178649e+02 -5.092877e+01
    endloop
  endfacet
  facet normal -2.386050e-01 -9.199728e-01 3.109948e-01
    outer loop
      vertex   -9.701343e+02 3.180011e+02 -5.035754e+01
      vertex   -9.703539e+02 3.178649e+02 -5.092877e+01
      vertex   -9.698494e+02 3.176801e+02 -5.108857e+01
    endloop
  endfacet
  facet normal -2.925364e-01 -9.417478e-01 1.659326e-01
    outer loop
      vertex   -9.698494e+02 3.176801e+02 -5.108857e+01
      vertex   -9.703539e+02 3.178649e+02 -5.092877e+01
      vertex   -9.700681e+02 3.176447e+02 -5.167508e+01
    endloop
  endfacet
  facet normal -1.680642e-01 -9.782325e-01 1.217196e-01
    outer loop
      vertex   -9.698494e+02 3.176801e+02 -5.108857e+01
      vertex   -9.700681e+02 3.176447e+02 -5.167508e+01
      vertex   -9.695810e+02 3.175374e+02 -5.186499e+01
    endloop
  endfacet
  facet normal -5.487806e-01 -6.528990e-01 5.220755e-01
    outer loop
      vertex   -9.713230e+02 3.192126e+02 -4.960267e+01
      vertex   -9.715551e+02 3.189805e+02 -5.013685e+01
      vertex   -9.708818e+02 3.188216e+02 -4.962780e+01
    endloop
  endfacet
  facet normal -5.487806e-01 -6.528990e-01 5.220755e-01
    outer loop
      vertex   -9.708818e+02 3.188216e+02 -4.962780e+01
      vertex   -9.715551e+02 3.189805e+02 -5.013685e+01
      vertex   -9.711183e+02 3.185935e+02 -5.016173e+01
    endloop
  endfacet
  facet normal -4.332907e-01 -7.433711e-01 5.095670e-01
    outer loop
      vertex   -9.708818e+02 3.188216e+02 -4.962780e+01
      vertex   -9.711183e+02 3.185935e+02 -5.016173e+01
      vertex   -9.703998e+02 3.184894e+02 -4.970266e+01
    endloop
  endfacet
  facet normal -4.332907e-01 -7.433711e-01 5.095670e-01
    outer loop
      vertex   -9.703998e+02 3.184894e+02 -4.970266e+01
      vertex   -9.711183e+02 3.185935e+02 -5.016173e+01
      vertex   -9.706412e+02 3.182646e+02 -5.023583e+01
    endloop
  endfacet
  facet normal -3.089398e-01 -8.182320e-01 4.848223e-01
    outer loop
      vertex   -9.703998e+02 3.184894e+02 -4.970266e+01
      vertex   -9.706412e+02 3.182646e+02 -5.023583e+01
      vertex   -9.698877e+02 3.182232e+02 -4.982561e+01
    endloop
  endfacet
  facet normal -3.089398e-01 -8.182320e-01 4.848223e-01
    outer loop
      vertex   -9.698877e+02 3.182232e+02 -4.982561e+01
      vertex   -9.706412e+02 3.182646e+02 -5.023583e+01
      vertex   -9.701343e+02 3.180011e+02 -5.035754e+01
    endloop
  endfacet
  facet normal -1.787049e-01 -8.757536e-01 4.484642e-01
    outer loop
      vertex   -9.698877e+02 3.182232e+02 -4.982561e+01
      vertex   -9.701343e+02 3.180011e+02 -5.035754e+01
      vertex   -9.696107e+02 3.178093e+02 -5.052344e+01
    endloop
  endfacet
  facet normal -2.384431e-01 -9.199908e-01 3.110658e-01
    outer loop
      vertex   -9.696107e+02 3.178093e+02 -5.052344e+01
      vertex   -9.701343e+02 3.180011e+02 -5.035754e+01
      vertex   -9.698494e+02 3.176801e+02 -5.108857e+01
    endloop
  endfacet
  facet normal -1.078151e-01 -9.583029e-01 2.646346e-01
    outer loop
      vertex   -9.696107e+02 3.178093e+02 -5.052344e+01
      vertex   -9.698494e+02 3.176801e+02 -5.108857e+01
      vertex   -9.693318e+02 3.175661e+02 -5.129040e+01
    endloop
  endfacet
  facet normal -1.679090e-01 -9.782520e-01 1.217768e-01
    outer loop
      vertex   -9.693318e+02 3.175661e+02 -5.129040e+01
      vertex   -9.698494e+02 3.176801e+02 -5.108857e+01
      vertex   -9.695810e+02 3.175374e+02 -5.186499e+01
    endloop
  endfacet
  facet normal -5.081789e-01 -4.070594e-01 7.589841e-01
    outer loop
      vertex   -9.710348e+02 3.195009e+02 -4.912633e+01
      vertex   -9.706975e+02 3.198382e+02 -4.871954e+01
      vertex   -9.714201e+02 3.199357e+02 -4.915110e+01
    endloop
  endfacet
  facet normal -5.081789e-01 -4.070594e-01 7.589841e-01
    outer loop
      vertex   -9.714201e+02 3.199357e+02 -4.915110e+01
      vertex   -9.706975e+02 3.198382e+02 -4.871954e+01
      vertex   -9.710677e+02 3.202560e+02 -4.874334e+01
    endloop
  endfacet
  facet normal -5.960520e-01 -2.948887e-01 7.468351e-01
    outer loop
      vertex   -9.714201e+02 3.199357e+02 -4.915110e+01
      vertex   -9.710677e+02 3.202560e+02 -4.874334e+01
      vertex   -9.717476e+02 3.204107e+02 -4.922488e+01
    endloop
  endfacet
  facet normal -3.202902e-01 -4.161755e-01 8.510065e-01
    outer loop
      vertex   -9.699288e+02 3.198703e+02 -4.841454e+01
      vertex   -9.703193e+02 3.202163e+02 -4.839230e+01
      vertex   -9.706975e+02 3.198382e+02 -4.871954e+01
    endloop
  endfacet
  facet normal -4.161734e-01 -3.202929e-01 8.510065e-01
    outer loop
      vertex   -9.706975e+02 3.198382e+02 -4.871954e+01
      vertex   -9.703193e+02 3.202163e+02 -4.839230e+01
      vertex   -9.710677e+02 3.202560e+02 -4.874334e+01
    endloop
  endfacet
  facet normal -4.070560e-01 -5.081816e-01 7.589841e-01
    outer loop
      vertex   -9.706975e+02 3.198382e+02 -4.871954e+01
      vertex   -9.710348e+02 3.195009e+02 -4.912633e+01
      vertex   -9.702796e+02 3.194680e+02 -4.874334e+01
    endloop
  endfacet
  facet normal -4.070560e-01 -5.081816e-01 7.589841e-01
    outer loop
      vertex   -9.702796e+02 3.194680e+02 -4.874334e+01
      vertex   -9.710348e+02 3.195009e+02 -4.912633e+01
      vertex   -9.705999e+02 3.191155e+02 -4.915110e+01
    endloop
  endfacet
  facet normal -2.948848e-01 -5.960540e-01 7.468351e-01
    outer loop
      vertex   -9.702796e+02 3.194680e+02 -4.874334e+01
      vertex   -9.705999e+02 3.191155e+02 -4.915110e+01
      vertex   -9.698233e+02 3.191534e+02 -4.881422e+01
    endloop
  endfacet
  facet normal -2.948848e-01 -5.960540e-01 7.468351e-01
    outer loop
      vertex   -9.698233e+02 3.191534e+02 -4.881422e+01
      vertex   -9.705999e+02 3.191155e+02 -4.915110e+01
      vertex   -9.701249e+02 3.187881e+02 -4.922488e+01
    endloop
  endfacet
  facet normal -1.741072e-01 -6.687636e-01 7.228014e-01
    outer loop
      vertex   -9.698233e+02 3.191534e+02 -4.881422e+01
      vertex   -9.701249e+02 3.187881e+02 -4.922488e+01
      vertex   -9.693384e+02 3.189013e+02 -4.893064e+01
    endloop
  endfacet
  facet normal -1.741072e-01 -6.687636e-01 7.228014e-01
    outer loop
      vertex   -9.693384e+02 3.189013e+02 -4.893064e+01
      vertex   -9.701249e+02 3.187881e+02 -4.922488e+01
      vertex   -9.696202e+02 3.185257e+02 -4.934605e+01
    endloop
  endfacet
  facet normal -2.038959e-01 -1.253657e-01 9.709325e-01
    outer loop
      vertex   -9.697514e+02 3.213651e+02 -4.802398e+01
      vertex   -9.702230e+02 3.209796e+02 -4.817277e+01
      vertex   -9.694786e+02 3.210571e+02 -4.800644e+01
    endloop
  endfacet
  facet normal -2.038959e-01 -1.253657e-01 9.709325e-01
    outer loop
      vertex   -9.694786e+02 3.210571e+02 -4.800644e+01
      vertex   -9.702230e+02 3.209796e+02 -4.817277e+01
      vertex   -9.699097e+02 3.206260e+02 -4.815263e+01
    endloop
  endfacet
  facet normal -1.253643e-01 -2.038968e-01 9.709325e-01
    outer loop
      vertex   -9.694786e+02 3.210571e+02 -4.800644e+01
      vertex   -9.699097e+02 3.206260e+02 -4.815263e+01
      vertex   -9.691706e+02 3.207842e+02 -4.802398e+01
    endloop
  endfacet
  facet normal -3.139221e-01 -2.256315e-01 9.222491e-01
    outer loop
      vertex   -9.699097e+02 3.206260e+02 -4.815263e+01
      vertex   -9.702230e+02 3.209796e+02 -4.817277e+01
      vertex   -9.706653e+02 3.206068e+02 -4.841454e+01
    endloop
  endfacet
  facet normal -3.906462e-01 -1.276927e-01 9.116414e-01
    outer loop
      vertex   -9.706653e+02 3.206068e+02 -4.841454e+01
      vertex   -9.702230e+02 3.209796e+02 -4.817277e+01
      vertex   -9.709593e+02 3.210333e+02 -4.848078e+01
    endloop
  endfacet
  facet normal -4.994934e-01 -2.139344e-01 8.394870e-01
    outer loop
      vertex   -9.706653e+02 3.206068e+02 -4.841454e+01
      vertex   -9.709593e+02 3.210333e+02 -4.848078e+01
      vertex   -9.713823e+02 3.207124e+02 -4.881422e+01
    endloop
  endfacet
  facet normal -5.684364e-01 -9.941534e-02 8.166986e-01
    outer loop
      vertex   -9.713823e+02 3.207124e+02 -4.881422e+01
      vertex   -9.709593e+02 3.210333e+02 -4.848078e+01
      vertex   -9.716343e+02 3.211973e+02 -4.893064e+01
    endloop
  endfacet
  facet normal -6.687625e-01 -1.741116e-01 7.228014e-01
    outer loop
      vertex   -9.713823e+02 3.207124e+02 -4.881422e+01
      vertex   -9.716343e+02 3.211973e+02 -4.893064e+01
      vertex   -9.720099e+02 3.209154e+02 -4.934605e+01
    endloop
  endfacet
  facet normal -5.684364e-01 -9.941534e-02 8.166986e-01
    outer loop
      vertex   -9.711949e+02 3.214865e+02 -4.858959e+01
      vertex   -9.716343e+02 3.211973e+02 -4.893064e+01
      vertex   -9.709593e+02 3.210333e+02 -4.848078e+01
    endloop
  endfacet
  facet normal -2.139311e-01 -4.994948e-01 8.394870e-01
    outer loop
      vertex   -9.695023e+02 3.195763e+02 -4.848078e+01
      vertex   -9.699288e+02 3.198703e+02 -4.841454e+01
      vertex   -9.702796e+02 3.194680e+02 -4.874334e+01
    endloop
  endfacet
  facet normal -3.202902e-01 -4.161755e-01 8.510065e-01
    outer loop
      vertex   -9.702796e+02 3.194680e+02 -4.874334e+01
      vertex   -9.699288e+02 3.198703e+02 -4.841454e+01
      vertex   -9.706975e+02 3.198382e+02 -4.871954e+01
    endloop
  endfacet
  facet normal -2.139311e-01 -4.994948e-01 8.394870e-01
    outer loop
      vertex   -9.695023e+02 3.195763e+02 -4.848078e+01
      vertex   -9.702796e+02 3.194680e+02 -4.874334e+01
      vertex   -9.698233e+02 3.191534e+02 -4.881422e+01
    endloop
  endfacet
  facet normal -9.941154e-02 -5.684371e-01 8.166986e-01
    outer loop
      vertex   -9.690491e+02 3.193407e+02 -4.858959e+01
      vertex   -9.695023e+02 3.195763e+02 -4.848078e+01
      vertex   -9.698233e+02 3.191534e+02 -4.881422e+01
    endloop
  endfacet
  facet normal -9.941154e-02 -5.684371e-01 8.166986e-01
    outer loop
      vertex   -9.690491e+02 3.193407e+02 -4.858959e+01
      vertex   -9.698233e+02 3.191534e+02 -4.881422e+01
      vertex   -9.693384e+02 3.189013e+02 -4.893064e+01
    endloop
  endfacet
  facet normal -1.076476e-01 -9.583047e-01 2.646962e-01
    outer loop
      vertex   -9.690754e+02 3.176915e+02 -5.073220e+01
      vertex   -9.696107e+02 3.178093e+02 -5.052344e+01
      vertex   -9.693318e+02 3.175661e+02 -5.129040e+01
    endloop
  endfacet
  facet normal -3.491004e-04 7.133918e-02 9.974521e-01
    outer loop
      vertex   -8.020371e+02 4.790689e+02 -4.799802e+01
      vertex   -8.148833e+02 4.791253e+02 -4.800655e+01
      vertex   -8.020371e+02 4.784996e+02 -4.795730e+01
    endloop
  endfacet
  facet normal -2.622060e-07 7.845910e-02 9.969173e-01
    outer loop
      vertex   -8.020371e+02 4.784996e+02 -4.795730e+01
      vertex   -8.148833e+02 4.791253e+02 -4.800655e+01
      vertex   -8.277294e+02 4.791253e+02 -4.800655e+01
    endloop
  endfacet
  facet normal -2.622060e-07 7.845910e-02 9.969173e-01
    outer loop
      vertex   -8.020371e+02 4.784996e+02 -4.795730e+01
      vertex   -8.277294e+02 4.791253e+02 -4.800655e+01
      vertex   -8.405756e+02 4.791252e+02 -4.800655e+01
    endloop
  endfacet
  facet normal -7.801617e-07 2.334454e-01 9.723699e-01
    outer loop
      vertex   -8.405756e+02 4.791252e+02 -4.800655e+01
      vertex   -8.277294e+02 4.791253e+02 -4.800655e+01
      vertex   -8.405756e+02 4.797356e+02 -4.815308e+01
    endloop
  endfacet
  facet normal -7.801617e-07 2.334454e-01 9.723699e-01
    outer loop
      vertex   -8.405756e+02 4.791252e+02 -4.800655e+01
      vertex   -8.405756e+02 4.797356e+02 -4.815308e+01
      vertex   -8.534217e+02 4.797355e+02 -4.815308e+01
    endloop
  endfacet
  facet normal -1.278907e-06 3.826834e-01 9.238795e-01
    outer loop
      vertex   -8.534217e+02 4.797355e+02 -4.815308e+01
      vertex   -8.405756e+02 4.797356e+02 -4.815308e+01
      vertex   -8.534217e+02 4.803154e+02 -4.839328e+01
    endloop
  endfacet
  facet normal -1.278907e-06 3.826834e-01 9.238795e-01
    outer loop
      vertex   -8.534217e+02 4.797355e+02 -4.815308e+01
      vertex   -8.534217e+02 4.803154e+02 -4.839328e+01
      vertex   -8.662679e+02 4.803154e+02 -4.839328e+01
    endloop
  endfacet
  facet normal -1.746162e-06 5.224986e-01 8.526402e-01
    outer loop
      vertex   -8.662679e+02 4.803154e+02 -4.839328e+01
      vertex   -8.534217e+02 4.803154e+02 -4.839328e+01
      vertex   -8.662679e+02 4.808505e+02 -4.872124e+01
    endloop
  endfacet
  facet normal -1.746162e-06 5.224986e-01 8.526402e-01
    outer loop
      vertex   -8.662679e+02 4.803154e+02 -4.839328e+01
      vertex   -8.662679e+02 4.808505e+02 -4.872124e+01
      vertex   -8.791141e+02 4.808505e+02 -4.872124e+01
    endloop
  endfacet
  facet normal -2.170420e-06 6.494480e-01 7.604060e-01
    outer loop
      vertex   -8.791141e+02 4.808505e+02 -4.872124e+01
      vertex   -8.662679e+02 4.808505e+02 -4.872124e+01
      vertex   -8.791141e+02 4.813278e+02 -4.912888e+01
    endloop
  endfacet
  facet normal -2.170420e-06 6.494480e-01 7.604060e-01
    outer loop
      vertex   -8.791141e+02 4.808505e+02 -4.872124e+01
      vertex   -8.791141e+02 4.813278e+02 -4.912888e+01
      vertex   -8.919602e+02 4.813277e+02 -4.912888e+01
    endloop
  endfacet
  facet normal -2.541235e-06 7.604060e-01 6.494480e-01
    outer loop
      vertex   -8.919602e+02 4.813277e+02 -4.912888e+01
      vertex   -8.791141e+02 4.813278e+02 -4.912888e+01
      vertex   -8.919602e+02 4.817354e+02 -4.960616e+01
    endloop
  endfacet
  facet normal -2.541235e-06 7.604060e-01 6.494480e-01
    outer loop
      vertex   -8.919602e+02 4.813277e+02 -4.912888e+01
      vertex   -8.919602e+02 4.817354e+02 -4.960616e+01
      vertex   -9.048064e+02 4.817353e+02 -4.960616e+01
    endloop
  endfacet
  facet normal -2.849477e-06 8.526402e-01 5.224986e-01
    outer loop
      vertex   -9.048064e+02 4.817353e+02 -4.960616e+01
      vertex   -8.919602e+02 4.817354e+02 -4.960616e+01
      vertex   -9.048064e+02 4.820633e+02 -5.014134e+01
    endloop
  endfacet
  facet normal -2.849477e-06 8.526402e-01 5.224986e-01
    outer loop
      vertex   -9.048064e+02 4.817353e+02 -4.960616e+01
      vertex   -9.048064e+02 4.820633e+02 -5.014134e+01
      vertex   -9.176525e+02 4.820633e+02 -5.014134e+01
    endloop
  endfacet
  facet normal -3.087555e-06 9.238795e-01 3.826834e-01
    outer loop
      vertex   -9.176525e+02 4.820633e+02 -5.014134e+01
      vertex   -9.048064e+02 4.820633e+02 -5.014134e+01
      vertex   -9.176525e+02 4.823035e+02 -5.072124e+01
    endloop
  endfacet
  facet normal -3.087555e-06 9.238795e-01 3.826834e-01
    outer loop
      vertex   -9.176525e+02 4.820633e+02 -5.014134e+01
      vertex   -9.176525e+02 4.823035e+02 -5.072124e+01
      vertex   -9.304987e+02 4.823034e+02 -5.072124e+01
    endloop
  endfacet
  facet normal -3.249607e-06 9.723699e-01 2.334454e-01
    outer loop
      vertex   -9.304987e+02 4.823034e+02 -5.072124e+01
      vertex   -9.176525e+02 4.823035e+02 -5.072124e+01
      vertex   -9.304987e+02 4.824499e+02 -5.133157e+01
    endloop
  endfacet
  facet normal -3.249607e-06 9.723699e-01 2.334454e-01
    outer loop
      vertex   -9.304987e+02 4.823034e+02 -5.072124e+01
      vertex   -9.304987e+02 4.824499e+02 -5.133157e+01
      vertex   -9.433448e+02 4.824499e+02 -5.133157e+01
    endloop
  endfacet
  facet normal -3.331643e-06 9.969173e-01 7.845910e-02
    outer loop
      vertex   -9.433448e+02 4.824499e+02 -5.133157e+01
      vertex   -9.304987e+02 4.824499e+02 -5.133157e+01
      vertex   -9.690371e+02 4.824991e+02 -5.195730e+01
    endloop
  endfacet
  facet normal -3.331643e-06 9.969173e-01 7.845910e-02
    outer loop
      vertex   -9.433448e+02 4.824499e+02 -5.133157e+01
      vertex   -9.690371e+02 4.824991e+02 -5.195730e+01
      vertex   -9.561910e+02 4.824499e+02 -5.133157e+01
    endloop
  endfacet
  facet normal 3.455286e-04 9.974521e-01 7.133918e-02
    outer loop
      vertex   -9.561910e+02 4.824499e+02 -5.133157e+01
      vertex   -9.690371e+02 4.824991e+02 -5.195730e+01
      vertex   -9.690371e+02 4.824583e+02 -5.138804e+01
    endloop
  endfacet
  facet normal -2.887952e-04 9.771468e-01 2.125653e-01
    outer loop
      vertex   -9.561910e+02 4.824499e+02 -5.133157e+01
      vertex   -9.690371e+02 4.824583e+02 -5.138804e+01
      vertex   -9.690371e+02 4.823370e+02 -5.083037e+01
    endloop
  endfacet
  facet normal 2.848192e-04 2.125653e-01 9.771468e-01
    outer loop
      vertex   -8.020371e+02 4.790689e+02 -4.799802e+01
      vertex   -8.020371e+02 4.796265e+02 -4.811933e+01
      vertex   -8.148833e+02 4.791253e+02 -4.800655e+01
    endloop
  endfacet
  facet normal -5.718247e-04 2.334453e-01 9.723698e-01
    outer loop
      vertex   -8.148833e+02 4.791253e+02 -4.800655e+01
      vertex   -8.020371e+02 4.796265e+02 -4.811933e+01
      vertex   -8.148833e+02 4.797356e+02 -4.815308e+01
    endloop
  endfacet
  facet normal -7.801617e-07 2.334454e-01 9.723699e-01
    outer loop
      vertex   -8.148833e+02 4.791253e+02 -4.800655e+01
      vertex   -8.148833e+02 4.797356e+02 -4.815308e+01
      vertex   -8.277294e+02 4.797356e+02 -4.815308e+01
    endloop
  endfacet
  facet normal -1.278907e-06 3.826834e-01 9.238795e-01
    outer loop
      vertex   -8.277294e+02 4.797356e+02 -4.815308e+01
      vertex   -8.148833e+02 4.797356e+02 -4.815308e+01
      vertex   -8.277294e+02 4.803155e+02 -4.839328e+01
    endloop
  endfacet
  facet normal -1.278907e-06 3.826834e-01 9.238795e-01
    outer loop
      vertex   -8.277294e+02 4.797356e+02 -4.815308e+01
      vertex   -8.277294e+02 4.803155e+02 -4.839328e+01
      vertex   -8.405756e+02 4.803154e+02 -4.839328e+01
    endloop
  endfacet
  facet normal -1.746162e-06 5.224986e-01 8.526402e-01
    outer loop
      vertex   -8.405756e+02 4.803154e+02 -4.839328e+01
      vertex   -8.277294e+02 4.803155e+02 -4.839328e+01
      vertex   -8.405756e+02 4.808506e+02 -4.872124e+01
    endloop
  endfacet
  facet normal -1.746162e-06 5.224986e-01 8.526402e-01
    outer loop
      vertex   -8.405756e+02 4.803154e+02 -4.839328e+01
      vertex   -8.405756e+02 4.808506e+02 -4.872124e+01
      vertex   -8.534217e+02 4.808506e+02 -4.872124e+01
    endloop
  endfacet
  facet normal -2.170420e-06 6.494480e-01 7.604060e-01
    outer loop
      vertex   -8.534217e+02 4.808506e+02 -4.872124e+01
      vertex   -8.405756e+02 4.808506e+02 -4.872124e+01
      vertex   -8.534217e+02 4.813279e+02 -4.912888e+01
    endloop
  endfacet
  facet normal -2.170420e-06 6.494480e-01 7.604060e-01
    outer loop
      vertex   -8.534217e+02 4.808506e+02 -4.872124e+01
      vertex   -8.534217e+02 4.813279e+02 -4.912888e+01
      vertex   -8.662679e+02 4.813278e+02 -4.912888e+01
    endloop
  endfacet
  facet normal -2.541235e-06 7.604060e-01 6.494480e-01
    outer loop
      vertex   -8.662679e+02 4.813278e+02 -4.912888e+01
      vertex   -8.534217e+02 4.813279e+02 -4.912888e+01
      vertex   -8.662679e+02 4.817355e+02 -4.960616e+01
    endloop
  endfacet
  facet normal -2.541235e-06 7.604060e-01 6.494480e-01
    outer loop
      vertex   -8.662679e+02 4.813278e+02 -4.912888e+01
      vertex   -8.662679e+02 4.817355e+02 -4.960616e+01
      vertex   -8.791141e+02 4.817354e+02 -4.960616e+01
    endloop
  endfacet
  facet normal -2.849477e-06 8.526402e-01 5.224986e-01
    outer loop
      vertex   -8.791141e+02 4.817354e+02 -4.960616e+01
      vertex   -8.662679e+02 4.817355e+02 -4.960616e+01
      vertex   -8.791141e+02 4.820634e+02 -5.014134e+01
    endloop
  endfacet
  facet normal -2.849477e-06 8.526402e-01 5.224986e-01
    outer loop
      vertex   -8.791141e+02 4.817354e+02 -4.960616e+01
      vertex   -8.791141e+02 4.820634e+02 -5.014134e+01
      vertex   -8.919602e+02 4.820633e+02 -5.014134e+01
    endloop
  endfacet
  facet normal -3.087555e-06 9.238795e-01 3.826834e-01
    outer loop
      vertex   -8.919602e+02 4.820633e+02 -5.014134e+01
      vertex   -8.791141e+02 4.820634e+02 -5.014134e+01
      vertex   -8.919602e+02 4.823035e+02 -5.072124e+01
    endloop
  endfacet
  facet normal -3.087555e-06 9.238795e-01 3.826834e-01
    outer loop
      vertex   -8.919602e+02 4.820633e+02 -5.014134e+01
      vertex   -8.919602e+02 4.823035e+02 -5.072124e+01
      vertex   -9.048064e+02 4.823035e+02 -5.072124e+01
    endloop
  endfacet
  facet normal -3.249607e-06 9.723699e-01 2.334454e-01
    outer loop
      vertex   -9.048064e+02 4.823035e+02 -5.072124e+01
      vertex   -8.919602e+02 4.823035e+02 -5.072124e+01
      vertex   -9.048064e+02 4.824500e+02 -5.133157e+01
    endloop
  endfacet
  facet normal -3.249607e-06 9.723699e-01 2.334454e-01
    outer loop
      vertex   -9.048064e+02 4.823035e+02 -5.072124e+01
      vertex   -9.048064e+02 4.824500e+02 -5.133157e+01
      vertex   -9.176525e+02 4.824500e+02 -5.133157e+01
    endloop
  endfacet
  facet normal -3.331643e-06 9.969173e-01 7.845910e-02
    outer loop
      vertex   -9.176525e+02 4.824500e+02 -5.133157e+01
      vertex   -9.048064e+02 4.824500e+02 -5.133157e+01
      vertex   -9.690371e+02 4.824991e+02 -5.195730e+01
    endloop
  endfacet
  facet normal -3.331643e-06 9.969173e-01 7.845910e-02
    outer loop
      vertex   -9.176525e+02 4.824500e+02 -5.133157e+01
      vertex   -9.690371e+02 4.824991e+02 -5.195730e+01
      vertex   -9.304987e+02 4.824499e+02 -5.133157e+01
    endloop
  endfacet
  facet normal 5.065006e-04 3.494641e-01 9.369496e-01
    outer loop
      vertex   -8.020371e+02 4.796265e+02 -4.811933e+01
      vertex   -8.020371e+02 4.801613e+02 -4.831878e+01
      vertex   -8.148833e+02 4.797356e+02 -4.815308e+01
    endloop
  endfacet
  facet normal -7.627492e-04 3.826833e-01 9.238793e-01
    outer loop
      vertex   -8.148833e+02 4.797356e+02 -4.815308e+01
      vertex   -8.020371e+02 4.801613e+02 -4.831878e+01
      vertex   -8.148833e+02 4.803155e+02 -4.839328e+01
    endloop
  endfacet
  facet normal -1.278907e-06 3.826834e-01 9.238795e-01
    outer loop
      vertex   -8.148833e+02 4.797356e+02 -4.815308e+01
      vertex   -8.148833e+02 4.803155e+02 -4.839328e+01
      vertex   -8.277294e+02 4.803155e+02 -4.839328e+01
    endloop
  endfacet
  facet normal -1.746162e-06 5.224986e-01 8.526402e-01
    outer loop
      vertex   -8.277294e+02 4.803155e+02 -4.839328e+01
      vertex   -8.148833e+02 4.803155e+02 -4.839328e+01
      vertex   -8.277294e+02 4.808507e+02 -4.872124e+01
    endloop
  endfacet
  facet normal -1.746162e-06 5.224986e-01 8.526402e-01
    outer loop
      vertex   -8.277294e+02 4.803155e+02 -4.839328e+01
      vertex   -8.277294e+02 4.808507e+02 -4.872124e+01
      vertex   -8.405756e+02 4.808506e+02 -4.872124e+01
    endloop
  endfacet
  facet normal -2.170420e-06 6.494480e-01 7.604060e-01
    outer loop
      vertex   -8.405756e+02 4.808506e+02 -4.872124e+01
      vertex   -8.277294e+02 4.808507e+02 -4.872124e+01
      vertex   -8.405756e+02 4.813279e+02 -4.912888e+01
    endloop
  endfacet
  facet normal -2.170420e-06 6.494480e-01 7.604060e-01
    outer loop
      vertex   -8.405756e+02 4.808506e+02 -4.872124e+01
      vertex   -8.405756e+02 4.813279e+02 -4.912888e+01
      vertex   -8.534217e+02 4.813279e+02 -4.912888e+01
    endloop
  endfacet
  facet normal -2.541235e-06 7.604060e-01 6.494480e-01
    outer loop
      vertex   -8.534217e+02 4.813279e+02 -4.912888e+01
      vertex   -8.405756e+02 4.813279e+02 -4.912888e+01
      vertex   -8.534217e+02 4.817355e+02 -4.960616e+01
    endloop
  endfacet
  facet normal -2.541235e-06 7.604060e-01 6.494480e-01
    outer loop
      vertex   -8.534217e+02 4.813279e+02 -4.912888e+01
      vertex   -8.534217e+02 4.817355e+02 -4.960616e+01
      vertex   -8.662679e+02 4.817355e+02 -4.960616e+01
    endloop
  endfacet
  facet normal -2.849477e-06 8.526402e-01 5.224986e-01
    outer loop
      vertex   -8.662679e+02 4.817355e+02 -4.960616e+01
      vertex   -8.534217e+02 4.817355e+02 -4.960616e+01
      vertex   -8.662679e+02 4.820634e+02 -5.014134e+01
    endloop
  endfacet
  facet normal -2.849477e-06 8.526402e-01 5.224986e-01
    outer loop
      vertex   -8.662679e+02 4.817355e+02 -4.960616e+01
      vertex   -8.662679e+02 4.820634e+02 -5.014134e+01
      vertex   -8.791141e+02 4.820634e+02 -5.014134e+01
    endloop
  endfacet
  facet normal -3.087555e-06 9.238795e-01 3.826834e-01
    outer loop
      vertex   -8.791141e+02 4.820634e+02 -5.014134e+01
      vertex   -8.662679e+02 4.820634e+02 -5.014134e+01
      vertex   -8.791141e+02 4.823036e+02 -5.072124e+01
    endloop
  endfacet
  facet normal -3.087555e-06 9.238795e-01 3.826834e-01
    outer loop
      vertex   -8.791141e+02 4.820634e+02 -5.014134e+01
      vertex   -8.791141e+02 4.823036e+02 -5.072124e+01
      vertex   -8.919602e+02 4.823035e+02 -5.072124e+01
    endloop
  endfacet
  facet normal -3.249607e-06 9.723699e-01 2.334454e-01
    outer loop
      vertex   -8.919602e+02 4.823035e+02 -5.072124e+01
      vertex   -8.791141e+02 4.823036e+02 -5.072124e+01
      vertex   -8.919602e+02 4.824501e+02 -5.133157e+01
    endloop
  endfacet
  facet normal -3.249607e-06 9.723699e-01 2.334454e-01
    outer loop
      vertex   -8.919602e+02 4.823035e+02 -5.072124e+01
      vertex   -8.919602e+02 4.824501e+02 -5.133157e+01
      vertex   -9.048064e+02 4.824500e+02 -5.133157e+01
    endloop
  endfacet
  facet normal -3.331643e-06 9.969173e-01 7.845910e-02
    outer loop
      vertex   -9.048064e+02 4.824500e+02 -5.133157e+01
      vertex   -8.919602e+02 4.824501e+02 -5.133157e+01
      vertex   -9.690371e+02 4.824991e+02 -5.195730e+01
    endloop
  endfacet
  facet normal 6.647699e-04 4.792489e-01 8.776788e-01
    outer loop
      vertex   -8.020371e+02 4.801613e+02 -4.831878e+01
      vertex   -8.020371e+02 4.806622e+02 -4.859229e+01
      vertex   -8.148833e+02 4.803155e+02 -4.839328e+01
    endloop
  endfacet
  facet normal -8.901885e-04 5.224984e-01 8.526398e-01
    outer loop
      vertex   -8.148833e+02 4.803155e+02 -4.839328e+01
      vertex   -8.020371e+02 4.806622e+02 -4.859229e+01
      vertex   -8.148833e+02 4.808507e+02 -4.872124e+01
    endloop
  endfacet
  facet normal -1.746162e-06 5.224986e-01 8.526402e-01
    outer loop
      vertex   -8.148833e+02 4.803155e+02 -4.839328e+01
      vertex   -8.148833e+02 4.808507e+02 -4.872124e+01
      vertex   -8.277294e+02 4.808507e+02 -4.872124e+01
    endloop
  endfacet
  facet normal -2.170420e-06 6.494480e-01 7.604060e-01
    outer loop
      vertex   -8.277294e+02 4.808507e+02 -4.872124e+01
      vertex   -8.148833e+02 4.808507e+02 -4.872124e+01
      vertex   -8.277294e+02 4.813280e+02 -4.912888e+01
    endloop
  endfacet
  facet normal -2.170420e-06 6.494480e-01 7.604060e-01
    outer loop
      vertex   -8.277294e+02 4.808507e+02 -4.872124e+01
      vertex   -8.277294e+02 4.813280e+02 -4.912888e+01
      vertex   -8.405756e+02 4.813279e+02 -4.912888e+01
    endloop
  endfacet
  facet normal -2.541235e-06 7.604060e-01 6.494480e-01
    outer loop
      vertex   -8.405756e+02 4.813279e+02 -4.912888e+01
      vertex   -8.277294e+02 4.813280e+02 -4.912888e+01
      vertex   -8.405756e+02 4.817356e+02 -4.960616e+01
    endloop
  endfacet
  facet normal -2.541235e-06 7.604060e-01 6.494480e-01
    outer loop
      vertex   -8.405756e+02 4.813279e+02 -4.912888e+01
      vertex   -8.405756e+02 4.817356e+02 -4.960616e+01
      vertex   -8.534217e+02 4.817355e+02 -4.960616e+01
    endloop
  endfacet
  facet normal -2.849477e-06 8.526402e-01 5.224986e-01
    outer loop
      vertex   -8.534217e+02 4.817355e+02 -4.960616e+01
      vertex   -8.405756e+02 4.817356e+02 -4.960616e+01
      vertex   -8.534217e+02 4.820635e+02 -5.014134e+01
    endloop
  endfacet
  facet normal -2.849477e-06 8.526402e-01 5.224986e-01
    outer loop
      vertex   -8.534217e+02 4.817355e+02 -4.960616e+01
      vertex   -8.534217e+02 4.820635e+02 -5.014134e+01
      vertex   -8.662679e+02 4.820634e+02 -5.014134e+01
    endloop
  endfacet
  facet normal -3.087555e-06 9.238795e-01 3.826834e-01
    outer loop
      vertex   -8.662679e+02 4.820634e+02 -5.014134e+01
      vertex   -8.534217e+02 4.820635e+02 -5.014134e+01
      vertex   -8.662679e+02 4.823036e+02 -5.072124e+01
    endloop
  endfacet
  facet normal -3.087555e-06 9.238795e-01 3.826834e-01
    outer loop
      vertex   -8.662679e+02 4.820634e+02 -5.014134e+01
      vertex   -8.662679e+02 4.823036e+02 -5.072124e+01
      vertex   -8.791141e+02 4.823036e+02 -5.072124e+01
    endloop
  endfacet
  facet normal -3.249607e-06 9.723699e-01 2.334454e-01
    outer loop
      vertex   -8.791141e+02 4.823036e+02 -5.072124e+01
      vertex   -8.662679e+02 4.823036e+02 -5.072124e+01
      vertex   -8.791141e+02 4.824501e+02 -5.133157e+01
    endloop
  endfacet
  facet normal -3.249607e-06 9.723699e-01 2.334454e-01
    outer loop
      vertex   -8.791141e+02 4.823036e+02 -5.072124e+01
      vertex   -8.791141e+02 4.824501e+02 -5.133157e+01
      vertex   -8.919602e+02 4.824501e+02 -5.133157e+01
    endloop
  endfacet
  facet normal -3.331643e-06 9.969173e-01 7.845910e-02
    outer loop
      vertex   -8.919602e+02 4.824501e+02 -5.133157e+01
      vertex   -8.791141e+02 4.824501e+02 -5.133157e+01
      vertex   -9.690371e+02 4.824991e+02 -5.195730e+01
    endloop
  endfacet
  facet normal 7.596035e-04 5.992775e-01 8.005410e-01
    outer loop
      vertex   -8.020371e+02 4.806622e+02 -4.859229e+01
      vertex   -8.020371e+02 4.811191e+02 -4.893431e+01
      vertex   -8.148833e+02 4.808507e+02 -4.872124e+01
    endloop
  endfacet
  facet normal -9.541052e-04 6.494478e-01 7.604056e-01
    outer loop
      vertex   -8.148833e+02 4.808507e+02 -4.872124e+01
      vertex   -8.020371e+02 4.811191e+02 -4.893431e+01
      vertex   -8.148833e+02 4.813280e+02 -4.912888e+01
    endloop
  endfacet
  facet normal -2.170420e-06 6.494480e-01 7.604060e-01
    outer loop
      vertex   -8.148833e+02 4.808507e+02 -4.872124e+01
      vertex   -8.148833e+02 4.813280e+02 -4.912888e+01
      vertex   -8.277294e+02 4.813280e+02 -4.912888e+01
    endloop
  endfacet
  facet normal -2.541235e-06 7.604060e-01 6.494480e-01
    outer loop
      vertex   -8.277294e+02 4.813280e+02 -4.912888e+01
      vertex   -8.148833e+02 4.813280e+02 -4.912888e+01
      vertex   -8.277294e+02 4.817356e+02 -4.960616e+01
    endloop
  endfacet
  facet normal -2.541235e-06 7.604060e-01 6.494480e-01
    outer loop
      vertex   -8.277294e+02 4.813280e+02 -4.912888e+01
      vertex   -8.277294e+02 4.817356e+02 -4.960616e+01
      vertex   -8.405756e+02 4.817356e+02 -4.960616e+01
    endloop
  endfacet
  facet normal -2.849477e-06 8.526402e-01 5.224986e-01
    outer loop
      vertex   -8.405756e+02 4.817356e+02 -4.960616e+01
      vertex   -8.277294e+02 4.817356e+02 -4.960616e+01
      vertex   -8.405756e+02 4.820635e+02 -5.014134e+01
    endloop
  endfacet
  facet normal -2.849477e-06 8.526402e-01 5.224986e-01
    outer loop
      vertex   -8.405756e+02 4.817356e+02 -4.960616e+01
      vertex   -8.405756e+02 4.820635e+02 -5.014134e+01
      vertex   -8.534217e+02 4.820635e+02 -5.014134e+01
    endloop
  endfacet
  facet normal -3.087555e-06 9.238795e-01 3.826834e-01
    outer loop
      vertex   -8.534217e+02 4.820635e+02 -5.014134e+01
      vertex   -8.405756e+02 4.820635e+02 -5.014134e+01
      vertex   -8.534218e+02 4.823037e+02 -5.072124e+01
    endloop
  endfacet
  facet normal -3.087555e-06 9.238795e-01 3.826834e-01
    outer loop
      vertex   -8.534217e+02 4.820635e+02 -5.014134e+01
      vertex   -8.534218e+02 4.823037e+02 -5.072124e+01
      vertex   -8.662679e+02 4.823036e+02 -5.072124e+01
    endloop
  endfacet
  facet normal -3.249607e-06 9.723699e-01 2.334454e-01
    outer loop
      vertex   -8.662679e+02 4.823036e+02 -5.072124e+01
      vertex   -8.534218e+02 4.823037e+02 -5.072124e+01
      vertex   -8.662679e+02 4.824502e+02 -5.133157e+01
    endloop
  endfacet
  facet normal -3.249607e-06 9.723699e-01 2.334454e-01
    outer loop
      vertex   -8.662679e+02 4.823036e+02 -5.072124e+01
      vertex   -8.662679e+02 4.824502e+02 -5.133157e+01
      vertex   -8.791141e+02 4.824501e+02 -5.133157e+01
    endloop
  endfacet
  facet normal -3.331643e-06 9.969173e-01 7.845910e-02
    outer loop
      vertex   -8.791141e+02 4.824501e+02 -5.133157e+01
      vertex   -8.662679e+02 4.824502e+02 -5.133157e+01
      vertex   -9.690371e+02 4.824991e+02 -5.195730e+01
    endloop
  endfacet
  facet normal 7.909902e-04 7.071066e-01 7.071066e-01
    outer loop
      vertex   -8.020371e+02 4.811191e+02 -4.893431e+01
      vertex   -8.020371e+02 4.815226e+02 -4.933786e+01
      vertex   -8.148833e+02 4.813280e+02 -4.912888e+01
    endloop
  endfacet
  facet normal -9.544761e-04 7.604056e-01 6.494478e-01
    outer loop
      vertex   -8.148833e+02 4.813280e+02 -4.912888e+01
      vertex   -8.020371e+02 4.815226e+02 -4.933786e+01
      vertex   -8.148833e+02 4.817356e+02 -4.960616e+01
    endloop
  endfacet
  facet normal -2.541235e-06 7.604060e-01 6.494480e-01
    outer loop
      vertex   -8.148833e+02 4.813280e+02 -4.912888e+01
      vertex   -8.148833e+02 4.817356e+02 -4.960616e+01
      vertex   -8.277294e+02 4.817356e+02 -4.960616e+01
    endloop
  endfacet
  facet normal -2.849477e-06 8.526402e-01 5.224986e-01
    outer loop
      vertex   -8.277294e+02 4.817356e+02 -4.960616e+01
      vertex   -8.148833e+02 4.817356e+02 -4.960616e+01
      vertex   -8.277294e+02 4.820636e+02 -5.014134e+01
    endloop
  endfacet
  facet normal -2.849477e-06 8.526402e-01 5.224986e-01
    outer loop
      vertex   -8.277294e+02 4.817356e+02 -4.960616e+01
      vertex   -8.277294e+02 4.820636e+02 -5.014134e+01
      vertex   -8.405756e+02 4.820635e+02 -5.014134e+01
    endloop
  endfacet
  facet normal -3.087555e-06 9.238795e-01 3.826834e-01
    outer loop
      vertex   -8.405756e+02 4.820635e+02 -5.014134e+01
      vertex   -8.277294e+02 4.820636e+02 -5.014134e+01
      vertex   -8.405756e+02 4.823037e+02 -5.072124e+01
    endloop
  endfacet
  facet normal -3.087555e-06 9.238795e-01 3.826834e-01
    outer loop
      vertex   -8.405756e+02 4.820635e+02 -5.014134e+01
      vertex   -8.405756e+02 4.823037e+02 -5.072124e+01
      vertex   -8.534218e+02 4.823037e+02 -5.072124e+01
    endloop
  endfacet
  facet normal -3.249607e-06 9.723699e-01 2.334454e-01
    outer loop
      vertex   -8.534218e+02 4.823037e+02 -5.072124e+01
      vertex   -8.405756e+02 4.823037e+02 -5.072124e+01
      vertex   -8.534218e+02 4.824502e+02 -5.133157e+01
    endloop
  endfacet
  facet normal -3.249607e-06 9.723699e-01 2.334454e-01
    outer loop
      vertex   -8.534218e+02 4.823037e+02 -5.072124e+01
      vertex   -8.534218e+02 4.824502e+02 -5.133157e+01
      vertex   -8.662679e+02 4.824502e+02 -5.133157e+01
    endloop
  endfacet
  facet normal -3.331643e-06 9.969173e-01 7.845910e-02
    outer loop
      vertex   -8.662679e+02 4.824502e+02 -5.133157e+01
      vertex   -8.534218e+02 4.824502e+02 -5.133157e+01
      vertex   -9.690371e+02 4.824991e+02 -5.195730e+01
    endloop
  endfacet
  facet normal 7.589309e-04 8.005410e-01 5.992775e-01
    outer loop
      vertex   -8.020371e+02 4.815226e+02 -4.933786e+01
      vertex   -8.020371e+02 4.818646e+02 -4.979474e+01
      vertex   -8.148833e+02 4.817356e+02 -4.960616e+01
    endloop
  endfacet
  facet normal -8.912918e-04 8.526398e-01 5.224984e-01
    outer loop
      vertex   -8.148833e+02 4.817356e+02 -4.960616e+01
      vertex   -8.020371e+02 4.818646e+02 -4.979474e+01
      vertex   -8.148833e+02 4.820636e+02 -5.014134e+01
    endloop
  endfacet
  facet normal -2.849477e-06 8.526402e-01 5.224986e-01
    outer loop
      vertex   -8.148833e+02 4.817356e+02 -4.960616e+01
      vertex   -8.148833e+02 4.820636e+02 -5.014134e+01
      vertex   -8.277294e+02 4.820636e+02 -5.014134e+01
    endloop
  endfacet
  facet normal -3.087555e-06 9.238795e-01 3.826834e-01
    outer loop
      vertex   -8.277294e+02 4.820636e+02 -5.014134e+01
      vertex   -8.148833e+02 4.820636e+02 -5.014134e+01
      vertex   -8.277294e+02 4.823038e+02 -5.072124e+01
    endloop
  endfacet
  facet normal -3.087555e-06 9.238795e-01 3.826834e-01
    outer loop
      vertex   -8.277294e+02 4.820636e+02 -5.014134e+01
      vertex   -8.277294e+02 4.823038e+02 -5.072124e+01
      vertex   -8.405756e+02 4.823037e+02 -5.072124e+01
    endloop
  endfacet
  facet normal -3.249607e-06 9.723699e-01 2.334454e-01
    outer loop
      vertex   -8.405756e+02 4.823037e+02 -5.072124e+01
      vertex   -8.277294e+02 4.823038e+02 -5.072124e+01
      vertex   -8.405756e+02 4.824502e+02 -5.133157e+01
    endloop
  endfacet
  facet normal -3.249607e-06 9.723699e-01 2.334454e-01
    outer loop
      vertex   -8.405756e+02 4.823037e+02 -5.072124e+01
      vertex   -8.405756e+02 4.824502e+02 -5.133157e+01
      vertex   -8.534218e+02 4.824502e+02 -5.133157e+01
    endloop
  endfacet
  facet normal -3.331643e-06 9.969173e-01 7.845910e-02
    outer loop
      vertex   -8.534218e+02 4.824502e+02 -5.133157e+01
      vertex   -8.405756e+02 4.824502e+02 -5.133157e+01
      vertex   -9.690371e+02 4.824991e+02 -5.195730e+01
    endloop
  endfacet
  facet normal 6.634384e-04 8.776788e-01 4.792489e-01
    outer loop
      vertex   -8.020371e+02 4.818646e+02 -4.979474e+01
      vertex   -8.020371e+02 4.821381e+02 -5.029564e+01
      vertex   -8.148833e+02 4.820636e+02 -5.014134e+01
    endloop
  endfacet
  facet normal -7.645579e-04 9.238793e-01 3.826833e-01
    outer loop
      vertex   -8.148833e+02 4.820636e+02 -5.014134e+01
      vertex   -8.020371e+02 4.821381e+02 -5.029564e+01
      vertex   -8.148833e+02 4.823038e+02 -5.072124e+01
    endloop
  endfacet
  facet normal -3.087555e-06 9.238795e-01 3.826834e-01
    outer loop
      vertex   -8.148833e+02 4.820636e+02 -5.014134e+01
      vertex   -8.148833e+02 4.823038e+02 -5.072124e+01
      vertex   -8.277294e+02 4.823038e+02 -5.072124e+01
    endloop
  endfacet
  facet normal -3.249607e-06 9.723699e-01 2.334454e-01
    outer loop
      vertex   -8.277294e+02 4.823038e+02 -5.072124e+01
      vertex   -8.148833e+02 4.823038e+02 -5.072124e+01
      vertex   -8.277294e+02 4.824503e+02 -5.133157e+01
    endloop
  endfacet
  facet normal -3.249607e-06 9.723699e-01 2.334454e-01
    outer loop
      vertex   -8.277294e+02 4.823038e+02 -5.072124e+01
      vertex   -8.277294e+02 4.824503e+02 -5.133157e+01
      vertex   -8.405756e+02 4.824502e+02 -5.133157e+01
    endloop
  endfacet
  facet normal -3.304449e-06 9.887801e-01 1.493785e-01
    outer loop
      vertex   -8.405756e+02 4.824502e+02 -5.133157e+01
      vertex   -8.277294e+02 4.824503e+02 -5.133157e+01
      vertex   -8.020371e+02 4.824589e+02 -5.138804e+01
    endloop
  endfacet
  facet normal -8.448970e-05 9.954765e-01 9.500812e-02
    outer loop
      vertex   -8.405756e+02 4.824502e+02 -5.133157e+01
      vertex   -8.020371e+02 4.824589e+02 -5.138804e+01
      vertex   -9.690371e+02 4.824991e+02 -5.195730e+01
    endloop
  endfacet
  facet normal -3.333431e-06 9.974521e-01 7.133918e-02
    outer loop
      vertex   -9.690371e+02 4.824991e+02 -5.195730e+01
      vertex   -8.020371e+02 4.824589e+02 -5.138804e+01
      vertex   -8.020371e+02 4.824996e+02 -5.195730e+01
    endloop
  endfacet
  facet normal 5.045373e-04 9.369496e-01 3.494641e-01
    outer loop
      vertex   -8.020371e+02 4.821381e+02 -5.029564e+01
      vertex   -8.020371e+02 4.823376e+02 -5.083037e+01
      vertex   -8.148833e+02 4.823038e+02 -5.072124e+01
    endloop
  endfacet
  facet normal -5.742942e-04 9.723698e-01 2.334453e-01
    outer loop
      vertex   -8.148833e+02 4.823038e+02 -5.072124e+01
      vertex   -8.020371e+02 4.823376e+02 -5.083037e+01
      vertex   -8.148833e+02 4.824503e+02 -5.133157e+01
    endloop
  endfacet
  facet normal -3.249607e-06 9.723699e-01 2.334454e-01
    outer loop
      vertex   -8.148833e+02 4.823038e+02 -5.072124e+01
      vertex   -8.148833e+02 4.824503e+02 -5.133157e+01
      vertex   -8.277294e+02 4.824503e+02 -5.133157e+01
    endloop
  endfacet
  facet normal -3.304449e-06 9.887801e-01 1.493785e-01
    outer loop
      vertex   -8.277294e+02 4.824503e+02 -5.133157e+01
      vertex   -8.148833e+02 4.824503e+02 -5.133157e+01
      vertex   -8.020371e+02 4.824589e+02 -5.138804e+01
    endloop
  endfacet
  facet normal 2.822640e-04 9.771468e-01 2.125653e-01
    outer loop
      vertex   -8.020371e+02 4.823376e+02 -5.083037e+01
      vertex   -8.020371e+02 4.824589e+02 -5.138804e+01
      vertex   -8.148833e+02 4.824503e+02 -5.133157e+01
    endloop
  endfacet
  facet normal 5.677950e-04 9.723698e-01 2.334453e-01
    outer loop
      vertex   -9.561910e+02 4.824499e+02 -5.133157e+01
      vertex   -9.690371e+02 4.823370e+02 -5.083037e+01
      vertex   -9.561910e+02 4.823033e+02 -5.072124e+01
    endloop
  endfacet
  facet normal -5.107998e-04 9.369496e-01 3.494641e-01
    outer loop
      vertex   -9.561910e+02 4.823033e+02 -5.072124e+01
      vertex   -9.690371e+02 4.823370e+02 -5.083037e+01
      vertex   -9.690371e+02 4.821376e+02 -5.029564e+01
    endloop
  endfacet
  facet normal 7.583828e-04 9.238793e-01 3.826833e-01
    outer loop
      vertex   -9.561910e+02 4.823033e+02 -5.072124e+01
      vertex   -9.690371e+02 4.821376e+02 -5.029564e+01
      vertex   -9.561910e+02 4.820631e+02 -5.014134e+01
    endloop
  endfacet
  facet normal -6.693047e-04 8.776788e-01 4.792489e-01
    outer loop
      vertex   -9.561910e+02 4.820631e+02 -5.014134e+01
      vertex   -9.690371e+02 4.821376e+02 -5.029564e+01
      vertex   -9.690371e+02 4.818641e+02 -4.979474e+01
    endloop
  endfacet
  facet normal 8.855929e-04 8.526398e-01 5.224984e-01
    outer loop
      vertex   -9.561910e+02 4.820631e+02 -5.014134e+01
      vertex   -9.690371e+02 4.818641e+02 -4.979474e+01
      vertex   -9.561910e+02 4.817352e+02 -4.960616e+01
    endloop
  endfacet
  facet normal -7.642816e-04 8.005410e-01 5.992775e-01
    outer loop
      vertex   -9.561910e+02 4.817352e+02 -4.960616e+01
      vertex   -9.690371e+02 4.818641e+02 -4.979474e+01
      vertex   -9.690371e+02 4.815221e+02 -4.933786e+01
    endloop
  endfacet
  facet normal 9.493936e-04 7.604056e-01 6.494478e-01
    outer loop
      vertex   -9.561910e+02 4.817352e+02 -4.960616e+01
      vertex   -9.690371e+02 4.815221e+02 -4.933786e+01
      vertex   -9.561910e+02 4.813275e+02 -4.912888e+01
    endloop
  endfacet
  facet normal -7.957164e-04 7.071066e-01 7.071066e-01
    outer loop
      vertex   -9.561910e+02 4.813275e+02 -4.912888e+01
      vertex   -9.690371e+02 4.815221e+02 -4.933786e+01
      vertex   -9.690371e+02 4.811185e+02 -4.893431e+01
    endloop
  endfacet
  facet normal 9.497644e-04 6.494478e-01 7.604056e-01
    outer loop
      vertex   -9.561910e+02 4.813275e+02 -4.912888e+01
      vertex   -9.690371e+02 4.811185e+02 -4.893431e+01
      vertex   -9.561910e+02 4.808502e+02 -4.872124e+01
    endloop
  endfacet
  facet normal -7.636090e-04 5.992775e-01 8.005410e-01
    outer loop
      vertex   -9.561910e+02 4.808502e+02 -4.872124e+01
      vertex   -9.690371e+02 4.811185e+02 -4.893431e+01
      vertex   -9.690371e+02 4.806616e+02 -4.859229e+01
    endloop
  endfacet
  facet normal 8.866962e-04 5.224984e-01 8.526398e-01
    outer loop
      vertex   -9.561910e+02 4.808502e+02 -4.872124e+01
      vertex   -9.690371e+02 4.806616e+02 -4.859229e+01
      vertex   -9.561910e+02 4.803151e+02 -4.839328e+01
    endloop
  endfacet
  facet normal -6.679731e-04 4.792489e-01 8.776788e-01
    outer loop
      vertex   -9.561910e+02 4.803151e+02 -4.839328e+01
      vertex   -9.690371e+02 4.806616e+02 -4.859229e+01
      vertex   -9.690371e+02 4.801607e+02 -4.831878e+01
    endloop
  endfacet
  facet normal 7.601914e-04 3.826833e-01 9.238793e-01
    outer loop
      vertex   -9.561910e+02 4.803151e+02 -4.839328e+01
      vertex   -9.690371e+02 4.801607e+02 -4.831878e+01
      vertex   -9.561910e+02 4.797352e+02 -4.815308e+01
    endloop
  endfacet
  facet normal -5.088364e-04 3.494641e-01 9.369496e-01
    outer loop
      vertex   -9.561910e+02 4.797352e+02 -4.815308e+01
      vertex   -9.690371e+02 4.801607e+02 -4.831878e+01
      vertex   -9.690371e+02 4.796260e+02 -4.811933e+01
    endloop
  endfacet
  facet normal 5.702644e-04 2.334453e-01 9.723698e-01
    outer loop
      vertex   -9.561910e+02 4.797352e+02 -4.815308e+01
      vertex   -9.690371e+02 4.796260e+02 -4.811933e+01
      vertex   -9.561910e+02 4.791248e+02 -4.800655e+01
    endloop
  endfacet
  facet normal -2.862400e-04 2.125653e-01 9.771468e-01
    outer loop
      vertex   -9.561910e+02 4.791248e+02 -4.800655e+01
      vertex   -9.690371e+02 4.796260e+02 -4.811933e+01
      vertex   -9.690371e+02 4.790683e+02 -4.799802e+01
    endloop
  endfacet
  facet normal -4.992147e-07 1.493785e-01 9.887801e-01
    outer loop
      vertex   -9.561910e+02 4.791248e+02 -4.800655e+01
      vertex   -9.690371e+02 4.790683e+02 -4.799802e+01
      vertex   -9.433448e+02 4.791249e+02 -4.800655e+01
    endloop
  endfacet
  facet normal -4.992147e-07 1.493785e-01 9.887801e-01
    outer loop
      vertex   -9.433448e+02 4.791249e+02 -4.800655e+01
      vertex   -9.690371e+02 4.790683e+02 -4.799802e+01
      vertex   -9.304987e+02 4.791249e+02 -4.800655e+01
    endloop
  endfacet
  facet normal -7.801617e-07 2.334454e-01 9.723699e-01
    outer loop
      vertex   -9.433448e+02 4.791249e+02 -4.800655e+01
      vertex   -9.304987e+02 4.791249e+02 -4.800655e+01
      vertex   -9.433448e+02 4.797352e+02 -4.815308e+01
    endloop
  endfacet
  facet normal -7.801617e-07 2.334454e-01 9.723699e-01
    outer loop
      vertex   -9.433448e+02 4.797352e+02 -4.815308e+01
      vertex   -9.304987e+02 4.791249e+02 -4.800655e+01
      vertex   -9.304987e+02 4.797353e+02 -4.815308e+01
    endloop
  endfacet
  facet normal -1.278907e-06 3.826834e-01 9.238795e-01
    outer loop
      vertex   -9.433448e+02 4.797352e+02 -4.815308e+01
      vertex   -9.304987e+02 4.797353e+02 -4.815308e+01
      vertex   -9.433448e+02 4.803151e+02 -4.839328e+01
    endloop
  endfacet
  facet normal -1.278907e-06 3.826834e-01 9.238795e-01
    outer loop
      vertex   -9.433448e+02 4.803151e+02 -4.839328e+01
      vertex   -9.304987e+02 4.797353e+02 -4.815308e+01
      vertex   -9.304987e+02 4.803151e+02 -4.839328e+01
    endloop
  endfacet
  facet normal -1.746162e-06 5.224986e-01 8.526402e-01
    outer loop
      vertex   -9.433448e+02 4.803151e+02 -4.839328e+01
      vertex   -9.304987e+02 4.803151e+02 -4.839328e+01
      vertex   -9.433448e+02 4.808503e+02 -4.872124e+01
    endloop
  endfacet
  facet normal -1.746162e-06 5.224986e-01 8.526402e-01
    outer loop
      vertex   -9.433448e+02 4.808503e+02 -4.872124e+01
      vertex   -9.304987e+02 4.803151e+02 -4.839328e+01
      vertex   -9.304987e+02 4.808503e+02 -4.872124e+01
    endloop
  endfacet
  facet normal -2.170420e-06 6.494480e-01 7.604060e-01
    outer loop
      vertex   -9.433448e+02 4.808503e+02 -4.872124e+01
      vertex   -9.304987e+02 4.808503e+02 -4.872124e+01
      vertex   -9.433448e+02 4.813276e+02 -4.912888e+01
    endloop
  endfacet
  facet normal -2.170420e-06 6.494480e-01 7.604060e-01
    outer loop
      vertex   -9.433448e+02 4.813276e+02 -4.912888e+01
      vertex   -9.304987e+02 4.808503e+02 -4.872124e+01
      vertex   -9.304987e+02 4.813276e+02 -4.912888e+01
    endloop
  endfacet
  facet normal -2.541235e-06 7.604060e-01 6.494480e-01
    outer loop
      vertex   -9.433448e+02 4.813276e+02 -4.912888e+01
      vertex   -9.304987e+02 4.813276e+02 -4.912888e+01
      vertex   -9.433448e+02 4.817352e+02 -4.960616e+01
    endloop
  endfacet
  facet normal -2.541235e-06 7.604060e-01 6.494480e-01
    outer loop
      vertex   -9.433448e+02 4.817352e+02 -4.960616e+01
      vertex   -9.304987e+02 4.813276e+02 -4.912888e+01
      vertex   -9.304987e+02 4.817353e+02 -4.960616e+01
    endloop
  endfacet
  facet normal -2.849477e-06 8.526402e-01 5.224986e-01
    outer loop
      vertex   -9.433448e+02 4.817352e+02 -4.960616e+01
      vertex   -9.304987e+02 4.817353e+02 -4.960616e+01
      vertex   -9.433448e+02 4.820632e+02 -5.014134e+01
    endloop
  endfacet
  facet normal -2.849477e-06 8.526402e-01 5.224986e-01
    outer loop
      vertex   -9.433448e+02 4.820632e+02 -5.014134e+01
      vertex   -9.304987e+02 4.817353e+02 -4.960616e+01
      vertex   -9.304987e+02 4.820632e+02 -5.014134e+01
    endloop
  endfacet
  facet normal -3.087555e-06 9.238795e-01 3.826834e-01
    outer loop
      vertex   -9.433448e+02 4.820632e+02 -5.014134e+01
      vertex   -9.304987e+02 4.820632e+02 -5.014134e+01
      vertex   -9.433448e+02 4.823034e+02 -5.072124e+01
    endloop
  endfacet
  facet normal -3.087555e-06 9.238795e-01 3.826834e-01
    outer loop
      vertex   -9.433448e+02 4.823034e+02 -5.072124e+01
      vertex   -9.304987e+02 4.820632e+02 -5.014134e+01
      vertex   -9.304987e+02 4.823034e+02 -5.072124e+01
    endloop
  endfacet
  facet normal -3.249607e-06 9.723699e-01 2.334454e-01
    outer loop
      vertex   -9.433448e+02 4.823034e+02 -5.072124e+01
      vertex   -9.304987e+02 4.823034e+02 -5.072124e+01
      vertex   -9.433448e+02 4.824499e+02 -5.133157e+01
    endloop
  endfacet
  facet normal -2.384117e-07 7.133918e-02 9.974521e-01
    outer loop
      vertex   -9.690371e+02 4.784991e+02 -4.795730e+01
      vertex   -8.020371e+02 4.784996e+02 -4.795730e+01
      vertex   -9.690371e+02 4.790683e+02 -4.799802e+01
    endloop
  endfacet
  facet normal 8.084536e-05 9.500812e-02 9.954765e-01
    outer loop
      vertex   -9.690371e+02 4.790683e+02 -4.799802e+01
      vertex   -8.020371e+02 4.784996e+02 -4.795730e+01
      vertex   -9.304987e+02 4.791249e+02 -4.800655e+01
    endloop
  endfacet
  facet normal -7.801617e-07 2.334454e-01 9.723699e-01
    outer loop
      vertex   -8.405756e+02 4.797356e+02 -4.815308e+01
      vertex   -8.277294e+02 4.791253e+02 -4.800655e+01
      vertex   -8.277294e+02 4.797356e+02 -4.815308e+01
    endloop
  endfacet
  facet normal -7.801617e-07 2.334454e-01 9.723699e-01
    outer loop
      vertex   -8.277294e+02 4.797356e+02 -4.815308e+01
      vertex   -8.277294e+02 4.791253e+02 -4.800655e+01
      vertex   -8.148833e+02 4.791253e+02 -4.800655e+01
    endloop
  endfacet
  facet normal -2.622060e-07 7.845910e-02 9.969173e-01
    outer loop
      vertex   -8.405756e+02 4.791252e+02 -4.800655e+01
      vertex   -8.534217e+02 4.791252e+02 -4.800655e+01
      vertex   -8.020371e+02 4.784996e+02 -4.795730e+01
    endloop
  endfacet
  facet normal -2.622060e-07 7.845910e-02 9.969173e-01
    outer loop
      vertex   -8.020371e+02 4.784996e+02 -4.795730e+01
      vertex   -8.534217e+02 4.791252e+02 -4.800655e+01
      vertex   -8.662679e+02 4.791251e+02 -4.800655e+01
    endloop
  endfacet
  facet normal -2.622060e-07 7.845910e-02 9.969173e-01
    outer loop
      vertex   -8.020371e+02 4.784996e+02 -4.795730e+01
      vertex   -8.662679e+02 4.791251e+02 -4.800655e+01
      vertex   -8.791140e+02 4.791251e+02 -4.800655e+01
    endloop
  endfacet
  facet normal -7.801617e-07 2.334454e-01 9.723699e-01
    outer loop
      vertex   -8.791140e+02 4.791251e+02 -4.800655e+01
      vertex   -8.662679e+02 4.791251e+02 -4.800655e+01
      vertex   -8.791140e+02 4.797354e+02 -4.815308e+01
    endloop
  endfacet
  facet normal -7.801617e-07 2.334454e-01 9.723699e-01
    outer loop
      vertex   -8.791140e+02 4.791251e+02 -4.800655e+01
      vertex   -8.791140e+02 4.797354e+02 -4.815308e+01
      vertex   -8.919602e+02 4.797354e+02 -4.815308e+01
    endloop
  endfacet
  facet normal -1.278907e-06 3.826834e-01 9.238795e-01
    outer loop
      vertex   -8.919602e+02 4.797354e+02 -4.815308e+01
      vertex   -8.791140e+02 4.797354e+02 -4.815308e+01
      vertex   -8.919602e+02 4.803153e+02 -4.839328e+01
    endloop
  endfacet
  facet normal -1.278907e-06 3.826834e-01 9.238795e-01
    outer loop
      vertex   -8.919602e+02 4.797354e+02 -4.815308e+01
      vertex   -8.919602e+02 4.803153e+02 -4.839328e+01
      vertex   -9.048064e+02 4.803152e+02 -4.839328e+01
    endloop
  endfacet
  facet normal -1.746162e-06 5.224986e-01 8.526402e-01
    outer loop
      vertex   -9.048064e+02 4.803152e+02 -4.839328e+01
      vertex   -8.919602e+02 4.803153e+02 -4.839328e+01
      vertex   -9.048064e+02 4.808504e+02 -4.872124e+01
    endloop
  endfacet
  facet normal -1.746162e-06 5.224986e-01 8.526402e-01
    outer loop
      vertex   -9.048064e+02 4.803152e+02 -4.839328e+01
      vertex   -9.048064e+02 4.808504e+02 -4.872124e+01
      vertex   -9.176525e+02 4.808504e+02 -4.872124e+01
    endloop
  endfacet
  facet normal -2.170420e-06 6.494480e-01 7.604060e-01
    outer loop
      vertex   -9.176525e+02 4.808504e+02 -4.872124e+01
      vertex   -9.048064e+02 4.808504e+02 -4.872124e+01
      vertex   -9.176525e+02 4.813277e+02 -4.912888e+01
    endloop
  endfacet
  facet normal -2.170420e-06 6.494480e-01 7.604060e-01
    outer loop
      vertex   -9.176525e+02 4.808504e+02 -4.872124e+01
      vertex   -9.176525e+02 4.813277e+02 -4.912888e+01
      vertex   -9.304987e+02 4.813276e+02 -4.912888e+01
    endloop
  endfacet
  facet normal -2.541235e-06 7.604060e-01 6.494480e-01
    outer loop
      vertex   -9.304987e+02 4.813276e+02 -4.912888e+01
      vertex   -9.176525e+02 4.813277e+02 -4.912888e+01
      vertex   -9.304987e+02 4.817353e+02 -4.960616e+01
    endloop
  endfacet
  facet normal -7.801617e-07 2.334454e-01 9.723699e-01
    outer loop
      vertex   -8.405756e+02 4.791252e+02 -4.800655e+01
      vertex   -8.534217e+02 4.797355e+02 -4.815308e+01
      vertex   -8.534217e+02 4.791252e+02 -4.800655e+01
    endloop
  endfacet
  facet normal -7.801617e-07 2.334454e-01 9.723699e-01
    outer loop
      vertex   -8.534217e+02 4.791252e+02 -4.800655e+01
      vertex   -8.534217e+02 4.797355e+02 -4.815308e+01
      vertex   -8.662679e+02 4.797355e+02 -4.815308e+01
    endloop
  endfacet
  facet normal -7.801617e-07 2.334454e-01 9.723699e-01
    outer loop
      vertex   -8.534217e+02 4.791252e+02 -4.800655e+01
      vertex   -8.662679e+02 4.797355e+02 -4.815308e+01
      vertex   -8.662679e+02 4.791251e+02 -4.800655e+01
    endloop
  endfacet
  facet normal -7.801617e-07 2.334454e-01 9.723699e-01
    outer loop
      vertex   -8.662679e+02 4.791251e+02 -4.800655e+01
      vertex   -8.662679e+02 4.797355e+02 -4.815308e+01
      vertex   -8.791140e+02 4.797354e+02 -4.815308e+01
    endloop
  endfacet
  facet normal -2.622060e-07 7.845910e-02 9.969173e-01
    outer loop
      vertex   -8.791140e+02 4.791251e+02 -4.800655e+01
      vertex   -8.919602e+02 4.791251e+02 -4.800655e+01
      vertex   -8.020371e+02 4.784996e+02 -4.795730e+01
    endloop
  endfacet
  facet normal -2.622060e-07 7.845910e-02 9.969173e-01
    outer loop
      vertex   -8.020371e+02 4.784996e+02 -4.795730e+01
      vertex   -8.919602e+02 4.791251e+02 -4.800655e+01
      vertex   -9.048064e+02 4.791250e+02 -4.800655e+01
    endloop
  endfacet
  facet normal -2.622060e-07 7.845910e-02 9.969173e-01
    outer loop
      vertex   -8.020371e+02 4.784996e+02 -4.795730e+01
      vertex   -9.048064e+02 4.791250e+02 -4.800655e+01
      vertex   -9.176525e+02 4.791250e+02 -4.800655e+01
    endloop
  endfacet
  facet normal -7.801617e-07 2.334454e-01 9.723699e-01
    outer loop
      vertex   -9.176525e+02 4.791250e+02 -4.800655e+01
      vertex   -9.048064e+02 4.791250e+02 -4.800655e+01
      vertex   -9.176525e+02 4.797353e+02 -4.815308e+01
    endloop
  endfacet
  facet normal -7.801617e-07 2.334454e-01 9.723699e-01
    outer loop
      vertex   -9.176525e+02 4.791250e+02 -4.800655e+01
      vertex   -9.176525e+02 4.797353e+02 -4.815308e+01
      vertex   -9.304987e+02 4.797353e+02 -4.815308e+01
    endloop
  endfacet
  facet normal -1.278907e-06 3.826834e-01 9.238795e-01
    outer loop
      vertex   -9.304987e+02 4.797353e+02 -4.815308e+01
      vertex   -9.176525e+02 4.797353e+02 -4.815308e+01
      vertex   -9.304987e+02 4.803151e+02 -4.839328e+01
    endloop
  endfacet
  facet normal -7.801617e-07 2.334454e-01 9.723699e-01
    outer loop
      vertex   -8.791140e+02 4.791251e+02 -4.800655e+01
      vertex   -8.919602e+02 4.797354e+02 -4.815308e+01
      vertex   -8.919602e+02 4.791251e+02 -4.800655e+01
    endloop
  endfacet
  facet normal -7.801617e-07 2.334454e-01 9.723699e-01
    outer loop
      vertex   -8.919602e+02 4.791251e+02 -4.800655e+01
      vertex   -8.919602e+02 4.797354e+02 -4.815308e+01
      vertex   -9.048064e+02 4.797353e+02 -4.815308e+01
    endloop
  endfacet
  facet normal -7.801617e-07 2.334454e-01 9.723699e-01
    outer loop
      vertex   -8.919602e+02 4.791251e+02 -4.800655e+01
      vertex   -9.048064e+02 4.797353e+02 -4.815308e+01
      vertex   -9.048064e+02 4.791250e+02 -4.800655e+01
    endloop
  endfacet
  facet normal -7.801617e-07 2.334454e-01 9.723699e-01
    outer loop
      vertex   -9.048064e+02 4.791250e+02 -4.800655e+01
      vertex   -9.048064e+02 4.797353e+02 -4.815308e+01
      vertex   -9.176525e+02 4.797353e+02 -4.815308e+01
    endloop
  endfacet
  facet normal -2.622060e-07 7.845910e-02 9.969173e-01
    outer loop
      vertex   -9.304987e+02 4.791249e+02 -4.800655e+01
      vertex   -8.020371e+02 4.784996e+02 -4.795730e+01
      vertex   -9.176525e+02 4.791250e+02 -4.800655e+01
    endloop
  endfacet
  facet normal -7.801617e-07 2.334454e-01 9.723699e-01
    outer loop
      vertex   -9.304987e+02 4.797353e+02 -4.815308e+01
      vertex   -9.304987e+02 4.791249e+02 -4.800655e+01
      vertex   -9.176525e+02 4.791250e+02 -4.800655e+01
    endloop
  endfacet
  facet normal -7.801617e-07 2.334454e-01 9.723699e-01
    outer loop
      vertex   -9.561910e+02 4.797352e+02 -4.815308e+01
      vertex   -9.561910e+02 4.791248e+02 -4.800655e+01
      vertex   -9.433448e+02 4.791249e+02 -4.800655e+01
    endloop
  endfacet
  facet normal -7.801617e-07 2.334454e-01 9.723699e-01
    outer loop
      vertex   -9.561910e+02 4.797352e+02 -4.815308e+01
      vertex   -9.433448e+02 4.791249e+02 -4.800655e+01
      vertex   -9.433448e+02 4.797352e+02 -4.815308e+01
    endloop
  endfacet
  facet normal -1.278907e-06 3.826834e-01 9.238795e-01
    outer loop
      vertex   -8.534217e+02 4.803154e+02 -4.839328e+01
      vertex   -8.405756e+02 4.797356e+02 -4.815308e+01
      vertex   -8.405756e+02 4.803154e+02 -4.839328e+01
    endloop
  endfacet
  facet normal -1.278907e-06 3.826834e-01 9.238795e-01
    outer loop
      vertex   -8.405756e+02 4.803154e+02 -4.839328e+01
      vertex   -8.405756e+02 4.797356e+02 -4.815308e+01
      vertex   -8.277294e+02 4.797356e+02 -4.815308e+01
    endloop
  endfacet
  facet normal -1.278907e-06 3.826834e-01 9.238795e-01
    outer loop
      vertex   -8.534217e+02 4.797355e+02 -4.815308e+01
      vertex   -8.662679e+02 4.803154e+02 -4.839328e+01
      vertex   -8.662679e+02 4.797355e+02 -4.815308e+01
    endloop
  endfacet
  facet normal -1.278907e-06 3.826834e-01 9.238795e-01
    outer loop
      vertex   -8.662679e+02 4.797355e+02 -4.815308e+01
      vertex   -8.662679e+02 4.803154e+02 -4.839328e+01
      vertex   -8.791141e+02 4.803153e+02 -4.839328e+01
    endloop
  endfacet
  facet normal -1.278907e-06 3.826834e-01 9.238795e-01
    outer loop
      vertex   -8.662679e+02 4.797355e+02 -4.815308e+01
      vertex   -8.791141e+02 4.803153e+02 -4.839328e+01
      vertex   -8.791140e+02 4.797354e+02 -4.815308e+01
    endloop
  endfacet
  facet normal -1.278907e-06 3.826834e-01 9.238795e-01
    outer loop
      vertex   -8.791140e+02 4.797354e+02 -4.815308e+01
      vertex   -8.791141e+02 4.803153e+02 -4.839328e+01
      vertex   -8.919602e+02 4.803153e+02 -4.839328e+01
    endloop
  endfacet
  facet normal -1.278907e-06 3.826834e-01 9.238795e-01
    outer loop
      vertex   -8.919602e+02 4.797354e+02 -4.815308e+01
      vertex   -9.048064e+02 4.803152e+02 -4.839328e+01
      vertex   -9.048064e+02 4.797353e+02 -4.815308e+01
    endloop
  endfacet
  facet normal -1.278907e-06 3.826834e-01 9.238795e-01
    outer loop
      vertex   -9.048064e+02 4.797353e+02 -4.815308e+01
      vertex   -9.048064e+02 4.803152e+02 -4.839328e+01
      vertex   -9.176525e+02 4.803152e+02 -4.839328e+01
    endloop
  endfacet
  facet normal -1.278907e-06 3.826834e-01 9.238795e-01
    outer loop
      vertex   -9.048064e+02 4.797353e+02 -4.815308e+01
      vertex   -9.176525e+02 4.803152e+02 -4.839328e+01
      vertex   -9.176525e+02 4.797353e+02 -4.815308e+01
    endloop
  endfacet
  facet normal -1.278907e-06 3.826834e-01 9.238795e-01
    outer loop
      vertex   -9.176525e+02 4.797353e+02 -4.815308e+01
      vertex   -9.176525e+02 4.803152e+02 -4.839328e+01
      vertex   -9.304987e+02 4.803151e+02 -4.839328e+01
    endloop
  endfacet
  facet normal -1.278907e-06 3.826834e-01 9.238795e-01
    outer loop
      vertex   -9.561910e+02 4.803151e+02 -4.839328e+01
      vertex   -9.561910e+02 4.797352e+02 -4.815308e+01
      vertex   -9.433448e+02 4.797352e+02 -4.815308e+01
    endloop
  endfacet
  facet normal -1.278907e-06 3.826834e-01 9.238795e-01
    outer loop
      vertex   -9.561910e+02 4.803151e+02 -4.839328e+01
      vertex   -9.433448e+02 4.797352e+02 -4.815308e+01
      vertex   -9.433448e+02 4.803151e+02 -4.839328e+01
    endloop
  endfacet
  facet normal -1.746162e-06 5.224986e-01 8.526402e-01
    outer loop
      vertex   -8.662679e+02 4.808505e+02 -4.872124e+01
      vertex   -8.534217e+02 4.803154e+02 -4.839328e+01
      vertex   -8.534217e+02 4.808506e+02 -4.872124e+01
    endloop
  endfacet
  facet normal -1.746162e-06 5.224986e-01 8.526402e-01
    outer loop
      vertex   -8.534217e+02 4.808506e+02 -4.872124e+01
      vertex   -8.534217e+02 4.803154e+02 -4.839328e+01
      vertex   -8.405756e+02 4.803154e+02 -4.839328e+01
    endloop
  endfacet
  facet normal -1.746162e-06 5.224986e-01 8.526402e-01
    outer loop
      vertex   -8.662679e+02 4.803154e+02 -4.839328e+01
      vertex   -8.791141e+02 4.808505e+02 -4.872124e+01
      vertex   -8.791141e+02 4.803153e+02 -4.839328e+01
    endloop
  endfacet
  facet normal -1.746162e-06 5.224986e-01 8.526402e-01
    outer loop
      vertex   -8.791141e+02 4.803153e+02 -4.839328e+01
      vertex   -8.791141e+02 4.808505e+02 -4.872124e+01
      vertex   -8.919602e+02 4.808505e+02 -4.872124e+01
    endloop
  endfacet
  facet normal -1.746162e-06 5.224986e-01 8.526402e-01
    outer loop
      vertex   -8.791141e+02 4.803153e+02 -4.839328e+01
      vertex   -8.919602e+02 4.808505e+02 -4.872124e+01
      vertex   -8.919602e+02 4.803153e+02 -4.839328e+01
    endloop
  endfacet
  facet normal -1.746162e-06 5.224986e-01 8.526402e-01
    outer loop
      vertex   -8.919602e+02 4.803153e+02 -4.839328e+01
      vertex   -8.919602e+02 4.808505e+02 -4.872124e+01
      vertex   -9.048064e+02 4.808504e+02 -4.872124e+01
    endloop
  endfacet
  facet normal -1.746162e-06 5.224986e-01 8.526402e-01
    outer loop
      vertex   -9.304987e+02 4.808503e+02 -4.872124e+01
      vertex   -9.304987e+02 4.803151e+02 -4.839328e+01
      vertex   -9.176525e+02 4.803152e+02 -4.839328e+01
    endloop
  endfacet
  facet normal -1.746162e-06 5.224986e-01 8.526402e-01
    outer loop
      vertex   -9.304987e+02 4.808503e+02 -4.872124e+01
      vertex   -9.176525e+02 4.803152e+02 -4.839328e+01
      vertex   -9.176525e+02 4.808504e+02 -4.872124e+01
    endloop
  endfacet
  facet normal -1.746162e-06 5.224986e-01 8.526402e-01
    outer loop
      vertex   -9.176525e+02 4.808504e+02 -4.872124e+01
      vertex   -9.176525e+02 4.803152e+02 -4.839328e+01
      vertex   -9.048064e+02 4.803152e+02 -4.839328e+01
    endloop
  endfacet
  facet normal -1.746162e-06 5.224986e-01 8.526402e-01
    outer loop
      vertex   -9.561910e+02 4.808502e+02 -4.872124e+01
      vertex   -9.561910e+02 4.803151e+02 -4.839328e+01
      vertex   -9.433448e+02 4.803151e+02 -4.839328e+01
    endloop
  endfacet
  facet normal -1.746162e-06 5.224986e-01 8.526402e-01
    outer loop
      vertex   -9.561910e+02 4.808502e+02 -4.872124e+01
      vertex   -9.433448e+02 4.803151e+02 -4.839328e+01
      vertex   -9.433448e+02 4.808503e+02 -4.872124e+01
    endloop
  endfacet
  facet normal -2.170420e-06 6.494480e-01 7.604060e-01
    outer loop
      vertex   -8.791141e+02 4.813278e+02 -4.912888e+01
      vertex   -8.662679e+02 4.808505e+02 -4.872124e+01
      vertex   -8.662679e+02 4.813278e+02 -4.912888e+01
    endloop
  endfacet
  facet normal -2.170420e-06 6.494480e-01 7.604060e-01
    outer loop
      vertex   -8.662679e+02 4.813278e+02 -4.912888e+01
      vertex   -8.662679e+02 4.808505e+02 -4.872124e+01
      vertex   -8.534217e+02 4.808506e+02 -4.872124e+01
    endloop
  endfacet
  facet normal -2.170420e-06 6.494480e-01 7.604060e-01
    outer loop
      vertex   -8.791141e+02 4.808505e+02 -4.872124e+01
      vertex   -8.919602e+02 4.813277e+02 -4.912888e+01
      vertex   -8.919602e+02 4.808505e+02 -4.872124e+01
    endloop
  endfacet
  facet normal -2.170420e-06 6.494480e-01 7.604060e-01
    outer loop
      vertex   -8.919602e+02 4.808505e+02 -4.872124e+01
      vertex   -8.919602e+02 4.813277e+02 -4.912888e+01
      vertex   -9.048064e+02 4.813277e+02 -4.912888e+01
    endloop
  endfacet
  facet normal -2.170420e-06 6.494480e-01 7.604060e-01
    outer loop
      vertex   -8.919602e+02 4.808505e+02 -4.872124e+01
      vertex   -9.048064e+02 4.813277e+02 -4.912888e+01
      vertex   -9.048064e+02 4.808504e+02 -4.872124e+01
    endloop
  endfacet
  facet normal -2.170420e-06 6.494480e-01 7.604060e-01
    outer loop
      vertex   -9.048064e+02 4.808504e+02 -4.872124e+01
      vertex   -9.048064e+02 4.813277e+02 -4.912888e+01
      vertex   -9.176525e+02 4.813277e+02 -4.912888e+01
    endloop
  endfacet
  facet normal -2.170420e-06 6.494480e-01 7.604060e-01
    outer loop
      vertex   -9.304987e+02 4.813276e+02 -4.912888e+01
      vertex   -9.304987e+02 4.808503e+02 -4.872124e+01
      vertex   -9.176525e+02 4.808504e+02 -4.872124e+01
    endloop
  endfacet
  facet normal -2.170420e-06 6.494480e-01 7.604060e-01
    outer loop
      vertex   -9.561910e+02 4.813275e+02 -4.912888e+01
      vertex   -9.561910e+02 4.808502e+02 -4.872124e+01
      vertex   -9.433448e+02 4.808503e+02 -4.872124e+01
    endloop
  endfacet
  facet normal -2.170420e-06 6.494480e-01 7.604060e-01
    outer loop
      vertex   -9.561910e+02 4.813275e+02 -4.912888e+01
      vertex   -9.433448e+02 4.808503e+02 -4.872124e+01
      vertex   -9.433448e+02 4.813276e+02 -4.912888e+01
    endloop
  endfacet
  facet normal -2.541235e-06 7.604060e-01 6.494480e-01
    outer loop
      vertex   -8.919602e+02 4.817354e+02 -4.960616e+01
      vertex   -8.791141e+02 4.813278e+02 -4.912888e+01
      vertex   -8.791141e+02 4.817354e+02 -4.960616e+01
    endloop
  endfacet
  facet normal -2.541235e-06 7.604060e-01 6.494480e-01
    outer loop
      vertex   -8.791141e+02 4.817354e+02 -4.960616e+01
      vertex   -8.791141e+02 4.813278e+02 -4.912888e+01
      vertex   -8.662679e+02 4.813278e+02 -4.912888e+01
    endloop
  endfacet
  facet normal -2.541235e-06 7.604060e-01 6.494480e-01
    outer loop
      vertex   -8.919602e+02 4.813277e+02 -4.912888e+01
      vertex   -9.048064e+02 4.817353e+02 -4.960616e+01
      vertex   -9.048064e+02 4.813277e+02 -4.912888e+01
    endloop
  endfacet
  facet normal -2.541235e-06 7.604060e-01 6.494480e-01
    outer loop
      vertex   -9.048064e+02 4.813277e+02 -4.912888e+01
      vertex   -9.048064e+02 4.817353e+02 -4.960616e+01
      vertex   -9.176525e+02 4.817353e+02 -4.960616e+01
    endloop
  endfacet
  facet normal -2.541235e-06 7.604060e-01 6.494480e-01
    outer loop
      vertex   -9.048064e+02 4.813277e+02 -4.912888e+01
      vertex   -9.176525e+02 4.817353e+02 -4.960616e+01
      vertex   -9.176525e+02 4.813277e+02 -4.912888e+01
    endloop
  endfacet
  facet normal -2.541235e-06 7.604060e-01 6.494480e-01
    outer loop
      vertex   -9.176525e+02 4.813277e+02 -4.912888e+01
      vertex   -9.176525e+02 4.817353e+02 -4.960616e+01
      vertex   -9.304987e+02 4.817353e+02 -4.960616e+01
    endloop
  endfacet
  facet normal -2.541235e-06 7.604060e-01 6.494480e-01
    outer loop
      vertex   -9.561910e+02 4.817352e+02 -4.960616e+01
      vertex   -9.561910e+02 4.813275e+02 -4.912888e+01
      vertex   -9.433448e+02 4.813276e+02 -4.912888e+01
    endloop
  endfacet
  facet normal -2.541235e-06 7.604060e-01 6.494480e-01
    outer loop
      vertex   -9.561910e+02 4.817352e+02 -4.960616e+01
      vertex   -9.433448e+02 4.813276e+02 -4.912888e+01
      vertex   -9.433448e+02 4.817352e+02 -4.960616e+01
    endloop
  endfacet
  facet normal -2.849477e-06 8.526402e-01 5.224986e-01
    outer loop
      vertex   -9.048064e+02 4.820633e+02 -5.014134e+01
      vertex   -8.919602e+02 4.817354e+02 -4.960616e+01
      vertex   -8.919602e+02 4.820633e+02 -5.014134e+01
    endloop
  endfacet
  facet normal -2.849477e-06 8.526402e-01 5.224986e-01
    outer loop
      vertex   -8.919602e+02 4.820633e+02 -5.014134e+01
      vertex   -8.919602e+02 4.817354e+02 -4.960616e+01
      vertex   -8.791141e+02 4.817354e+02 -4.960616e+01
    endloop
  endfacet
  facet normal -2.849477e-06 8.526402e-01 5.224986e-01
    outer loop
      vertex   -9.304987e+02 4.820632e+02 -5.014134e+01
      vertex   -9.304987e+02 4.817353e+02 -4.960616e+01
      vertex   -9.176525e+02 4.817353e+02 -4.960616e+01
    endloop
  endfacet
  facet normal -2.849477e-06 8.526402e-01 5.224986e-01
    outer loop
      vertex   -9.304987e+02 4.820632e+02 -5.014134e+01
      vertex   -9.176525e+02 4.817353e+02 -4.960616e+01
      vertex   -9.176525e+02 4.820633e+02 -5.014134e+01
    endloop
  endfacet
  facet normal -2.849477e-06 8.526402e-01 5.224986e-01
    outer loop
      vertex   -9.176525e+02 4.820633e+02 -5.014134e+01
      vertex   -9.176525e+02 4.817353e+02 -4.960616e+01
      vertex   -9.048064e+02 4.817353e+02 -4.960616e+01
    endloop
  endfacet
  facet normal -2.849477e-06 8.526402e-01 5.224986e-01
    outer loop
      vertex   -9.561910e+02 4.820631e+02 -5.014134e+01
      vertex   -9.561910e+02 4.817352e+02 -4.960616e+01
      vertex   -9.433448e+02 4.817352e+02 -4.960616e+01
    endloop
  endfacet
  facet normal -2.849477e-06 8.526402e-01 5.224986e-01
    outer loop
      vertex   -9.561910e+02 4.820631e+02 -5.014134e+01
      vertex   -9.433448e+02 4.817352e+02 -4.960616e+01
      vertex   -9.433448e+02 4.820632e+02 -5.014134e+01
    endloop
  endfacet
  facet normal -3.087555e-06 9.238795e-01 3.826834e-01
    outer loop
      vertex   -9.176525e+02 4.823035e+02 -5.072124e+01
      vertex   -9.048064e+02 4.820633e+02 -5.014134e+01
      vertex   -9.048064e+02 4.823035e+02 -5.072124e+01
    endloop
  endfacet
  facet normal -3.087555e-06 9.238795e-01 3.826834e-01
    outer loop
      vertex   -9.048064e+02 4.823035e+02 -5.072124e+01
      vertex   -9.048064e+02 4.820633e+02 -5.014134e+01
      vertex   -8.919602e+02 4.820633e+02 -5.014134e+01
    endloop
  endfacet
  facet normal -3.087555e-06 9.238795e-01 3.826834e-01
    outer loop
      vertex   -9.304987e+02 4.823034e+02 -5.072124e+01
      vertex   -9.304987e+02 4.820632e+02 -5.014134e+01
      vertex   -9.176525e+02 4.820633e+02 -5.014134e+01
    endloop
  endfacet
  facet normal -3.087555e-06 9.238795e-01 3.826834e-01
    outer loop
      vertex   -9.561910e+02 4.823033e+02 -5.072124e+01
      vertex   -9.561910e+02 4.820631e+02 -5.014134e+01
      vertex   -9.433448e+02 4.820632e+02 -5.014134e+01
    endloop
  endfacet
  facet normal -3.087555e-06 9.238795e-01 3.826834e-01
    outer loop
      vertex   -9.561910e+02 4.823033e+02 -5.072124e+01
      vertex   -9.433448e+02 4.820632e+02 -5.014134e+01
      vertex   -9.433448e+02 4.823034e+02 -5.072124e+01
    endloop
  endfacet
  facet normal -3.249607e-06 9.723699e-01 2.334454e-01
    outer loop
      vertex   -9.304987e+02 4.824499e+02 -5.133157e+01
      vertex   -9.176525e+02 4.823035e+02 -5.072124e+01
      vertex   -9.176525e+02 4.824500e+02 -5.133157e+01
    endloop
  endfacet
  facet normal -3.249607e-06 9.723699e-01 2.334454e-01
    outer loop
      vertex   -9.176525e+02 4.824500e+02 -5.133157e+01
      vertex   -9.176525e+02 4.823035e+02 -5.072124e+01
      vertex   -9.048064e+02 4.823035e+02 -5.072124e+01
    endloop
  endfacet
  facet normal -3.249607e-06 9.723699e-01 2.334454e-01
    outer loop
      vertex   -9.561910e+02 4.824499e+02 -5.133157e+01
      vertex   -9.561910e+02 4.823033e+02 -5.072124e+01
      vertex   -9.433448e+02 4.823034e+02 -5.072124e+01
    endloop
  endfacet
  facet normal -3.249607e-06 9.723699e-01 2.334454e-01
    outer loop
      vertex   -9.561910e+02 4.824499e+02 -5.133157e+01
      vertex   -9.433448e+02 4.823034e+02 -5.072124e+01
      vertex   -9.433448e+02 4.824499e+02 -5.133157e+01
    endloop
  endfacet
  facet normal -7.121940e-02 5.797223e-02 9.957746e-01
    outer loop
      vertex   -9.696064e+02 4.784991e+02 -4.799802e+01
      vertex   -9.690371e+02 4.784991e+02 -4.795730e+01
      vertex   -9.691294e+02 4.790435e+02 -4.799560e+01
    endloop
  endfacet
  facet normal 6.912085e-03 7.133750e-02 9.974283e-01
    outer loop
      vertex   -9.691294e+02 4.790435e+02 -4.799560e+01
      vertex   -9.690371e+02 4.784991e+02 -4.795730e+01
      vertex   -9.690371e+02 4.790683e+02 -4.799802e+01
    endloop
  endfacet
  facet normal -2.931614e-02 2.041496e-01 9.785006e-01
    outer loop
      vertex   -9.691294e+02 4.790435e+02 -4.799560e+01
      vertex   -9.690371e+02 4.790683e+02 -4.799802e+01
      vertex   -9.693194e+02 4.795306e+02 -4.810293e+01
    endloop
  endfacet
  facet normal -1.502599e-02 2.125412e-01 9.770366e-01
    outer loop
      vertex   -9.693194e+02 4.795306e+02 -4.810293e+01
      vertex   -9.690371e+02 4.790683e+02 -4.799802e+01
      vertex   -9.690371e+02 4.796260e+02 -4.811933e+01
    endloop
  endfacet
  facet normal -5.600575e-02 3.279634e-01 9.430288e-01
    outer loop
      vertex   -9.693194e+02 4.795306e+02 -4.810293e+01
      vertex   -9.690371e+02 4.796260e+02 -4.811933e+01
      vertex   -9.694692e+02 4.800036e+02 -4.827633e+01
    endloop
  endfacet
  facet normal -3.498131e-02 3.492502e-01 9.363763e-01
    outer loop
      vertex   -9.694692e+02 4.800036e+02 -4.827633e+01
      vertex   -9.690371e+02 4.796260e+02 -4.811933e+01
      vertex   -9.690371e+02 4.801607e+02 -4.831878e+01
    endloop
  endfacet
  facet normal -7.445286e-02 4.458235e-01 8.920192e-01
    outer loop
      vertex   -9.694692e+02 4.800036e+02 -4.827633e+01
      vertex   -9.690371e+02 4.801607e+02 -4.831878e+01
      vertex   -9.695795e+02 4.804633e+02 -4.851527e+01
    endloop
  endfacet
  facet normal -5.054682e-02 4.786362e-01 8.765571e-01
    outer loop
      vertex   -9.695795e+02 4.804633e+02 -4.851527e+01
      vertex   -9.690371e+02 4.801607e+02 -4.831878e+01
      vertex   -9.690371e+02 4.806616e+02 -4.859229e+01
    endloop
  endfacet
  facet normal -8.607905e-02 5.563581e-01 8.264721e-01
    outer loop
      vertex   -9.695795e+02 4.804633e+02 -4.851527e+01
      vertex   -9.690371e+02 4.806616e+02 -4.859229e+01
      vertex   -9.696467e+02 4.808959e+02 -4.881346e+01
    endloop
  endfacet
  facet normal -6.006929e-02 5.981954e-01 7.990957e-01
    outer loop
      vertex   -9.696467e+02 4.808959e+02 -4.881346e+01
      vertex   -9.690371e+02 4.806616e+02 -4.859229e+01
      vertex   -9.690371e+02 4.811185e+02 -4.893431e+01
    endloop
  endfacet
  facet normal -9.186358e-02 6.574486e-01 7.478787e-01
    outer loop
      vertex   -9.696467e+02 4.808959e+02 -4.881346e+01
      vertex   -9.690371e+02 4.811185e+02 -4.893431e+01
      vertex   -9.696693e+02 4.812919e+02 -4.916442e+01
    endloop
  endfacet
  facet normal -6.327004e-02 7.056899e-01 7.056902e-01
    outer loop
      vertex   -9.696693e+02 4.812919e+02 -4.916442e+01
      vertex   -9.690371e+02 4.811185e+02 -4.893431e+01
      vertex   -9.690371e+02 4.815221e+02 -4.933786e+01
    endloop
  endfacet
  facet normal -9.186389e-02 7.478783e-01 6.574489e-01
    outer loop
      vertex   -9.696693e+02 4.812919e+02 -4.916442e+01
      vertex   -9.690371e+02 4.815221e+02 -4.933786e+01
      vertex   -9.696467e+02 4.816429e+02 -4.956050e+01
    endloop
  endfacet
  facet normal -6.006996e-02 7.990955e-01 5.981956e-01
    outer loop
      vertex   -9.696467e+02 4.816429e+02 -4.956050e+01
      vertex   -9.690371e+02 4.815221e+02 -4.933786e+01
      vertex   -9.690371e+02 4.818641e+02 -4.979474e+01
    endloop
  endfacet
  facet normal -8.607995e-02 8.264718e-01 5.563584e-01
    outer loop
      vertex   -9.696467e+02 4.816429e+02 -4.956050e+01
      vertex   -9.690371e+02 4.818641e+02 -4.979474e+01
      vertex   -9.695795e+02 4.819411e+02 -4.999307e+01
    endloop
  endfacet
  facet normal -5.054815e-02 8.765569e-01 4.786364e-01
    outer loop
      vertex   -9.695795e+02 4.819411e+02 -4.999307e+01
      vertex   -9.690371e+02 4.818641e+02 -4.979474e+01
      vertex   -9.690371e+02 4.821376e+02 -5.029564e+01
    endloop
  endfacet
  facet normal -7.445435e-02 8.920189e-01 4.458237e-01
    outer loop
      vertex   -9.695795e+02 4.819411e+02 -4.999307e+01
      vertex   -9.690371e+02 4.821376e+02 -5.029564e+01
      vertex   -9.694692e+02 4.821800e+02 -5.045273e+01
    endloop
  endfacet
  facet normal -3.498327e-02 9.363762e-01 3.492503e-01
    outer loop
      vertex   -9.694692e+02 4.821800e+02 -5.045273e+01
      vertex   -9.690371e+02 4.821376e+02 -5.029564e+01
      vertex   -9.690371e+02 4.823370e+02 -5.083037e+01
    endloop
  endfacet
  facet normal -5.600780e-02 9.430286e-01 3.279636e-01
    outer loop
      vertex   -9.694692e+02 4.821800e+02 -5.045273e+01
      vertex   -9.690371e+02 4.823370e+02 -5.083037e+01
      vertex   -9.693194e+02 4.823534e+02 -5.092574e+01
    endloop
  endfacet
  facet normal -1.502854e-02 9.770365e-01 2.125413e-01
    outer loop
      vertex   -9.693194e+02 4.823534e+02 -5.092574e+01
      vertex   -9.690371e+02 4.823370e+02 -5.083037e+01
      vertex   -9.690371e+02 4.824583e+02 -5.138804e+01
    endloop
  endfacet
  facet normal -2.931873e-02 9.785005e-01 2.041497e-01
    outer loop
      vertex   -9.693194e+02 4.823534e+02 -5.092574e+01
      vertex   -9.690371e+02 4.824583e+02 -5.138804e+01
      vertex   -9.691295e+02 4.824608e+02 -5.141288e+01
    endloop
  endfacet
  facet normal 6.908990e-03 9.974283e-01 7.133748e-02
    outer loop
      vertex   -9.691295e+02 4.824608e+02 -5.141288e+01
      vertex   -9.690371e+02 4.824583e+02 -5.138804e+01
      vertex   -9.690371e+02 4.824991e+02 -5.195730e+01
    endloop
  endfacet
  facet normal -7.122253e-02 9.957743e-01 5.797246e-02
    outer loop
      vertex   -9.691295e+02 4.824608e+02 -5.141288e+01
      vertex   -9.690371e+02 4.824991e+02 -5.195730e+01
      vertex   -9.696064e+02 4.824583e+02 -5.195730e+01
    endloop
  endfacet
  facet normal -7.721735e-02 9.950074e-01 6.322764e-02
    outer loop
      vertex   -9.691295e+02 4.824608e+02 -5.141288e+01
      vertex   -9.696064e+02 4.824583e+02 -5.195730e+01
      vertex   -9.697040e+02 4.824320e+02 -5.166208e+01
    endloop
  endfacet
  facet normal -2.125383e-01 9.770072e-01 1.686630e-02
    outer loop
      vertex   -9.697040e+02 4.824320e+02 -5.166208e+01
      vertex   -9.696064e+02 4.824583e+02 -5.195730e+01
      vertex   -9.701641e+02 4.823370e+02 -5.195730e+01
    endloop
  endfacet
  facet normal -2.597665e-01 9.609245e-01 9.563218e-02
    outer loop
      vertex   -9.697040e+02 4.824320e+02 -5.166208e+01
      vertex   -9.701641e+02 4.823370e+02 -5.195730e+01
      vertex   -9.702622e+02 4.823066e+02 -5.191852e+01
    endloop
  endfacet
  facet normal -3.455884e-01 9.265488e-01 -1.485796e-01
    outer loop
      vertex   -9.702622e+02 4.823066e+02 -5.191852e+01
      vertex   -9.701641e+02 4.823370e+02 -5.195730e+01
      vertex   -9.706988e+02 4.821376e+02 -5.195730e+01
    endloop
  endfacet
  facet normal -3.651902e-01 9.288671e-01 6.198440e-02
    outer loop
      vertex   -9.702622e+02 4.823066e+02 -5.191852e+01
      vertex   -9.706988e+02 4.821376e+02 -5.195730e+01
      vertex   -9.704710e+02 4.821888e+02 -5.138321e+01
    endloop
  endfacet
  facet normal -4.158479e-01 9.055309e-01 8.416869e-02
    outer loop
      vertex   -9.704710e+02 4.821888e+02 -5.138321e+01
      vertex   -9.706988e+02 4.821376e+02 -5.195730e+01
      vertex   -9.710009e+02 4.819690e+02 -5.163613e+01
    endloop
  endfacet
  facet normal -4.485350e-01 8.757516e-01 1.785370e-01
    outer loop
      vertex   -9.704710e+02 4.821888e+02 -5.138321e+01
      vertex   -9.710009e+02 4.819690e+02 -5.163613e+01
      vertex   -9.711688e+02 4.817749e+02 -5.110619e+01
    endloop
  endfacet
  facet normal -5.749593e-01 8.101383e-01 1.144456e-01
    outer loop
      vertex   -9.711688e+02 4.817749e+02 -5.110619e+01
      vertex   -9.710009e+02 4.819690e+02 -5.163613e+01
      vertex   -9.716484e+02 4.814724e+02 -5.137369e+01
    endloop
  endfacet
  facet normal -6.112743e-01 7.526980e-01 2.445189e-01
    outer loop
      vertex   -9.711688e+02 4.817749e+02 -5.110619e+01
      vertex   -9.716484e+02 4.814724e+02 -5.137369e+01
      vertex   -9.712918e+02 4.815087e+02 -5.059408e+01
    endloop
  endfacet
  facet normal -6.112743e-01 7.526980e-01 2.445189e-01
    outer loop
      vertex   -9.712918e+02 4.815087e+02 -5.059408e+01
      vertex   -9.716484e+02 4.814724e+02 -5.137369e+01
      vertex   -9.717696e+02 4.812100e+02 -5.086898e+01
    endloop
  endfacet
  facet normal -6.359650e-01 6.779994e-01 3.685992e-01
    outer loop
      vertex   -9.712918e+02 4.815087e+02 -5.059408e+01
      vertex   -9.717696e+02 4.812100e+02 -5.086898e+01
      vertex   -9.713666e+02 4.811765e+02 -5.011213e+01
    endloop
  endfacet
  facet normal -6.359650e-01 6.779994e-01 3.685992e-01
    outer loop
      vertex   -9.713666e+02 4.811765e+02 -5.011213e+01
      vertex   -9.717696e+02 4.812100e+02 -5.086898e+01
      vertex   -9.718433e+02 4.808826e+02 -5.039400e+01
    endloop
  endfacet
  facet normal -6.484460e-01 5.877235e-01 4.838377e-01
    outer loop
      vertex   -9.713666e+02 4.811765e+02 -5.011213e+01
      vertex   -9.718433e+02 4.808826e+02 -5.039400e+01
      vertex   -9.713918e+02 4.807855e+02 -4.967086e+01
    endloop
  endfacet
  facet normal -6.484460e-01 5.877235e-01 4.838377e-01
    outer loop
      vertex   -9.713918e+02 4.807855e+02 -4.967086e+01
      vertex   -9.718433e+02 4.808826e+02 -5.039400e+01
      vertex   -9.718681e+02 4.804972e+02 -4.995910e+01
    endloop
  endfacet
  facet normal -6.484456e-01 4.838355e-01 5.877257e-01
    outer loop
      vertex   -9.713918e+02 4.807855e+02 -4.967086e+01
      vertex   -9.718681e+02 4.804972e+02 -4.995910e+01
      vertex   -9.713666e+02 4.803442e+02 -4.927985e+01
    endloop
  endfacet
  facet normal -6.484456e-01 4.838355e-01 5.877257e-01
    outer loop
      vertex   -9.713666e+02 4.803442e+02 -4.927985e+01
      vertex   -9.718681e+02 4.804972e+02 -4.995910e+01
      vertex   -9.718433e+02 4.800623e+02 -4.957375e+01
    endloop
  endfacet
  facet normal -6.359639e-01 3.685971e-01 6.780015e-01
    outer loop
      vertex   -9.713666e+02 4.803442e+02 -4.927985e+01
      vertex   -9.718433e+02 4.800623e+02 -4.957375e+01
      vertex   -9.712918e+02 4.798623e+02 -4.894762e+01
    endloop
  endfacet
  facet normal -6.359639e-01 3.685971e-01 6.780015e-01
    outer loop
      vertex   -9.712918e+02 4.798623e+02 -4.894762e+01
      vertex   -9.718433e+02 4.800623e+02 -4.957375e+01
      vertex   -9.717696e+02 4.795874e+02 -4.924633e+01
    endloop
  endfacet
  facet normal -6.112726e-01 2.445169e-01 7.527000e-01
    outer loop
      vertex   -9.712918e+02 4.798623e+02 -4.894762e+01
      vertex   -9.717696e+02 4.795874e+02 -4.924633e+01
      vertex   -9.711688e+02 4.793502e+02 -4.868141e+01
    endloop
  endfacet
  facet normal -6.112726e-01 2.445169e-01 7.527000e-01
    outer loop
      vertex   -9.711688e+02 4.793502e+02 -4.868141e+01
      vertex   -9.717696e+02 4.795874e+02 -4.924633e+01
      vertex   -9.716484e+02 4.790827e+02 -4.898396e+01
    endloop
  endfacet
  facet normal -5.749570e-01 1.144437e-01 8.101402e-01
    outer loop
      vertex   -9.711688e+02 4.793502e+02 -4.868141e+01
      vertex   -9.716484e+02 4.790827e+02 -4.898396e+01
      vertex   -9.710009e+02 4.788202e+02 -4.848736e+01
    endloop
  endfacet
  facet normal -5.750146e-01 1.142704e-01 8.101237e-01
    outer loop
      vertex   -9.710009e+02 4.788202e+02 -4.848736e+01
      vertex   -9.716484e+02 4.790827e+02 -4.898396e+01
      vertex   -9.714825e+02 4.785594e+02 -4.879244e+01
    endloop
  endfacet
  facet normal -5.642048e-01 8.079815e-02 8.216719e-01
    outer loop
      vertex   -9.710009e+02 4.788202e+02 -4.848736e+01
      vertex   -9.714825e+02 4.785594e+02 -4.879244e+01
      vertex   -9.711997e+02 4.784990e+02 -4.859229e+01
    endloop
  endfacet
  facet normal -5.923356e-01 -1.517655e-01 7.912684e-01
    outer loop
      vertex   -9.711997e+02 4.784990e+02 -4.859229e+01
      vertex   -9.714825e+02 4.785594e+02 -4.879244e+01
      vertex   -9.716566e+02 4.784990e+02 -4.893431e+01
    endloop
  endfacet
  facet normal -6.453445e-01 7.374805e-02 7.603234e-01
    outer loop
      vertex   -9.716566e+02 4.784990e+02 -4.893431e+01
      vertex   -9.714825e+02 4.785594e+02 -4.879244e+01
      vertex   -9.716484e+02 4.790827e+02 -4.898396e+01
    endloop
  endfacet
  facet normal -6.949412e-01 7.063763e-02 7.155886e-01
    outer loop
      vertex   -9.716566e+02 4.784990e+02 -4.893431e+01
      vertex   -9.716484e+02 4.790827e+02 -4.898396e+01
      vertex   -9.720638e+02 4.788008e+02 -4.935956e+01
    endloop
  endfacet
  facet normal -7.228020e-01 1.741070e-01 6.687631e-01
    outer loop
      vertex   -9.720638e+02 4.788008e+02 -4.935956e+01
      vertex   -9.716484e+02 4.790827e+02 -4.898396e+01
      vertex   -9.721802e+02 4.792857e+02 -4.961163e+01
    endloop
  endfacet
  facet normal -8.166990e-01 9.941071e-02 5.684367e-01
    outer loop
      vertex   -9.720638e+02 4.788008e+02 -4.935956e+01
      vertex   -9.721802e+02 4.792857e+02 -4.961163e+01
      vertex   -9.725136e+02 4.789648e+02 -5.003457e+01
    endloop
  endfacet
  facet normal -8.394877e-01 2.139299e-01 4.994941e-01
    outer loop
      vertex   -9.725136e+02 4.789648e+02 -5.003457e+01
      vertex   -9.721802e+02 4.792857e+02 -4.961163e+01
      vertex   -9.725799e+02 4.793913e+02 -5.032857e+01
    endloop
  endfacet
  facet normal -9.116419e-01 1.276883e-01 3.906467e-01
    outer loop
      vertex   -9.725136e+02 4.789648e+02 -5.003457e+01
      vertex   -9.725799e+02 4.793913e+02 -5.032857e+01
      vertex   -9.728217e+02 4.790185e+02 -5.077094e+01
    endloop
  endfacet
  facet normal -9.222498e-01 2.256273e-01 3.139229e-01
    outer loop
      vertex   -9.728217e+02 4.790185e+02 -5.077094e+01
      vertex   -9.725799e+02 4.793913e+02 -5.032857e+01
      vertex   -9.728418e+02 4.793721e+02 -5.108424e+01
    endloop
  endfacet
  facet normal -9.709329e-01 1.253618e-01 2.038964e-01
    outer loop
      vertex   -9.728217e+02 4.790185e+02 -5.077094e+01
      vertex   -9.728418e+02 4.793721e+02 -5.108424e+01
      vertex   -9.729880e+02 4.789410e+02 -5.151534e+01
    endloop
  endfacet
  facet normal -9.709332e-01 2.038931e-01 1.253650e-01
    outer loop
      vertex   -9.729880e+02 4.789410e+02 -5.151534e+01
      vertex   -9.728418e+02 4.793721e+02 -5.108424e+01
      vertex   -9.729704e+02 4.792139e+02 -5.182332e+01
    endloop
  endfacet
  facet normal -9.905114e-01 1.258880e-01 5.513101e-02
    outer loop
      vertex   -9.729880e+02 4.789410e+02 -5.151534e+01
      vertex   -9.729704e+02 4.792139e+02 -5.182332e+01
      vertex   -9.729964e+02 4.790683e+02 -5.195730e+01
    endloop
  endfacet
  facet normal -9.763017e-01 2.123780e-01 -4.160125e-02
    outer loop
      vertex   -9.729964e+02 4.790683e+02 -5.195730e+01
      vertex   -9.729704e+02 4.792139e+02 -5.182332e+01
      vertex   -9.728751e+02 4.796260e+02 -5.195730e+01
    endloop
  endfacet
  facet normal -9.664551e-01 2.467730e-01 7.118799e-02
    outer loop
      vertex   -9.728751e+02 4.796260e+02 -5.195730e+01
      vertex   -9.729704e+02 4.792139e+02 -5.182332e+01
      vertex   -9.728217e+02 4.796854e+02 -5.143782e+01
    endloop
  endfacet
  facet normal -9.502017e-01 3.052366e-01 6.282696e-02
    outer loop
      vertex   -9.728751e+02 4.796260e+02 -5.195730e+01
      vertex   -9.728217e+02 4.796854e+02 -5.143782e+01
      vertex   -9.727617e+02 4.799516e+02 -5.182399e+01
    endloop
  endfacet
  facet normal -9.116427e-01 3.906436e-01 1.276914e-01
    outer loop
      vertex   -9.727617e+02 4.799516e+02 -5.182399e+01
      vertex   -9.728217e+02 4.796854e+02 -5.143782e+01
      vertex   -9.725799e+02 4.801278e+02 -5.106509e+01
    endloop
  endfacet
  facet normal -9.116427e-01 3.906436e-01 1.276914e-01
    outer loop
      vertex   -9.727617e+02 4.799516e+02 -5.182399e+01
      vertex   -9.725799e+02 4.801278e+02 -5.106509e+01
      vertex   -9.725136e+02 4.804218e+02 -5.149158e+01
    endloop
  endfacet
  facet normal -8.394887e-01 4.994913e-01 2.139327e-01
    outer loop
      vertex   -9.725136e+02 4.804218e+02 -5.149158e+01
      vertex   -9.725799e+02 4.801278e+02 -5.106509e+01
      vertex   -9.722511e+02 4.805301e+02 -5.071428e+01
    endloop
  endfacet
  facet normal -8.394887e-01 4.994913e-01 2.139327e-01
    outer loop
      vertex   -9.725136e+02 4.804218e+02 -5.149158e+01
      vertex   -9.722511e+02 4.805301e+02 -5.071428e+01
      vertex   -9.721802e+02 4.808447e+02 -5.117062e+01
    endloop
  endfacet
  facet normal -7.468371e-01 5.960505e-01 2.948868e-01
    outer loop
      vertex   -9.721802e+02 4.808447e+02 -5.117062e+01
      vertex   -9.722511e+02 4.805301e+02 -5.071428e+01
      vertex   -9.718433e+02 4.808826e+02 -5.039400e+01
    endloop
  endfacet
  facet normal -7.468371e-01 5.960505e-01 2.948868e-01
    outer loop
      vertex   -9.721802e+02 4.808447e+02 -5.117062e+01
      vertex   -9.718433e+02 4.808826e+02 -5.039400e+01
      vertex   -9.717696e+02 4.812100e+02 -5.086898e+01
    endloop
  endfacet
  facet normal -4.792284e-01 8.776343e-01 9.912483e-03
    outer loop
      vertex   -9.706988e+02 4.821376e+02 -5.195730e+01
      vertex   -9.711997e+02 4.818641e+02 -5.195730e+01
      vertex   -9.710009e+02 4.819690e+02 -5.163613e+01
    endloop
  endfacet
  facet normal -5.642072e-01 8.216700e-01 8.080004e-02
    outer loop
      vertex   -9.710009e+02 4.819690e+02 -5.163613e+01
      vertex   -9.711997e+02 4.818641e+02 -5.195730e+01
      vertex   -9.714825e+02 4.816639e+02 -5.189693e+01
    endloop
  endfacet
  facet normal -5.750169e-01 8.101218e-01 1.142723e-01
    outer loop
      vertex   -9.710009e+02 4.819690e+02 -5.163613e+01
      vertex   -9.714825e+02 4.816639e+02 -5.189693e+01
      vertex   -9.716484e+02 4.814724e+02 -5.137369e+01
    endloop
  endfacet
  facet normal -6.453468e-01 7.603213e-01 7.375021e-02
    outer loop
      vertex   -9.716484e+02 4.814724e+02 -5.137369e+01
      vertex   -9.714825e+02 4.816639e+02 -5.189693e+01
      vertex   -9.716566e+02 4.815220e+02 -5.195730e+01
    endloop
  endfacet
  facet normal -6.949434e-01 7.155863e-01 7.063996e-02
    outer loop
      vertex   -9.716484e+02 4.814724e+02 -5.137369e+01
      vertex   -9.716566e+02 4.815220e+02 -5.195730e+01
      vertex   -9.720638e+02 4.810968e+02 -5.165552e+01
    endloop
  endfacet
  facet normal -7.064782e-01 7.064735e-01 4.223374e-02
    outer loop
      vertex   -9.720638e+02 4.810968e+02 -5.165552e+01
      vertex   -9.716566e+02 4.815220e+02 -5.195730e+01
      vertex   -9.720601e+02 4.811185e+02 -5.195730e+01
    endloop
  endfacet
  facet normal -8.000976e-01 5.989414e-01 3.336363e-02
    outer loop
      vertex   -9.720638e+02 4.810968e+02 -5.165552e+01
      vertex   -9.720601e+02 4.811185e+02 -5.195730e+01
      vertex   -9.724021e+02 4.806616e+02 -5.195730e+01
    endloop
  endfacet
  facet normal -5.923388e-01 7.912665e-01 -1.517635e-01
    outer loop
      vertex   -9.711997e+02 4.818641e+02 -5.195730e+01
      vertex   -9.716566e+02 4.815220e+02 -5.195730e+01
      vertex   -9.714825e+02 4.816639e+02 -5.189693e+01
    endloop
  endfacet
  facet normal -7.993701e-01 6.000407e-01 3.096275e-02
    outer loop
      vertex   -9.720638e+02 4.810968e+02 -5.165552e+01
      vertex   -9.724021e+02 4.806616e+02 -5.195730e+01
      vertex   -9.724048e+02 4.806574e+02 -5.194477e+01
    endloop
  endfacet
  facet normal -8.773651e-01 4.790738e-01 -2.681186e-02
    outer loop
      vertex   -9.724048e+02 4.806574e+02 -5.194477e+01
      vertex   -9.724021e+02 4.806616e+02 -5.195730e+01
      vertex   -9.726757e+02 4.801607e+02 -5.195730e+01
    endloop
  endfacet
  facet normal -8.777436e-01 4.776554e-01 3.756852e-02
    outer loop
      vertex   -9.724048e+02 4.806574e+02 -5.194477e+01
      vertex   -9.726757e+02 4.801607e+02 -5.195730e+01
      vertex   -9.725136e+02 4.804218e+02 -5.149158e+01
    endloop
  endfacet
  facet normal -9.034879e-01 4.214508e-01 7.803142e-02
    outer loop
      vertex   -9.725136e+02 4.804218e+02 -5.149158e+01
      vertex   -9.726757e+02 4.801607e+02 -5.195730e+01
      vertex   -9.727617e+02 4.799516e+02 -5.182399e+01
    endloop
  endfacet
  facet normal -9.354607e-01 3.489052e-01 -5.637783e-02
    outer loop
      vertex   -9.726757e+02 4.801607e+02 -5.195730e+01
      vertex   -9.728751e+02 4.796260e+02 -5.195730e+01
      vertex   -9.727617e+02 4.799516e+02 -5.182399e+01
    endloop
  endfacet
  facet normal -9.966731e-01 7.128012e-02 3.951958e-02
    outer loop
      vertex   -9.729964e+02 4.790683e+02 -5.195730e+01
      vertex   -9.730371e+02 4.784990e+02 -5.195730e+01
      vertex   -9.729880e+02 4.789410e+02 -5.151534e+01
    endloop
  endfacet
  facet normal -9.966730e-01 3.951625e-02 7.128345e-02
    outer loop
      vertex   -9.729880e+02 4.789410e+02 -5.151534e+01
      vertex   -9.730371e+02 4.784990e+02 -5.195730e+01
      vertex   -9.729964e+02 4.784990e+02 -5.138804e+01
    endloop
  endfacet
  facet normal -9.905111e-01 5.512770e-02 1.258913e-01
    outer loop
      vertex   -9.729880e+02 4.789410e+02 -5.151534e+01
      vertex   -9.729964e+02 4.784990e+02 -5.138804e+01
      vertex   -9.729704e+02 4.786330e+02 -5.124245e+01
    endloop
  endfacet
  facet normal -9.763008e-01 -4.160451e-02 2.123813e-01
    outer loop
      vertex   -9.729704e+02 4.786330e+02 -5.124245e+01
      vertex   -9.729964e+02 4.784990e+02 -5.138804e+01
      vertex   -9.728751e+02 4.784990e+02 -5.083037e+01
    endloop
  endfacet
  facet normal -9.664545e-01 7.118476e-02 2.467762e-01
    outer loop
      vertex   -9.729704e+02 4.786330e+02 -5.124245e+01
      vertex   -9.728751e+02 4.784990e+02 -5.083037e+01
      vertex   -9.728217e+02 4.790185e+02 -5.077094e+01
    endloop
  endfacet
  facet normal -9.502009e-01 6.282379e-02 3.052398e-01
    outer loop
      vertex   -9.728217e+02 4.790185e+02 -5.077094e+01
      vertex   -9.728751e+02 4.784990e+02 -5.083037e+01
      vertex   -9.727617e+02 4.786324e+02 -5.050474e+01
    endloop
  endfacet
  facet normal -9.116419e-01 1.276883e-01 3.906467e-01
    outer loop
      vertex   -9.728217e+02 4.790185e+02 -5.077094e+01
      vertex   -9.727617e+02 4.786324e+02 -5.050474e+01
      vertex   -9.725136e+02 4.789648e+02 -5.003457e+01
    endloop
  endfacet
  facet normal -9.034867e-01 7.802840e-02 4.214538e-01
    outer loop
      vertex   -9.725136e+02 4.789648e+02 -5.003457e+01
      vertex   -9.727617e+02 4.786324e+02 -5.050474e+01
      vertex   -9.726757e+02 4.784990e+02 -5.029564e+01
    endloop
  endfacet
  facet normal -8.777422e-01 3.756559e-02 4.776584e-01
    outer loop
      vertex   -9.725136e+02 4.789648e+02 -5.003457e+01
      vertex   -9.726757e+02 4.784990e+02 -5.029564e+01
      vertex   -9.724048e+02 4.785116e+02 -4.979898e+01
    endloop
  endfacet
  facet normal -8.773634e-01 -2.681479e-02 4.790767e-01
    outer loop
      vertex   -9.724048e+02 4.785116e+02 -4.979898e+01
      vertex   -9.726757e+02 4.784990e+02 -5.029564e+01
      vertex   -9.724021e+02 4.784990e+02 -4.979474e+01
    endloop
  endfacet
  facet normal -7.993682e-01 3.096008e-02 6.000433e-01
    outer loop
      vertex   -9.724048e+02 4.785116e+02 -4.979898e+01
      vertex   -9.724021e+02 4.784990e+02 -4.979474e+01
      vertex   -9.720638e+02 4.788008e+02 -4.935956e+01
    endloop
  endfacet
  facet normal -8.000957e-01 3.336096e-02 5.989440e-01
    outer loop
      vertex   -9.720638e+02 4.788008e+02 -4.935956e+01
      vertex   -9.724021e+02 4.784990e+02 -4.979474e+01
      vertex   -9.720601e+02 4.784990e+02 -4.933786e+01
    endloop
  endfacet
  facet normal -7.064760e-01 4.223138e-02 7.064759e-01
    outer loop
      vertex   -9.720638e+02 4.788008e+02 -4.935956e+01
      vertex   -9.720601e+02 4.784990e+02 -4.933786e+01
      vertex   -9.716566e+02 4.784990e+02 -4.893431e+01
    endloop
  endfacet
  facet normal -9.354593e-01 -5.638095e-02 3.489084e-01
    outer loop
      vertex   -9.728751e+02 4.784990e+02 -5.083037e+01
      vertex   -9.726757e+02 4.784990e+02 -5.029564e+01
      vertex   -9.727617e+02 4.786324e+02 -5.050474e+01
    endloop
  endfacet
  facet normal -4.792255e-01 9.910881e-03 8.776359e-01
    outer loop
      vertex   -9.711997e+02 4.784990e+02 -4.859229e+01
      vertex   -9.706988e+02 4.784991e+02 -4.831878e+01
      vertex   -9.710009e+02 4.788202e+02 -4.848736e+01
    endloop
  endfacet
  facet normal -4.158451e-01 8.416730e-02 9.055323e-01
    outer loop
      vertex   -9.710009e+02 4.788202e+02 -4.848736e+01
      vertex   -9.706988e+02 4.784991e+02 -4.831878e+01
      vertex   -9.704710e+02 4.790731e+02 -4.826753e+01
    endloop
  endfacet
  facet normal -4.485327e-01 1.785355e-01 8.757531e-01
    outer loop
      vertex   -9.710009e+02 4.788202e+02 -4.848736e+01
      vertex   -9.704710e+02 4.790731e+02 -4.826753e+01
      vertex   -9.711688e+02 4.793502e+02 -4.868141e+01
    endloop
  endfacet
  facet normal -4.484648e-01 1.787063e-01 8.757530e-01
    outer loop
      vertex   -9.711688e+02 4.793502e+02 -4.868141e+01
      vertex   -9.704710e+02 4.790731e+02 -4.826753e+01
      vertex   -9.706369e+02 4.795968e+02 -4.845933e+01
    endloop
  endfacet
  facet normal -4.848233e-01 3.089409e-01 8.182310e-01
    outer loop
      vertex   -9.711688e+02 4.793502e+02 -4.868141e+01
      vertex   -9.706369e+02 4.795968e+02 -4.845933e+01
      vertex   -9.712918e+02 4.798623e+02 -4.894762e+01
    endloop
  endfacet
  facet normal -4.848233e-01 3.089409e-01 8.182310e-01
    outer loop
      vertex   -9.712918e+02 4.798623e+02 -4.894762e+01
      vertex   -9.706369e+02 4.795968e+02 -4.845933e+01
      vertex   -9.707586e+02 4.801037e+02 -4.872285e+01
    endloop
  endfacet
  facet normal -5.095684e-01 4.332915e-01 7.433697e-01
    outer loop
      vertex   -9.712918e+02 4.798623e+02 -4.894762e+01
      vertex   -9.707586e+02 4.801037e+02 -4.872285e+01
      vertex   -9.713666e+02 4.803442e+02 -4.927985e+01
    endloop
  endfacet
  facet normal -5.095684e-01 4.332915e-01 7.433697e-01
    outer loop
      vertex   -9.713666e+02 4.803442e+02 -4.927985e+01
      vertex   -9.707586e+02 4.801037e+02 -4.872285e+01
      vertex   -9.708327e+02 4.805808e+02 -4.905172e+01
    endloop
  endfacet
  facet normal -5.220773e-01 5.487810e-01 6.528971e-01
    outer loop
      vertex   -9.713666e+02 4.803442e+02 -4.927985e+01
      vertex   -9.708327e+02 4.805808e+02 -4.905172e+01
      vertex   -9.713918e+02 4.807855e+02 -4.967086e+01
    endloop
  endfacet
  facet normal -5.220773e-01 5.487810e-01 6.528971e-01
    outer loop
      vertex   -9.713918e+02 4.807855e+02 -4.967086e+01
      vertex   -9.708327e+02 4.805808e+02 -4.905172e+01
      vertex   -9.708576e+02 4.810176e+02 -4.943878e+01
    endloop
  endfacet
  facet normal -5.220777e-01 6.528954e-01 5.487828e-01
    outer loop
      vertex   -9.713918e+02 4.807855e+02 -4.967086e+01
      vertex   -9.708576e+02 4.810176e+02 -4.943878e+01
      vertex   -9.713666e+02 4.811765e+02 -5.011213e+01
    endloop
  endfacet
  facet normal -5.220777e-01 6.528954e-01 5.487828e-01
    outer loop
      vertex   -9.713666e+02 4.811765e+02 -5.011213e+01
      vertex   -9.708576e+02 4.810176e+02 -4.943878e+01
      vertex   -9.708327e+02 4.814046e+02 -4.987559e+01
    endloop
  endfacet
  facet normal -5.095695e-01 7.433680e-01 4.332932e-01
    outer loop
      vertex   -9.713666e+02 4.811765e+02 -5.011213e+01
      vertex   -9.708327e+02 4.814046e+02 -4.987559e+01
      vertex   -9.712918e+02 4.815087e+02 -5.059408e+01
    endloop
  endfacet
  facet normal -5.095695e-01 7.433680e-01 4.332932e-01
    outer loop
      vertex   -9.712918e+02 4.815087e+02 -5.059408e+01
      vertex   -9.708327e+02 4.814046e+02 -4.987559e+01
      vertex   -9.707586e+02 4.817335e+02 -5.035267e+01
    endloop
  endfacet
  facet normal -4.848250e-01 8.182293e-01 3.089425e-01
    outer loop
      vertex   -9.712918e+02 4.815087e+02 -5.059408e+01
      vertex   -9.707586e+02 4.817335e+02 -5.035267e+01
      vertex   -9.711688e+02 4.817749e+02 -5.110619e+01
    endloop
  endfacet
  facet normal -4.848250e-01 8.182293e-01 3.089425e-01
    outer loop
      vertex   -9.711688e+02 4.817749e+02 -5.110619e+01
      vertex   -9.707586e+02 4.817335e+02 -5.035267e+01
      vertex   -9.706369e+02 4.819970e+02 -5.085960e+01
    endloop
  endfacet
  facet normal -4.484671e-01 8.757515e-01 1.787078e-01
    outer loop
      vertex   -9.711688e+02 4.817749e+02 -5.110619e+01
      vertex   -9.706369e+02 4.819970e+02 -5.085960e+01
      vertex   -9.704710e+02 4.821888e+02 -5.138321e+01
    endloop
  endfacet
  facet normal -3.110688e-01 9.199889e-01 2.384462e-01
    outer loop
      vertex   -9.704710e+02 4.821888e+02 -5.138321e+01
      vertex   -9.706369e+02 4.819970e+02 -5.085960e+01
      vertex   -9.699059e+02 4.823180e+02 -5.114445e+01
    endloop
  endfacet
  facet normal -2.646378e-01 9.583016e-01 1.078183e-01
    outer loop
      vertex   -9.704710e+02 4.821888e+02 -5.138321e+01
      vertex   -9.699059e+02 4.823180e+02 -5.114445e+01
      vertex   -9.697040e+02 4.824320e+02 -5.166208e+01
    endloop
  endfacet
  facet normal -1.217801e-01 9.782510e-01 1.679122e-01
    outer loop
      vertex   -9.697040e+02 4.824320e+02 -5.166208e+01
      vertex   -9.699059e+02 4.823180e+02 -5.114445e+01
      vertex   -9.691295e+02 4.824608e+02 -5.141288e+01
    endloop
  endfacet
  facet normal -3.651873e-01 6.198318e-02 9.288683e-01
    outer loop
      vertex   -9.704710e+02 4.790731e+02 -4.826753e+01
      vertex   -9.706988e+02 4.784991e+02 -4.831878e+01
      vertex   -9.702622e+02 4.785378e+02 -4.814973e+01
    endloop
  endfacet
  facet normal -3.455848e-01 -1.485808e-01 9.265500e-01
    outer loop
      vertex   -9.702622e+02 4.785378e+02 -4.814973e+01
      vertex   -9.706988e+02 4.784991e+02 -4.831878e+01
      vertex   -9.701641e+02 4.784991e+02 -4.811933e+01
    endloop
  endfacet
  facet normal -2.597636e-01 9.563131e-02 9.609253e-01
    outer loop
      vertex   -9.702622e+02 4.785378e+02 -4.814973e+01
      vertex   -9.701641e+02 4.784991e+02 -4.811933e+01
      vertex   -9.697040e+02 4.787943e+02 -4.802435e+01
    endloop
  endfacet
  facet normal -2.125351e-01 1.686559e-02 9.770079e-01
    outer loop
      vertex   -9.697040e+02 4.787943e+02 -4.802435e+01
      vertex   -9.701641e+02 4.784991e+02 -4.811933e+01
      vertex   -9.696064e+02 4.784991e+02 -4.799802e+01
    endloop
  endfacet
  facet normal -7.721423e-02 6.322738e-02 9.950077e-01
    outer loop
      vertex   -9.697040e+02 4.787943e+02 -4.802435e+01
      vertex   -9.696064e+02 4.784991e+02 -4.799802e+01
      vertex   -9.691294e+02 4.790435e+02 -4.799560e+01
    endloop
  endfacet
  facet normal -2.646965e-01 1.076499e-01 9.583044e-01
    outer loop
      vertex   -9.704710e+02 4.790731e+02 -4.826753e+01
      vertex   -9.702622e+02 4.785378e+02 -4.814973e+01
      vertex   -9.697040e+02 4.787943e+02 -4.802435e+01
    endloop
  endfacet
  facet normal -1.217774e-01 1.679118e-01 9.782514e-01
    outer loop
      vertex   -9.697040e+02 4.787943e+02 -4.802435e+01
      vertex   -9.691294e+02 4.790435e+02 -4.799560e+01
      vertex   -9.699059e+02 4.793119e+02 -4.813833e+01
    endloop
  endfacet
  facet normal -1.217201e-01 1.680670e-01 9.782319e-01
    outer loop
      vertex   -9.699059e+02 4.793119e+02 -4.813833e+01
      vertex   -9.691294e+02 4.790435e+02 -4.799560e+01
      vertex   -9.693194e+02 4.795306e+02 -4.810293e+01
    endloop
  endfacet
  facet normal -1.659336e-01 2.925390e-01 9.417468e-01
    outer loop
      vertex   -9.699059e+02 4.793119e+02 -4.813833e+01
      vertex   -9.693194e+02 4.795306e+02 -4.810293e+01
      vertex   -9.700657e+02 4.798164e+02 -4.832319e+01
    endloop
  endfacet
  facet normal -1.658669e-01 2.926867e-01 9.417126e-01
    outer loop
      vertex   -9.700657e+02 4.798164e+02 -4.832319e+01
      vertex   -9.693194e+02 4.795306e+02 -4.810293e+01
      vertex   -9.694692e+02 4.800036e+02 -4.827633e+01
    endloop
  endfacet
  facet normal -1.996780e-01 4.137781e-01 8.882097e-01
    outer loop
      vertex   -9.700657e+02 4.798164e+02 -4.832319e+01
      vertex   -9.694692e+02 4.800036e+02 -4.827633e+01
      vertex   -9.701831e+02 4.803057e+02 -4.857755e+01
    endloop
  endfacet
  facet normal -1.996780e-01 4.137781e-01 8.882097e-01
    outer loop
      vertex   -9.701831e+02 4.803057e+02 -4.857755e+01
      vertex   -9.694692e+02 4.800036e+02 -4.827633e+01
      vertex   -9.695795e+02 4.804633e+02 -4.851527e+01
    endloop
  endfacet
  facet normal -2.227295e-01 5.296177e-01 8.184722e-01
    outer loop
      vertex   -9.701831e+02 4.803057e+02 -4.857755e+01
      vertex   -9.695795e+02 4.804633e+02 -4.851527e+01
      vertex   -9.702547e+02 4.807662e+02 -4.889498e+01
    endloop
  endfacet
  facet normal -2.227295e-01 5.296177e-01 8.184722e-01
    outer loop
      vertex   -9.702547e+02 4.807662e+02 -4.889498e+01
      vertex   -9.695795e+02 4.804633e+02 -4.851527e+01
      vertex   -9.696467e+02 4.808959e+02 -4.881346e+01
    endloop
  endfacet
  facet normal -2.343822e-01 6.372027e-01 7.341919e-01
    outer loop
      vertex   -9.702547e+02 4.807662e+02 -4.889498e+01
      vertex   -9.696467e+02 4.808959e+02 -4.881346e+01
      vertex   -9.702787e+02 4.811878e+02 -4.926857e+01
    endloop
  endfacet
  facet normal -2.343822e-01 6.372027e-01 7.341919e-01
    outer loop
      vertex   -9.702787e+02 4.811878e+02 -4.926857e+01
      vertex   -9.696467e+02 4.808959e+02 -4.881346e+01
      vertex   -9.696693e+02 4.812919e+02 -4.916442e+01
    endloop
  endfacet
  facet normal -2.343825e-01 7.341911e-01 6.372035e-01
    outer loop
      vertex   -9.702787e+02 4.811878e+02 -4.926857e+01
      vertex   -9.696693e+02 4.812919e+02 -4.916442e+01
      vertex   -9.702547e+02 4.815614e+02 -4.969020e+01
    endloop
  endfacet
  facet normal -2.343825e-01 7.341911e-01 6.372035e-01
    outer loop
      vertex   -9.702547e+02 4.815614e+02 -4.969020e+01
      vertex   -9.696693e+02 4.812919e+02 -4.916442e+01
      vertex   -9.696467e+02 4.816429e+02 -4.956050e+01
    endloop
  endfacet
  facet normal -2.227304e-01 8.184714e-01 5.296184e-01
    outer loop
      vertex   -9.702547e+02 4.815614e+02 -4.969020e+01
      vertex   -9.696467e+02 4.816429e+02 -4.956050e+01
      vertex   -9.701831e+02 4.818788e+02 -5.015068e+01
    endloop
  endfacet
  facet normal -2.227304e-01 8.184714e-01 5.296184e-01
    outer loop
      vertex   -9.701831e+02 4.818788e+02 -5.015068e+01
      vertex   -9.696467e+02 4.816429e+02 -4.956050e+01
      vertex   -9.695795e+02 4.819411e+02 -4.999307e+01
    endloop
  endfacet
  facet normal -1.996796e-01 8.882090e-01 4.137787e-01
    outer loop
      vertex   -9.701831e+02 4.818788e+02 -5.015068e+01
      vertex   -9.695795e+02 4.819411e+02 -4.999307e+01
      vertex   -9.700657e+02 4.821332e+02 -5.063998e+01
    endloop
  endfacet
  facet normal -1.996796e-01 8.882090e-01 4.137787e-01
    outer loop
      vertex   -9.700657e+02 4.821332e+02 -5.063998e+01
      vertex   -9.695795e+02 4.819411e+02 -4.999307e+01
      vertex   -9.694692e+02 4.821800e+02 -5.045273e+01
    endloop
  endfacet
  facet normal -1.658691e-01 9.417121e-01 2.926873e-01
    outer loop
      vertex   -9.700657e+02 4.821332e+02 -5.063998e+01
      vertex   -9.694692e+02 4.821800e+02 -5.045273e+01
      vertex   -9.693194e+02 4.823534e+02 -5.092574e+01
    endloop
  endfacet
  facet normal -3.109956e-01 2.386070e-01 9.199720e-01
    outer loop
      vertex   -9.700657e+02 4.798164e+02 -4.832319e+01
      vertex   -9.706369e+02 4.795968e+02 -4.845933e+01
      vertex   -9.699059e+02 4.793119e+02 -4.813833e+01
    endloop
  endfacet
  facet normal -3.110665e-01 2.384451e-01 9.199900e-01
    outer loop
      vertex   -9.699059e+02 4.793119e+02 -4.813833e+01
      vertex   -9.706369e+02 4.795968e+02 -4.845933e+01
      vertex   -9.704710e+02 4.790731e+02 -4.826753e+01
    endloop
  endfacet
  facet normal -2.646350e-01 1.078174e-01 9.583025e-01
    outer loop
      vertex   -9.699059e+02 4.793119e+02 -4.813833e+01
      vertex   -9.704710e+02 4.790731e+02 -4.826753e+01
      vertex   -9.697040e+02 4.787943e+02 -4.802435e+01
    endloop
  endfacet
  facet normal -3.465121e-01 3.658219e-01 8.637729e-01
    outer loop
      vertex   -9.706369e+02 4.795968e+02 -4.845933e+01
      vertex   -9.700657e+02 4.798164e+02 -4.832319e+01
      vertex   -9.707586e+02 4.801037e+02 -4.872285e+01
    endloop
  endfacet
  facet normal -3.465121e-01 3.658219e-01 8.637729e-01
    outer loop
      vertex   -9.707586e+02 4.801037e+02 -4.872285e+01
      vertex   -9.700657e+02 4.798164e+02 -4.832319e+01
      vertex   -9.701831e+02 4.803057e+02 -4.857755e+01
    endloop
  endfacet
  facet normal -3.707063e-01 4.874040e-01 7.905784e-01
    outer loop
      vertex   -9.707586e+02 4.801037e+02 -4.872285e+01
      vertex   -9.701831e+02 4.803057e+02 -4.857755e+01
      vertex   -9.708327e+02 4.805808e+02 -4.905172e+01
    endloop
  endfacet
  facet normal -3.707063e-01 4.874040e-01 7.905784e-01
    outer loop
      vertex   -9.708327e+02 4.805808e+02 -4.905172e+01
      vertex   -9.701831e+02 4.803057e+02 -4.857755e+01
      vertex   -9.702547e+02 4.807662e+02 -4.889498e+01
    endloop
  endfacet
  facet normal -3.829367e-01 6.003224e-01 7.021200e-01
    outer loop
      vertex   -9.708327e+02 4.805808e+02 -4.905172e+01
      vertex   -9.702547e+02 4.807662e+02 -4.889498e+01
      vertex   -9.708576e+02 4.810176e+02 -4.943878e+01
    endloop
  endfacet
  facet normal -3.829367e-01 6.003224e-01 7.021200e-01
    outer loop
      vertex   -9.708576e+02 4.810176e+02 -4.943878e+01
      vertex   -9.702547e+02 4.807662e+02 -4.889498e+01
      vertex   -9.702787e+02 4.811878e+02 -4.926857e+01
    endloop
  endfacet
  facet normal -3.829371e-01 7.021187e-01 6.003236e-01
    outer loop
      vertex   -9.708576e+02 4.810176e+02 -4.943878e+01
      vertex   -9.702787e+02 4.811878e+02 -4.926857e+01
      vertex   -9.708327e+02 4.814046e+02 -4.987559e+01
    endloop
  endfacet
  facet normal -3.829371e-01 7.021187e-01 6.003236e-01
    outer loop
      vertex   -9.708327e+02 4.814046e+02 -4.987559e+01
      vertex   -9.702787e+02 4.811878e+02 -4.926857e+01
      vertex   -9.702547e+02 4.815614e+02 -4.969020e+01
    endloop
  endfacet
  facet normal -3.707074e-01 7.905771e-01 4.874053e-01
    outer loop
      vertex   -9.708327e+02 4.814046e+02 -4.987559e+01
      vertex   -9.702547e+02 4.815614e+02 -4.969020e+01
      vertex   -9.707586e+02 4.817335e+02 -5.035267e+01
    endloop
  endfacet
  facet normal -3.707074e-01 7.905771e-01 4.874053e-01
    outer loop
      vertex   -9.707586e+02 4.817335e+02 -5.035267e+01
      vertex   -9.702547e+02 4.815614e+02 -4.969020e+01
      vertex   -9.701831e+02 4.818788e+02 -5.015068e+01
    endloop
  endfacet
  facet normal -3.465138e-01 8.637718e-01 3.658231e-01
    outer loop
      vertex   -9.707586e+02 4.817335e+02 -5.035267e+01
      vertex   -9.701831e+02 4.818788e+02 -5.015068e+01
      vertex   -9.706369e+02 4.819970e+02 -5.085960e+01
    endloop
  endfacet
  facet normal -3.465138e-01 8.637718e-01 3.658231e-01
    outer loop
      vertex   -9.706369e+02 4.819970e+02 -5.085960e+01
      vertex   -9.701831e+02 4.818788e+02 -5.015068e+01
      vertex   -9.700657e+02 4.821332e+02 -5.063998e+01
    endloop
  endfacet
  facet normal -3.109978e-01 9.199709e-01 2.386081e-01
    outer loop
      vertex   -9.706369e+02 4.819970e+02 -5.085960e+01
      vertex   -9.700657e+02 4.821332e+02 -5.063998e+01
      vertex   -9.699059e+02 4.823180e+02 -5.114445e+01
    endloop
  endfacet
  facet normal -1.659358e-01 9.417462e-01 2.925395e-01
    outer loop
      vertex   -9.699059e+02 4.823180e+02 -5.114445e+01
      vertex   -9.700657e+02 4.821332e+02 -5.063998e+01
      vertex   -9.693194e+02 4.823534e+02 -5.092574e+01
    endloop
  endfacet
  facet normal -1.217228e-01 9.782315e-01 1.680675e-01
    outer loop
      vertex   -9.699059e+02 4.823180e+02 -5.114445e+01
      vertex   -9.693194e+02 4.823534e+02 -5.092574e+01
      vertex   -9.691295e+02 4.824608e+02 -5.141288e+01
    endloop
  endfacet
  facet normal -7.228020e-01 1.741070e-01 6.687631e-01
    outer loop
      vertex   -9.721802e+02 4.792857e+02 -4.961163e+01
      vertex   -9.716484e+02 4.790827e+02 -4.898396e+01
      vertex   -9.717696e+02 4.795874e+02 -4.924633e+01
    endloop
  endfacet
  facet normal -8.166990e-01 9.941071e-02 5.684367e-01
    outer loop
      vertex   -9.725136e+02 4.789648e+02 -5.003457e+01
      vertex   -9.724048e+02 4.785116e+02 -4.979898e+01
      vertex   -9.720638e+02 4.788008e+02 -4.935956e+01
    endloop
  endfacet
  facet normal -7.468361e-01 2.948843e-01 5.960530e-01
    outer loop
      vertex   -9.721802e+02 4.792857e+02 -4.961163e+01
      vertex   -9.717696e+02 4.795874e+02 -4.924633e+01
      vertex   -9.722511e+02 4.797421e+02 -4.992621e+01
    endloop
  endfacet
  facet normal -7.468361e-01 2.948843e-01 5.960530e-01
    outer loop
      vertex   -9.722511e+02 4.797421e+02 -4.992621e+01
      vertex   -9.717696e+02 4.795874e+02 -4.924633e+01
      vertex   -9.718433e+02 4.800623e+02 -4.957375e+01
    endloop
  endfacet
  facet normal -7.589855e-01 4.070551e-01 5.081802e-01
    outer loop
      vertex   -9.722511e+02 4.797421e+02 -4.992621e+01
      vertex   -9.718433e+02 4.800623e+02 -4.957375e+01
      vertex   -9.722749e+02 4.801599e+02 -5.029644e+01
    endloop
  endfacet
  facet normal -7.589855e-01 4.070551e-01 5.081802e-01
    outer loop
      vertex   -9.722749e+02 4.801599e+02 -5.029644e+01
      vertex   -9.718433e+02 4.800623e+02 -4.957375e+01
      vertex   -9.718681e+02 4.804972e+02 -4.995910e+01
    endloop
  endfacet
  facet normal -7.589858e-01 5.081777e-01 4.070577e-01
    outer loop
      vertex   -9.722749e+02 4.801599e+02 -5.029644e+01
      vertex   -9.718681e+02 4.804972e+02 -4.995910e+01
      vertex   -9.722511e+02 4.805301e+02 -5.071428e+01
    endloop
  endfacet
  facet normal -7.589858e-01 5.081777e-01 4.070577e-01
    outer loop
      vertex   -9.722511e+02 4.805301e+02 -5.071428e+01
      vertex   -9.718681e+02 4.804972e+02 -4.995910e+01
      vertex   -9.718433e+02 4.808826e+02 -5.039400e+01
    endloop
  endfacet
  facet normal -8.394877e-01 2.139299e-01 4.994941e-01
    outer loop
      vertex   -9.721802e+02 4.792857e+02 -4.961163e+01
      vertex   -9.722511e+02 4.797421e+02 -4.992621e+01
      vertex   -9.725799e+02 4.793913e+02 -5.032857e+01
    endloop
  endfacet
  facet normal -8.510076e-01 3.202887e-01 4.161745e-01
    outer loop
      vertex   -9.725799e+02 4.793913e+02 -5.032857e+01
      vertex   -9.722511e+02 4.797421e+02 -4.992621e+01
      vertex   -9.726021e+02 4.797818e+02 -5.067459e+01
    endloop
  endfacet
  facet normal -9.222498e-01 2.256273e-01 3.139229e-01
    outer loop
      vertex   -9.725799e+02 4.793913e+02 -5.032857e+01
      vertex   -9.726021e+02 4.797818e+02 -5.067459e+01
      vertex   -9.728418e+02 4.793721e+02 -5.108424e+01
    endloop
  endfacet
  facet normal -9.222501e-01 3.139198e-01 2.256304e-01
    outer loop
      vertex   -9.728418e+02 4.793721e+02 -5.108424e+01
      vertex   -9.726021e+02 4.797818e+02 -5.067459e+01
      vertex   -9.728217e+02 4.796854e+02 -5.143782e+01
    endloop
  endfacet
  facet normal -9.709332e-01 2.038931e-01 1.253650e-01
    outer loop
      vertex   -9.728418e+02 4.793721e+02 -5.108424e+01
      vertex   -9.728217e+02 4.796854e+02 -5.143782e+01
      vertex   -9.729704e+02 4.792139e+02 -5.182332e+01
    endloop
  endfacet
  facet normal -8.510076e-01 3.202887e-01 4.161745e-01
    outer loop
      vertex   -9.726021e+02 4.797818e+02 -5.067459e+01
      vertex   -9.722511e+02 4.797421e+02 -4.992621e+01
      vertex   -9.722749e+02 4.801599e+02 -5.029644e+01
    endloop
  endfacet
  facet normal -9.709329e-01 1.253618e-01 2.038964e-01
    outer loop
      vertex   -9.729880e+02 4.789410e+02 -5.151534e+01
      vertex   -9.729704e+02 4.786330e+02 -5.124245e+01
      vertex   -9.728217e+02 4.790185e+02 -5.077094e+01
    endloop
  endfacet
  facet normal -8.510079e-01 4.161716e-01 3.202915e-01
    outer loop
      vertex   -9.722511e+02 4.805301e+02 -5.071428e+01
      vertex   -9.725799e+02 4.801278e+02 -5.106509e+01
      vertex   -9.722749e+02 4.801599e+02 -5.029644e+01
    endloop
  endfacet
  facet normal -8.510079e-01 4.161716e-01 3.202915e-01
    outer loop
      vertex   -9.722749e+02 4.801599e+02 -5.029644e+01
      vertex   -9.725799e+02 4.801278e+02 -5.106509e+01
      vertex   -9.726021e+02 4.797818e+02 -5.067459e+01
    endloop
  endfacet
  facet normal -9.222501e-01 3.139198e-01 2.256304e-01
    outer loop
      vertex   -9.725799e+02 4.801278e+02 -5.106509e+01
      vertex   -9.728217e+02 4.796854e+02 -5.143782e+01
      vertex   -9.726021e+02 4.797818e+02 -5.067459e+01
    endloop
  endfacet
  facet normal -8.167005e-01 5.684340e-01 9.941344e-02
    outer loop
      vertex   -9.724048e+02 4.806574e+02 -5.194477e+01
      vertex   -9.725136e+02 4.804218e+02 -5.149158e+01
      vertex   -9.721802e+02 4.808447e+02 -5.117062e+01
    endloop
  endfacet
  facet normal -7.228037e-01 6.687606e-01 1.741094e-01
    outer loop
      vertex   -9.716484e+02 4.814724e+02 -5.137369e+01
      vertex   -9.720638e+02 4.810968e+02 -5.165552e+01
      vertex   -9.717696e+02 4.812100e+02 -5.086898e+01
    endloop
  endfacet
  facet normal -7.228037e-01 6.687606e-01 1.741094e-01
    outer loop
      vertex   -9.717696e+02 4.812100e+02 -5.086898e+01
      vertex   -9.720638e+02 4.810968e+02 -5.165552e+01
      vertex   -9.721802e+02 4.808447e+02 -5.117062e+01
    endloop
  endfacet
  facet normal -8.167005e-01 5.684340e-01 9.941344e-02
    outer loop
      vertex   -9.720638e+02 4.810968e+02 -5.165552e+01
      vertex   -9.724048e+02 4.806574e+02 -5.194477e+01
      vertex   -9.721802e+02 4.808447e+02 -5.117062e+01
    endloop
  endfacet
  facet normal -2.646994e-01 9.583035e-01 1.076508e-01
    outer loop
      vertex   -9.702622e+02 4.823066e+02 -5.191852e+01
      vertex   -9.704710e+02 4.821888e+02 -5.138321e+01
      vertex   -9.697040e+02 4.824320e+02 -5.166208e+01
    endloop
  endfacet
  facet normal 3.951935e-02 7.128358e-02 9.966729e-01
    outer loop
      vertex   -8.020371e+02 4.790689e+02 -4.799802e+01
      vertex   -8.020371e+02 4.784996e+02 -4.795730e+01
      vertex   -8.015952e+02 4.789416e+02 -4.800644e+01
    endloop
  endfacet
  facet normal 7.128332e-02 3.951982e-02 9.966729e-01
    outer loop
      vertex   -8.015952e+02 4.789416e+02 -4.800644e+01
      vertex   -8.020371e+02 4.784996e+02 -4.795730e+01
      vertex   -8.014679e+02 4.784996e+02 -4.799802e+01
    endloop
  endfacet
  facet normal 1.258911e-01 5.513143e-02 9.905110e-01
    outer loop
      vertex   -8.015952e+02 4.789416e+02 -4.800644e+01
      vertex   -8.014679e+02 4.784996e+02 -4.799802e+01
      vertex   -8.013223e+02 4.786336e+02 -4.802398e+01
    endloop
  endfacet
  facet normal 2.123814e-01 -4.160054e-02 9.763009e-01
    outer loop
      vertex   -8.013223e+02 4.786336e+02 -4.802398e+01
      vertex   -8.014679e+02 4.784996e+02 -4.799802e+01
      vertex   -8.009102e+02 4.784996e+02 -4.811933e+01
    endloop
  endfacet
  facet normal 2.467760e-01 7.118882e-02 9.664542e-01
    outer loop
      vertex   -8.013223e+02 4.786336e+02 -4.802398e+01
      vertex   -8.009102e+02 4.784996e+02 -4.811933e+01
      vertex   -8.008508e+02 4.790191e+02 -4.817277e+01
    endloop
  endfacet
  facet normal 3.052396e-01 6.282798e-02 9.502007e-01
    outer loop
      vertex   -8.008508e+02 4.790191e+02 -4.817277e+01
      vertex   -8.009102e+02 4.784996e+02 -4.811933e+01
      vertex   -8.005846e+02 4.786329e+02 -4.823275e+01
    endloop
  endfacet
  facet normal 3.906462e-01 1.276927e-01 9.116414e-01
    outer loop
      vertex   -8.008508e+02 4.790191e+02 -4.817277e+01
      vertex   -8.005846e+02 4.786329e+02 -4.823275e+01
      vertex   -8.001144e+02 4.789653e+02 -4.848078e+01
    endloop
  endfacet
  facet normal 4.214536e-01 7.803283e-02 9.034864e-01
    outer loop
      vertex   -8.001144e+02 4.789653e+02 -4.848078e+01
      vertex   -8.005846e+02 4.786329e+02 -4.823275e+01
      vertex   -8.003755e+02 4.784996e+02 -4.831878e+01
    endloop
  endfacet
  facet normal 4.776582e-01 3.757012e-02 8.777420e-01
    outer loop
      vertex   -8.001144e+02 4.789653e+02 -4.848078e+01
      vertex   -8.003755e+02 4.784996e+02 -4.831878e+01
      vertex   -7.998788e+02 4.785122e+02 -4.858959e+01
    endloop
  endfacet
  facet normal 4.790768e-01 -2.681026e-02 8.773635e-01
    outer loop
      vertex   -7.998788e+02 4.785122e+02 -4.858959e+01
      vertex   -8.003755e+02 4.784996e+02 -4.831878e+01
      vertex   -7.998746e+02 4.784996e+02 -4.859229e+01
    endloop
  endfacet
  facet normal 5.989999e-01 3.043853e-02 8.001704e-01
    outer loop
      vertex   -7.998788e+02 4.785122e+02 -4.858959e+01
      vertex   -7.998746e+02 4.784996e+02 -4.859229e+01
      vertex   -7.994177e+02 4.784996e+02 -4.893431e+01
    endloop
  endfacet
  facet normal 3.489085e-01 -5.637666e-02 9.354595e-01
    outer loop
      vertex   -8.009102e+02 4.784996e+02 -4.811933e+01
      vertex   -8.003755e+02 4.784996e+02 -4.831878e+01
      vertex   -8.005846e+02 4.786329e+02 -4.823275e+01
    endloop
  endfacet
  facet normal 5.989950e-01 3.336977e-02 8.000572e-01
    outer loop
      vertex   -7.998788e+02 4.785122e+02 -4.858959e+01
      vertex   -7.994177e+02 4.784996e+02 -4.893431e+01
      vertex   -7.994394e+02 4.788014e+02 -4.893064e+01
    endloop
  endfacet
  facet normal 7.064757e-01 4.223610e-02 7.064759e-01
    outer loop
      vertex   -7.994394e+02 4.788014e+02 -4.893064e+01
      vertex   -7.994177e+02 4.784996e+02 -4.893431e+01
      vertex   -7.990141e+02 4.784996e+02 -4.933786e+01
    endloop
  endfacet
  facet normal 7.155884e-01 7.064235e-02 6.949410e-01
    outer loop
      vertex   -7.994394e+02 4.788014e+02 -4.893064e+01
      vertex   -7.990141e+02 4.784996e+02 -4.933786e+01
      vertex   -7.990638e+02 4.790832e+02 -4.934605e+01
    endloop
  endfacet
  facet normal 7.603232e-01 7.375275e-02 6.453442e-01
    outer loop
      vertex   -7.990638e+02 4.790832e+02 -4.934605e+01
      vertex   -7.990141e+02 4.784996e+02 -4.933786e+01
      vertex   -7.988723e+02 4.785600e+02 -4.951191e+01
    endloop
  endfacet
  facet normal 8.101234e-01 1.142751e-01 5.750142e-01
    outer loop
      vertex   -7.990638e+02 4.790832e+02 -4.934605e+01
      vertex   -7.988723e+02 4.785600e+02 -4.951191e+01
      vertex   -7.985672e+02 4.788208e+02 -4.999355e+01
    endloop
  endfacet
  facet normal 8.216716e-01 8.080278e-02 5.642045e-01
    outer loop
      vertex   -7.985672e+02 4.788208e+02 -4.999355e+01
      vertex   -7.988723e+02 4.785600e+02 -4.951191e+01
      vertex   -7.986721e+02 4.784996e+02 -4.979474e+01
    endloop
  endfacet
  facet normal 8.776358e-01 9.915416e-03 4.792254e-01
    outer loop
      vertex   -7.985672e+02 4.788208e+02 -4.999355e+01
      vertex   -7.986721e+02 4.784996e+02 -4.979474e+01
      vertex   -7.983986e+02 4.784996e+02 -5.029564e+01
    endloop
  endfacet
  facet normal 7.912689e-01 -1.517608e-01 5.923361e-01
    outer loop
      vertex   -7.990141e+02 4.784996e+02 -4.933786e+01
      vertex   -7.986721e+02 4.784996e+02 -4.979474e+01
      vertex   -7.988723e+02 4.785600e+02 -4.951191e+01
    endloop
  endfacet
  facet normal 9.265505e-01 -1.485765e-01 3.455853e-01
    outer loop
      vertex   -7.981992e+02 4.784996e+02 -5.083037e+01
      vertex   -7.982295e+02 4.785384e+02 -5.073220e+01
      vertex   -7.983986e+02 4.784996e+02 -5.029564e+01
    endloop
  endfacet
  facet normal 9.288681e-01 6.198751e-02 3.651871e-01
    outer loop
      vertex   -7.983986e+02 4.784996e+02 -5.029564e+01
      vertex   -7.982295e+02 4.785384e+02 -5.073220e+01
      vertex   -7.983473e+02 4.790737e+02 -5.052344e+01
    endloop
  endfacet
  facet normal 9.055320e-01 8.417171e-02 4.158448e-01
    outer loop
      vertex   -7.983986e+02 4.784996e+02 -5.029564e+01
      vertex   -7.983473e+02 4.790737e+02 -5.052344e+01
      vertex   -7.985672e+02 4.788208e+02 -4.999355e+01
    endloop
  endfacet
  facet normal 8.757525e-01 1.785399e-01 4.485321e-01
    outer loop
      vertex   -7.985672e+02 4.788208e+02 -4.999355e+01
      vertex   -7.983473e+02 4.790737e+02 -5.052344e+01
      vertex   -7.987612e+02 4.793507e+02 -4.982561e+01
    endloop
  endfacet
  facet normal 8.101398e-01 1.144484e-01 5.749566e-01
    outer loop
      vertex   -7.985672e+02 4.788208e+02 -4.999355e+01
      vertex   -7.987612e+02 4.793507e+02 -4.982561e+01
      vertex   -7.990638e+02 4.790832e+02 -4.934605e+01
    endloop
  endfacet
  facet normal 7.526992e-01 2.445214e-01 6.112718e-01
    outer loop
      vertex   -7.990638e+02 4.790832e+02 -4.934605e+01
      vertex   -7.987612e+02 4.793507e+02 -4.982561e+01
      vertex   -7.993261e+02 4.795880e+02 -4.922488e+01
    endloop
  endfacet
  facet normal 6.687625e-01 1.741116e-01 7.228014e-01
    outer loop
      vertex   -7.990638e+02 4.790832e+02 -4.934605e+01
      vertex   -7.993261e+02 4.795880e+02 -4.922488e+01
      vertex   -7.996915e+02 4.792863e+02 -4.881422e+01
    endloop
  endfacet
  facet normal 5.960520e-01 2.948887e-01 7.468351e-01
    outer loop
      vertex   -7.996915e+02 4.792863e+02 -4.881422e+01
      vertex   -7.993261e+02 4.795880e+02 -4.922488e+01
      vertex   -8.000060e+02 4.797426e+02 -4.874334e+01
    endloop
  endfacet
  facet normal 4.994934e-01 2.139344e-01 8.394870e-01
    outer loop
      vertex   -7.996915e+02 4.792863e+02 -4.881422e+01
      vertex   -8.000060e+02 4.797426e+02 -4.874334e+01
      vertex   -8.004084e+02 4.793918e+02 -4.841454e+01
    endloop
  endfacet
  facet normal 4.161734e-01 3.202929e-01 8.510065e-01
    outer loop
      vertex   -8.004084e+02 4.793918e+02 -4.841454e+01
      vertex   -8.000060e+02 4.797426e+02 -4.874334e+01
      vertex   -8.007544e+02 4.797823e+02 -4.839230e+01
    endloop
  endfacet
  facet normal 3.139221e-01 2.256315e-01 9.222491e-01
    outer loop
      vertex   -8.004084e+02 4.793918e+02 -4.841454e+01
      vertex   -8.007544e+02 4.797823e+02 -4.839230e+01
      vertex   -8.011641e+02 4.793727e+02 -4.815263e+01
    endloop
  endfacet
  facet normal 2.256294e-01 3.139236e-01 9.222491e-01
    outer loop
      vertex   -8.011641e+02 4.793727e+02 -4.815263e+01
      vertex   -8.007544e+02 4.797823e+02 -4.839230e+01
      vertex   -8.015176e+02 4.796860e+02 -4.817277e+01
    endloop
  endfacet
  facet normal 1.253643e-01 2.038968e-01 9.709325e-01
    outer loop
      vertex   -8.011641e+02 4.793727e+02 -4.815263e+01
      vertex   -8.015176e+02 4.796860e+02 -4.817277e+01
      vertex   -8.019031e+02 4.792145e+02 -4.802398e+01
    endloop
  endfacet
  facet normal 7.118717e-02 2.467764e-01 9.664542e-01
    outer loop
      vertex   -8.019031e+02 4.792145e+02 -4.802398e+01
      vertex   -8.015176e+02 4.796860e+02 -4.817277e+01
      vertex   -8.020371e+02 4.796265e+02 -4.811933e+01
    endloop
  endfacet
  facet normal -4.160196e-02 2.123811e-01 9.763009e-01
    outer loop
      vertex   -8.019031e+02 4.792145e+02 -4.802398e+01
      vertex   -8.020371e+02 4.796265e+02 -4.811933e+01
      vertex   -8.020371e+02 4.790689e+02 -4.799802e+01
    endloop
  endfacet
  facet normal 9.609250e-01 9.563539e-02 2.597633e-01
    outer loop
      vertex   -7.982295e+02 4.785384e+02 -5.073220e+01
      vertex   -7.981992e+02 4.784996e+02 -5.083037e+01
      vertex   -7.981042e+02 4.787949e+02 -5.129040e+01
    endloop
  endfacet
  facet normal 9.770078e-01 1.686957e-02 2.125351e-01
    outer loop
      vertex   -7.981042e+02 4.787949e+02 -5.129040e+01
      vertex   -7.981992e+02 4.784996e+02 -5.083037e+01
      vertex   -7.980778e+02 4.784996e+02 -5.138804e+01
    endloop
  endfacet
  facet normal 9.950075e-01 6.323097e-02 7.721402e-02
    outer loop
      vertex   -7.981042e+02 4.787949e+02 -5.129040e+01
      vertex   -7.980778e+02 4.784996e+02 -5.138804e+01
      vertex   -7.980754e+02 4.790441e+02 -5.186499e+01
    endloop
  endfacet
  facet normal 9.957744e-01 5.797579e-02 7.121920e-02
    outer loop
      vertex   -7.980754e+02 4.790441e+02 -5.186499e+01
      vertex   -7.980778e+02 4.784996e+02 -5.138804e+01
      vertex   -7.980371e+02 4.784996e+02 -5.195730e+01
    endloop
  endfacet
  facet normal 9.974280e-01 7.134081e-02 -6.912323e-03
    outer loop
      vertex   -7.980754e+02 4.790441e+02 -5.186499e+01
      vertex   -7.980371e+02 4.784996e+02 -5.195730e+01
      vertex   -7.980778e+02 4.790689e+02 -5.195730e+01
    endloop
  endfacet
  facet normal 9.785000e-01 2.041530e-01 2.931546e-02
    outer loop
      vertex   -7.980754e+02 4.790441e+02 -5.186499e+01
      vertex   -7.980778e+02 4.790689e+02 -5.195730e+01
      vertex   -7.981827e+02 4.795312e+02 -5.167508e+01
    endloop
  endfacet
  facet normal 9.770358e-01 2.125446e-01 1.502528e-02
    outer loop
      vertex   -7.981827e+02 4.795312e+02 -5.167508e+01
      vertex   -7.980778e+02 4.790689e+02 -5.195730e+01
      vertex   -7.981992e+02 4.796266e+02 -5.195730e+01
    endloop
  endfacet
  facet normal 9.430277e-01 3.279668e-01 5.600465e-02
    outer loop
      vertex   -7.981827e+02 4.795312e+02 -5.167508e+01
      vertex   -7.981992e+02 4.796266e+02 -5.195730e+01
      vertex   -7.983562e+02 4.800042e+02 -5.152527e+01
    endloop
  endfacet
  facet normal 9.363752e-01 3.492534e-01 3.498014e-02
    outer loop
      vertex   -7.983562e+02 4.800042e+02 -5.152527e+01
      vertex   -7.981992e+02 4.796266e+02 -5.195730e+01
      vertex   -7.983986e+02 4.801613e+02 -5.195730e+01
    endloop
  endfacet
  facet normal 8.920177e-01 4.458267e-01 7.445137e-02
    outer loop
      vertex   -7.983562e+02 4.800042e+02 -5.152527e+01
      vertex   -7.983986e+02 4.801613e+02 -5.195730e+01
      vertex   -7.985951e+02 4.804639e+02 -5.141491e+01
    endloop
  endfacet
  facet normal 8.765555e-01 4.786393e-01 5.054522e-02
    outer loop
      vertex   -7.985951e+02 4.804639e+02 -5.141491e+01
      vertex   -7.983986e+02 4.801613e+02 -5.195730e+01
      vertex   -7.986721e+02 4.806622e+02 -5.195730e+01
    endloop
  endfacet
  facet normal 8.264702e-01 5.563611e-01 8.607719e-02
    outer loop
      vertex   -7.985951e+02 4.804639e+02 -5.141491e+01
      vertex   -7.986721e+02 4.806622e+02 -5.195730e+01
      vertex   -7.988933e+02 4.808964e+02 -5.134772e+01
    endloop
  endfacet
  facet normal 7.990937e-01 5.981982e-01 6.006729e-02
    outer loop
      vertex   -7.988933e+02 4.808964e+02 -5.134772e+01
      vertex   -7.986721e+02 4.806622e+02 -5.195730e+01
      vertex   -7.990141e+02 4.811191e+02 -5.195730e+01
    endloop
  endfacet
  facet normal 7.478765e-01 6.574514e-01 9.186139e-02
    outer loop
      vertex   -7.988933e+02 4.808964e+02 -5.134772e+01
      vertex   -7.990141e+02 4.811191e+02 -5.195730e+01
      vertex   -7.992442e+02 4.812925e+02 -5.132516e+01
    endloop
  endfacet
  facet normal 7.056878e-01 7.056925e-01 6.326768e-02
    outer loop
      vertex   -7.992442e+02 4.812925e+02 -5.132516e+01
      vertex   -7.990141e+02 4.811191e+02 -5.195730e+01
      vertex   -7.994177e+02 4.815226e+02 -5.195730e+01
    endloop
  endfacet
  facet normal 6.574464e-01 7.478809e-01 9.186139e-02
    outer loop
      vertex   -7.992442e+02 4.812925e+02 -5.132516e+01
      vertex   -7.994177e+02 4.815226e+02 -5.195730e+01
      vertex   -7.996403e+02 4.816435e+02 -5.134772e+01
    endloop
  endfacet
  facet normal 5.981929e-01 7.990977e-01 6.006729e-02
    outer loop
      vertex   -7.996403e+02 4.816435e+02 -5.134772e+01
      vertex   -7.994177e+02 4.815226e+02 -5.195730e+01
      vertex   -7.998746e+02 4.818646e+02 -5.195730e+01
    endloop
  endfacet
  facet normal 5.563556e-01 8.264739e-01 8.607719e-02
    outer loop
      vertex   -7.996403e+02 4.816435e+02 -5.134772e+01
      vertex   -7.998746e+02 4.818646e+02 -5.195730e+01
      vertex   -8.000729e+02 4.819417e+02 -5.141491e+01
    endloop
  endfacet
  facet normal 4.786335e-01 8.765587e-01 5.054522e-02
    outer loop
      vertex   -8.000729e+02 4.819417e+02 -5.141491e+01
      vertex   -7.998746e+02 4.818646e+02 -5.195730e+01
      vertex   -8.003755e+02 4.821381e+02 -5.195730e+01
    endloop
  endfacet
  facet normal 4.458208e-01 8.920207e-01 7.445137e-02
    outer loop
      vertex   -8.000729e+02 4.819417e+02 -5.141491e+01
      vertex   -8.003755e+02 4.821381e+02 -5.195730e+01
      vertex   -8.005326e+02 4.821806e+02 -5.152527e+01
    endloop
  endfacet
  facet normal 3.492472e-01 9.363775e-01 3.498014e-02
    outer loop
      vertex   -8.005326e+02 4.821806e+02 -5.152527e+01
      vertex   -8.003755e+02 4.821381e+02 -5.195730e+01
      vertex   -8.009102e+02 4.823376e+02 -5.195730e+01
    endloop
  endfacet
  facet normal 3.279605e-01 9.430299e-01 5.600465e-02
    outer loop
      vertex   -8.005326e+02 4.821806e+02 -5.152527e+01
      vertex   -8.009102e+02 4.823376e+02 -5.195730e+01
      vertex   -8.010056e+02 4.823540e+02 -5.167508e+01
    endloop
  endfacet
  facet normal 2.125380e-01 9.770373e-01 1.502528e-02
    outer loop
      vertex   -8.010056e+02 4.823540e+02 -5.167508e+01
      vertex   -8.009102e+02 4.823376e+02 -5.195730e+01
      vertex   -8.014679e+02 4.824589e+02 -5.195730e+01
    endloop
  endfacet
  facet normal 2.041464e-01 9.785013e-01 2.931546e-02
    outer loop
      vertex   -8.010056e+02 4.823540e+02 -5.167508e+01
      vertex   -8.014679e+02 4.824589e+02 -5.195730e+01
      vertex   -8.014927e+02 4.824613e+02 -5.186499e+01
    endloop
  endfacet
  facet normal 7.133415e-02 9.974285e-01 -6.912323e-03
    outer loop
      vertex   -8.014927e+02 4.824613e+02 -5.186499e+01
      vertex   -8.014679e+02 4.824589e+02 -5.195730e+01
      vertex   -8.020371e+02 4.824996e+02 -5.195730e+01
    endloop
  endfacet
  facet normal 5.796914e-02 9.957748e-01 7.121920e-02
    outer loop
      vertex   -8.014927e+02 4.824613e+02 -5.186499e+01
      vertex   -8.020371e+02 4.824996e+02 -5.195730e+01
      vertex   -8.020371e+02 4.824589e+02 -5.138804e+01
    endloop
  endfacet
  facet normal 6.322432e-02 9.950079e-01 7.721402e-02
    outer loop
      vertex   -8.014927e+02 4.824613e+02 -5.186499e+01
      vertex   -8.020371e+02 4.824589e+02 -5.138804e+01
      vertex   -8.017419e+02 4.824326e+02 -5.129040e+01
    endloop
  endfacet
  facet normal 1.686304e-02 9.770079e-01 2.125351e-01
    outer loop
      vertex   -8.017419e+02 4.824326e+02 -5.129040e+01
      vertex   -8.020371e+02 4.824589e+02 -5.138804e+01
      vertex   -8.020371e+02 4.823376e+02 -5.083037e+01
    endloop
  endfacet
  facet normal 9.562897e-02 9.609257e-01 2.597633e-01
    outer loop
      vertex   -8.017419e+02 4.824326e+02 -5.129040e+01
      vertex   -8.020371e+02 4.823376e+02 -5.083037e+01
      vertex   -8.019984e+02 4.823072e+02 -5.073220e+01
    endloop
  endfacet
  facet normal -1.485827e-01 9.265495e-01 3.455853e-01
    outer loop
      vertex   -8.019984e+02 4.823072e+02 -5.073220e+01
      vertex   -8.020371e+02 4.823376e+02 -5.083037e+01
      vertex   -8.020371e+02 4.821381e+02 -5.029564e+01
    endloop
  endfacet
  facet normal 6.198130e-02 9.288685e-01 3.651871e-01
    outer loop
      vertex   -8.019984e+02 4.823072e+02 -5.073220e+01
      vertex   -8.020371e+02 4.821381e+02 -5.029564e+01
      vertex   -8.014630e+02 4.821894e+02 -5.052344e+01
    endloop
  endfacet
  facet normal 8.416566e-02 9.055326e-01 4.158448e-01
    outer loop
      vertex   -8.014630e+02 4.821894e+02 -5.052344e+01
      vertex   -8.020371e+02 4.821381e+02 -5.029564e+01
      vertex   -8.017160e+02 4.819696e+02 -4.999355e+01
    endloop
  endfacet
  facet normal 1.785341e-01 8.757537e-01 4.485321e-01
    outer loop
      vertex   -8.014630e+02 4.821894e+02 -5.052344e+01
      vertex   -8.017160e+02 4.819696e+02 -4.999355e+01
      vertex   -8.011860e+02 4.817755e+02 -4.982561e+01
    endloop
  endfacet
  facet normal 1.144429e-01 8.101406e-01 5.749566e-01
    outer loop
      vertex   -8.011860e+02 4.817755e+02 -4.982561e+01
      vertex   -8.017160e+02 4.819696e+02 -4.999355e+01
      vertex   -8.014535e+02 4.814730e+02 -4.934605e+01
    endloop
  endfacet
  facet normal 2.445164e-01 7.527008e-01 6.112718e-01
    outer loop
      vertex   -8.011860e+02 4.817755e+02 -4.982561e+01
      vertex   -8.014535e+02 4.814730e+02 -4.934605e+01
      vertex   -8.006739e+02 4.815093e+02 -4.970266e+01
    endloop
  endfacet
  facet normal 2.445164e-01 7.527008e-01 6.112718e-01
    outer loop
      vertex   -8.006739e+02 4.815093e+02 -4.970266e+01
      vertex   -8.014535e+02 4.814730e+02 -4.934605e+01
      vertex   -8.009488e+02 4.812106e+02 -4.922488e+01
    endloop
  endfacet
  facet normal 3.685970e-01 6.780028e-01 6.359627e-01
    outer loop
      vertex   -8.006739e+02 4.815093e+02 -4.970266e+01
      vertex   -8.009488e+02 4.812106e+02 -4.922488e+01
      vertex   -8.001920e+02 4.811771e+02 -4.962780e+01
    endloop
  endfacet
  facet normal 3.685970e-01 6.780028e-01 6.359627e-01
    outer loop
      vertex   -8.001920e+02 4.811771e+02 -4.962780e+01
      vertex   -8.009488e+02 4.812106e+02 -4.922488e+01
      vertex   -8.004738e+02 4.808832e+02 -4.915110e+01
    endloop
  endfacet
  facet normal 4.838357e-01 5.877273e-01 6.484440e-01
    outer loop
      vertex   -8.001920e+02 4.811771e+02 -4.962780e+01
      vertex   -8.004738e+02 4.808832e+02 -4.915110e+01
      vertex   -7.997507e+02 4.807861e+02 -4.960267e+01
    endloop
  endfacet
  facet normal 4.838357e-01 5.877273e-01 6.484440e-01
    outer loop
      vertex   -7.997507e+02 4.807861e+02 -4.960267e+01
      vertex   -8.004738e+02 4.808832e+02 -4.915110e+01
      vertex   -8.000389e+02 4.804978e+02 -4.912633e+01
    endloop
  endfacet
  facet normal 5.877240e-01 4.838397e-01 6.484440e-01
    outer loop
      vertex   -7.997507e+02 4.807861e+02 -4.960267e+01
      vertex   -8.000389e+02 4.804978e+02 -4.912633e+01
      vertex   -7.993597e+02 4.803448e+02 -4.962780e+01
    endloop
  endfacet
  facet normal 5.877240e-01 4.838397e-01 6.484440e-01
    outer loop
      vertex   -7.993597e+02 4.803448e+02 -4.962780e+01
      vertex   -8.000389e+02 4.804978e+02 -4.912633e+01
      vertex   -7.996536e+02 4.800629e+02 -4.915110e+01
    endloop
  endfacet
  facet normal 6.780003e-01 3.686015e-01 6.359627e-01
    outer loop
      vertex   -7.993597e+02 4.803448e+02 -4.962780e+01
      vertex   -7.996536e+02 4.800629e+02 -4.915110e+01
      vertex   -7.990274e+02 4.798629e+02 -4.970266e+01
    endloop
  endfacet
  facet normal 6.780003e-01 3.686015e-01 6.359627e-01
    outer loop
      vertex   -7.990274e+02 4.798629e+02 -4.970266e+01
      vertex   -7.996536e+02 4.800629e+02 -4.915110e+01
      vertex   -7.993261e+02 4.795880e+02 -4.922488e+01
    endloop
  endfacet
  facet normal 7.526992e-01 2.445214e-01 6.112718e-01
    outer loop
      vertex   -7.990274e+02 4.798629e+02 -4.970266e+01
      vertex   -7.993261e+02 4.795880e+02 -4.922488e+01
      vertex   -7.987612e+02 4.793507e+02 -4.982561e+01
    endloop
  endfacet
  facet normal 9.909550e-03 8.776359e-01 4.792254e-01
    outer loop
      vertex   -8.020371e+02 4.821381e+02 -5.029564e+01
      vertex   -8.020371e+02 4.818646e+02 -4.979474e+01
      vertex   -8.017160e+02 4.819696e+02 -4.999355e+01
    endloop
  endfacet
  facet normal 8.079729e-02 8.216721e-01 5.642045e-01
    outer loop
      vertex   -8.017160e+02 4.819696e+02 -4.999355e+01
      vertex   -8.020371e+02 4.818646e+02 -4.979474e+01
      vertex   -8.019768e+02 4.816645e+02 -4.951191e+01
    endloop
  endfacet
  facet normal 1.142696e-01 8.101241e-01 5.750142e-01
    outer loop
      vertex   -8.017160e+02 4.819696e+02 -4.999355e+01
      vertex   -8.019768e+02 4.816645e+02 -4.951191e+01
      vertex   -8.014535e+02 4.814730e+02 -4.934605e+01
    endloop
  endfacet
  facet normal 7.374767e-02 7.603237e-01 6.453442e-01
    outer loop
      vertex   -8.014535e+02 4.814730e+02 -4.934605e+01
      vertex   -8.019768e+02 4.816645e+02 -4.951191e+01
      vertex   -8.020371e+02 4.815226e+02 -4.933786e+01
    endloop
  endfacet
  facet normal 7.063757e-02 7.155888e-01 6.949410e-01
    outer loop
      vertex   -8.014535e+02 4.814730e+02 -4.934605e+01
      vertex   -8.020371e+02 4.815226e+02 -4.933786e+01
      vertex   -8.017353e+02 4.810974e+02 -4.893064e+01
    endloop
  endfacet
  facet normal 4.223138e-02 7.064760e-01 7.064759e-01
    outer loop
      vertex   -8.017353e+02 4.810974e+02 -4.893064e+01
      vertex   -8.020371e+02 4.815226e+02 -4.933786e+01
      vertex   -8.020371e+02 4.811191e+02 -4.893431e+01
    endloop
  endfacet
  facet normal 3.336163e-02 5.989441e-01 8.000956e-01
    outer loop
      vertex   -8.017353e+02 4.810974e+02 -4.893064e+01
      vertex   -8.020371e+02 4.811191e+02 -4.893431e+01
      vertex   -8.020371e+02 4.806622e+02 -4.859229e+01
    endloop
  endfacet
  facet normal -1.517661e-01 7.912679e-01 5.923361e-01
    outer loop
      vertex   -8.020371e+02 4.818646e+02 -4.979474e+01
      vertex   -8.020371e+02 4.815226e+02 -4.933786e+01
      vertex   -8.019768e+02 4.816645e+02 -4.951191e+01
    endloop
  endfacet
  facet normal 3.096075e-02 6.000434e-01 7.993681e-01
    outer loop
      vertex   -8.017353e+02 4.810974e+02 -4.893064e+01
      vertex   -8.020371e+02 4.806622e+02 -4.859229e+01
      vertex   -8.020246e+02 4.806579e+02 -4.858959e+01
    endloop
  endfacet
  facet normal -2.681346e-02 4.790766e-01 8.773635e-01
    outer loop
      vertex   -8.020246e+02 4.806579e+02 -4.858959e+01
      vertex   -8.020371e+02 4.806622e+02 -4.859229e+01
      vertex   -8.020371e+02 4.801613e+02 -4.831878e+01
    endloop
  endfacet
  facet normal 3.756692e-02 4.776585e-01 8.777420e-01
    outer loop
      vertex   -8.020246e+02 4.806579e+02 -4.858959e+01
      vertex   -8.020371e+02 4.801613e+02 -4.831878e+01
      vertex   -8.015714e+02 4.804224e+02 -4.848078e+01
    endloop
  endfacet
  facet normal 7.803001e-02 4.214541e-01 9.034864e-01
    outer loop
      vertex   -8.015714e+02 4.804224e+02 -4.848078e+01
      vertex   -8.020371e+02 4.801613e+02 -4.831878e+01
      vertex   -8.019038e+02 4.799522e+02 -4.823275e+01
    endloop
  endfacet
  facet normal 1.276901e-01 3.906471e-01 9.116414e-01
    outer loop
      vertex   -8.015714e+02 4.804224e+02 -4.848078e+01
      vertex   -8.019038e+02 4.799522e+02 -4.823275e+01
      vertex   -8.011449e+02 4.801284e+02 -4.841454e+01
    endloop
  endfacet
  facet normal 1.276901e-01 3.906471e-01 9.116414e-01
    outer loop
      vertex   -8.011449e+02 4.801284e+02 -4.841454e+01
      vertex   -8.019038e+02 4.799522e+02 -4.823275e+01
      vertex   -8.015176e+02 4.796860e+02 -4.817277e+01
    endloop
  endfacet
  facet normal 2.256294e-01 3.139236e-01 9.222491e-01
    outer loop
      vertex   -8.011449e+02 4.801284e+02 -4.841454e+01
      vertex   -8.015176e+02 4.796860e+02 -4.817277e+01
      vertex   -8.007544e+02 4.797823e+02 -4.839230e+01
    endloop
  endfacet
  facet normal -5.637899e-02 3.489082e-01 9.354595e-01
    outer loop
      vertex   -8.020371e+02 4.801613e+02 -4.831878e+01
      vertex   -8.020371e+02 4.796265e+02 -4.811933e+01
      vertex   -8.019038e+02 4.799522e+02 -4.823275e+01
    endloop
  endfacet
  facet normal 6.282594e-02 3.052400e-01 9.502007e-01
    outer loop
      vertex   -8.019038e+02 4.799522e+02 -4.823275e+01
      vertex   -8.020371e+02 4.796265e+02 -4.811933e+01
      vertex   -8.015176e+02 4.796860e+02 -4.817277e+01
    endloop
  endfacet
  facet normal 5.513059e-02 1.258915e-01 9.905110e-01
    outer loop
      vertex   -8.019031e+02 4.792145e+02 -4.802398e+01
      vertex   -8.020371e+02 4.790689e+02 -4.799802e+01
      vertex   -8.015952e+02 4.789416e+02 -4.800644e+01
    endloop
  endfacet
  facet normal 7.341897e-01 6.372059e-01 2.343801e-01
    outer loop
      vertex   -7.992442e+02 4.812925e+02 -5.132516e+01
      vertex   -7.993484e+02 4.811884e+02 -5.071576e+01
      vertex   -7.988933e+02 4.808964e+02 -5.134772e+01
    endloop
  endfacet
  facet normal 7.341897e-01 6.372059e-01 2.343801e-01
    outer loop
      vertex   -7.988933e+02 4.808964e+02 -5.134772e+01
      vertex   -7.993484e+02 4.811884e+02 -5.071576e+01
      vertex   -7.989748e+02 4.807667e+02 -5.073977e+01
    endloop
  endfacet
  facet normal 8.184704e-01 5.296211e-01 2.227277e-01
    outer loop
      vertex   -7.988933e+02 4.808964e+02 -5.134772e+01
      vertex   -7.989748e+02 4.807667e+02 -5.073977e+01
      vertex   -7.985951e+02 4.804639e+02 -5.141491e+01
    endloop
  endfacet
  facet normal 8.184704e-01 5.296211e-01 2.227277e-01
    outer loop
      vertex   -7.985951e+02 4.804639e+02 -5.141491e+01
      vertex   -7.989748e+02 4.807667e+02 -5.073977e+01
      vertex   -7.986574e+02 4.803063e+02 -5.081130e+01
    endloop
  endfacet
  facet normal 8.882083e-01 4.137817e-01 1.996766e-01
    outer loop
      vertex   -7.985951e+02 4.804639e+02 -5.141491e+01
      vertex   -7.986574e+02 4.803063e+02 -5.081130e+01
      vertex   -7.983562e+02 4.800042e+02 -5.152527e+01
    endloop
  endfacet
  facet normal 8.882083e-01 4.137817e-01 1.996766e-01
    outer loop
      vertex   -7.983562e+02 4.800042e+02 -5.152527e+01
      vertex   -7.986574e+02 4.803063e+02 -5.081130e+01
      vertex   -7.984030e+02 4.798169e+02 -5.092877e+01
    endloop
  endfacet
  facet normal 9.417116e-01 2.926904e-01 1.658660e-01
    outer loop
      vertex   -7.983562e+02 4.800042e+02 -5.152527e+01
      vertex   -7.984030e+02 4.798169e+02 -5.092877e+01
      vertex   -7.981827e+02 4.795312e+02 -5.167508e+01
    endloop
  endfacet
  facet normal 9.417458e-01 2.925427e-01 1.659326e-01
    outer loop
      vertex   -7.981827e+02 4.795312e+02 -5.167508e+01
      vertex   -7.984030e+02 4.798169e+02 -5.092877e+01
      vertex   -7.982182e+02 4.793125e+02 -5.108857e+01
    endloop
  endfacet
  facet normal 9.782314e-01 1.680707e-01 1.217196e-01
    outer loop
      vertex   -7.981827e+02 4.795312e+02 -5.167508e+01
      vertex   -7.982182e+02 4.793125e+02 -5.108857e+01
      vertex   -7.980754e+02 4.790441e+02 -5.186499e+01
    endloop
  endfacet
  facet normal 9.782509e-01 1.679155e-01 1.217768e-01
    outer loop
      vertex   -7.980754e+02 4.790441e+02 -5.186499e+01
      vertex   -7.982182e+02 4.793125e+02 -5.108857e+01
      vertex   -7.981042e+02 4.787949e+02 -5.129040e+01
    endloop
  endfacet
  facet normal 7.021180e-01 6.003260e-01 3.829347e-01
    outer loop
      vertex   -7.993484e+02 4.811884e+02 -5.071576e+01
      vertex   -7.995186e+02 4.810182e+02 -5.013685e+01
      vertex   -7.989748e+02 4.807667e+02 -5.073977e+01
    endloop
  endfacet
  facet normal 7.021180e-01 6.003260e-01 3.829347e-01
    outer loop
      vertex   -7.989748e+02 4.807667e+02 -5.073977e+01
      vertex   -7.995186e+02 4.810182e+02 -5.013685e+01
      vertex   -7.991315e+02 4.805813e+02 -5.016173e+01
    endloop
  endfacet
  facet normal 7.905767e-01 4.874079e-01 3.707047e-01
    outer loop
      vertex   -7.989748e+02 4.807667e+02 -5.073977e+01
      vertex   -7.991315e+02 4.805813e+02 -5.016173e+01
      vertex   -7.986574e+02 4.803063e+02 -5.081130e+01
    endloop
  endfacet
  facet normal 7.905767e-01 4.874079e-01 3.707047e-01
    outer loop
      vertex   -7.986574e+02 4.803063e+02 -5.081130e+01
      vertex   -7.991315e+02 4.805813e+02 -5.016173e+01
      vertex   -7.988027e+02 4.801043e+02 -5.023583e+01
    endloop
  endfacet
  facet normal 8.637717e-01 3.658260e-01 3.465109e-01
    outer loop
      vertex   -7.986574e+02 4.803063e+02 -5.081130e+01
      vertex   -7.988027e+02 4.801043e+02 -5.023583e+01
      vertex   -7.984030e+02 4.798169e+02 -5.092877e+01
    endloop
  endfacet
  facet normal 8.637717e-01 3.658260e-01 3.465109e-01
    outer loop
      vertex   -7.984030e+02 4.798169e+02 -5.092877e+01
      vertex   -7.988027e+02 4.801043e+02 -5.023583e+01
      vertex   -7.985392e+02 4.795973e+02 -5.035754e+01
    endloop
  endfacet
  facet normal 9.199712e-01 2.386112e-01 3.109948e-01
    outer loop
      vertex   -7.984030e+02 4.798169e+02 -5.092877e+01
      vertex   -7.985392e+02 4.795973e+02 -5.035754e+01
      vertex   -7.982182e+02 4.793125e+02 -5.108857e+01
    endloop
  endfacet
  facet normal 9.199892e-01 2.384492e-01 3.110658e-01
    outer loop
      vertex   -7.982182e+02 4.793125e+02 -5.108857e+01
      vertex   -7.985392e+02 4.795973e+02 -5.035754e+01
      vertex   -7.983473e+02 4.790737e+02 -5.052344e+01
    endloop
  endfacet
  facet normal 9.583022e-01 1.078215e-01 2.646346e-01
    outer loop
      vertex   -7.982182e+02 4.793125e+02 -5.108857e+01
      vertex   -7.983473e+02 4.790737e+02 -5.052344e+01
      vertex   -7.981042e+02 4.787949e+02 -5.129040e+01
    endloop
  endfacet
  facet normal 9.583040e-01 1.076540e-01 2.646962e-01
    outer loop
      vertex   -7.981042e+02 4.787949e+02 -5.129040e+01
      vertex   -7.983473e+02 4.790737e+02 -5.052344e+01
      vertex   -7.982295e+02 4.785384e+02 -5.073220e+01
    endloop
  endfacet
  facet normal 6.372010e-01 7.341940e-01 2.343801e-01
    outer loop
      vertex   -7.993484e+02 4.811884e+02 -5.071576e+01
      vertex   -7.992442e+02 4.812925e+02 -5.132516e+01
      vertex   -7.997700e+02 4.815620e+02 -5.073977e+01
    endloop
  endfacet
  facet normal 6.372010e-01 7.341940e-01 2.343801e-01
    outer loop
      vertex   -7.997700e+02 4.815620e+02 -5.073977e+01
      vertex   -7.992442e+02 4.812925e+02 -5.132516e+01
      vertex   -7.996403e+02 4.816435e+02 -5.134772e+01
    endloop
  endfacet
  facet normal 5.296157e-01 8.184740e-01 2.227277e-01
    outer loop
      vertex   -7.997700e+02 4.815620e+02 -5.073977e+01
      vertex   -7.996403e+02 4.816435e+02 -5.134772e+01
      vertex   -8.002305e+02 4.818794e+02 -5.081130e+01
    endloop
  endfacet
  facet normal 5.296157e-01 8.184740e-01 2.227277e-01
    outer loop
      vertex   -8.002305e+02 4.818794e+02 -5.081130e+01
      vertex   -7.996403e+02 4.816435e+02 -5.134772e+01
      vertex   -8.000729e+02 4.819417e+02 -5.141491e+01
    endloop
  endfacet
  facet normal 4.137758e-01 8.882110e-01 1.996766e-01
    outer loop
      vertex   -8.002305e+02 4.818794e+02 -5.081130e+01
      vertex   -8.000729e+02 4.819417e+02 -5.141491e+01
      vertex   -8.007198e+02 4.821337e+02 -5.092877e+01
    endloop
  endfacet
  facet normal 4.137758e-01 8.882110e-01 1.996766e-01
    outer loop
      vertex   -8.007198e+02 4.821337e+02 -5.092877e+01
      vertex   -8.000729e+02 4.819417e+02 -5.141491e+01
      vertex   -8.005326e+02 4.821806e+02 -5.152527e+01
    endloop
  endfacet
  facet normal 2.926841e-01 9.417136e-01 1.658660e-01
    outer loop
      vertex   -8.007198e+02 4.821337e+02 -5.092877e+01
      vertex   -8.005326e+02 4.821806e+02 -5.152527e+01
      vertex   -8.010056e+02 4.823540e+02 -5.167508e+01
    endloop
  endfacet
  facet normal 6.528953e-01 5.487850e-01 5.220755e-01
    outer loop
      vertex   -7.995186e+02 4.810182e+02 -5.013685e+01
      vertex   -7.997507e+02 4.807861e+02 -4.960267e+01
      vertex   -7.991315e+02 4.805813e+02 -5.016173e+01
    endloop
  endfacet
  facet normal 6.528953e-01 5.487850e-01 5.220755e-01
    outer loop
      vertex   -7.991315e+02 4.805813e+02 -5.016173e+01
      vertex   -7.997507e+02 4.807861e+02 -4.960267e+01
      vertex   -7.993597e+02 4.803448e+02 -4.962780e+01
    endloop
  endfacet
  facet normal 7.433683e-01 4.332957e-01 5.095670e-01
    outer loop
      vertex   -7.991315e+02 4.805813e+02 -5.016173e+01
      vertex   -7.993597e+02 4.803448e+02 -4.962780e+01
      vertex   -7.988027e+02 4.801043e+02 -5.023583e+01
    endloop
  endfacet
  facet normal 7.433683e-01 4.332957e-01 5.095670e-01
    outer loop
      vertex   -7.988027e+02 4.801043e+02 -5.023583e+01
      vertex   -7.993597e+02 4.803448e+02 -4.962780e+01
      vertex   -7.990274e+02 4.798629e+02 -4.970266e+01
    endloop
  endfacet
  facet normal 8.182299e-01 3.089452e-01 4.848223e-01
    outer loop
      vertex   -7.988027e+02 4.801043e+02 -5.023583e+01
      vertex   -7.990274e+02 4.798629e+02 -4.970266e+01
      vertex   -7.985392e+02 4.795973e+02 -5.035754e+01
    endloop
  endfacet
  facet normal 8.182299e-01 3.089452e-01 4.848223e-01
    outer loop
      vertex   -7.985392e+02 4.795973e+02 -5.035754e+01
      vertex   -7.990274e+02 4.798629e+02 -4.970266e+01
      vertex   -7.987612e+02 4.793507e+02 -4.982561e+01
    endloop
  endfacet
  facet normal 8.757524e-01 1.787107e-01 4.484642e-01
    outer loop
      vertex   -7.985392e+02 4.795973e+02 -5.035754e+01
      vertex   -7.987612e+02 4.793507e+02 -4.982561e+01
      vertex   -7.983473e+02 4.790737e+02 -5.052344e+01
    endloop
  endfacet
  facet normal 6.003213e-01 7.021220e-01 3.829347e-01
    outer loop
      vertex   -7.995186e+02 4.810182e+02 -5.013685e+01
      vertex   -7.993484e+02 4.811884e+02 -5.071576e+01
      vertex   -7.999554e+02 4.814052e+02 -5.016173e+01
    endloop
  endfacet
  facet normal 6.003213e-01 7.021220e-01 3.829347e-01
    outer loop
      vertex   -7.999554e+02 4.814052e+02 -5.016173e+01
      vertex   -7.993484e+02 4.811884e+02 -5.071576e+01
      vertex   -7.997700e+02 4.815620e+02 -5.073977e+01
    endloop
  endfacet
  facet normal 4.874026e-01 7.905800e-01 3.707047e-01
    outer loop
      vertex   -7.999554e+02 4.814052e+02 -5.016173e+01
      vertex   -7.997700e+02 4.815620e+02 -5.073977e+01
      vertex   -8.004325e+02 4.817341e+02 -5.023583e+01
    endloop
  endfacet
  facet normal 4.874026e-01 7.905800e-01 3.707047e-01
    outer loop
      vertex   -8.004325e+02 4.817341e+02 -5.023583e+01
      vertex   -7.997700e+02 4.815620e+02 -5.073977e+01
      vertex   -8.002305e+02 4.818794e+02 -5.081130e+01
    endloop
  endfacet
  facet normal 3.658202e-01 8.637741e-01 3.465109e-01
    outer loop
      vertex   -8.004325e+02 4.817341e+02 -5.023583e+01
      vertex   -8.002305e+02 4.818794e+02 -5.081130e+01
      vertex   -8.009394e+02 4.819976e+02 -5.035754e+01
    endloop
  endfacet
  facet normal 3.658202e-01 8.637741e-01 3.465109e-01
    outer loop
      vertex   -8.009394e+02 4.819976e+02 -5.035754e+01
      vertex   -8.002305e+02 4.818794e+02 -5.081130e+01
      vertex   -8.007198e+02 4.821337e+02 -5.092877e+01
    endloop
  endfacet
  facet normal 2.386050e-01 9.199728e-01 3.109948e-01
    outer loop
      vertex   -8.009394e+02 4.819976e+02 -5.035754e+01
      vertex   -8.007198e+02 4.821337e+02 -5.092877e+01
      vertex   -8.012243e+02 4.823186e+02 -5.108857e+01
    endloop
  endfacet
  facet normal 2.925364e-01 9.417478e-01 1.659326e-01
    outer loop
      vertex   -8.012243e+02 4.823186e+02 -5.108857e+01
      vertex   -8.007198e+02 4.821337e+02 -5.092877e+01
      vertex   -8.010056e+02 4.823540e+02 -5.167508e+01
    endloop
  endfacet
  facet normal 1.680642e-01 9.782325e-01 1.217196e-01
    outer loop
      vertex   -8.012243e+02 4.823186e+02 -5.108857e+01
      vertex   -8.010056e+02 4.823540e+02 -5.167508e+01
      vertex   -8.014927e+02 4.824613e+02 -5.186499e+01
    endloop
  endfacet
  facet normal 5.487806e-01 6.528990e-01 5.220755e-01
    outer loop
      vertex   -7.997507e+02 4.807861e+02 -4.960267e+01
      vertex   -7.995186e+02 4.810182e+02 -5.013685e+01
      vertex   -8.001920e+02 4.811771e+02 -4.962780e+01
    endloop
  endfacet
  facet normal 5.487806e-01 6.528990e-01 5.220755e-01
    outer loop
      vertex   -8.001920e+02 4.811771e+02 -4.962780e+01
      vertex   -7.995186e+02 4.810182e+02 -5.013685e+01
      vertex   -7.999554e+02 4.814052e+02 -5.016173e+01
    endloop
  endfacet
  facet normal 4.332907e-01 7.433711e-01 5.095670e-01
    outer loop
      vertex   -8.001920e+02 4.811771e+02 -4.962780e+01
      vertex   -7.999554e+02 4.814052e+02 -5.016173e+01
      vertex   -8.006739e+02 4.815093e+02 -4.970266e+01
    endloop
  endfacet
  facet normal 4.332907e-01 7.433711e-01 5.095670e-01
    outer loop
      vertex   -8.006739e+02 4.815093e+02 -4.970266e+01
      vertex   -7.999554e+02 4.814052e+02 -5.016173e+01
      vertex   -8.004325e+02 4.817341e+02 -5.023583e+01
    endloop
  endfacet
  facet normal 3.089398e-01 8.182320e-01 4.848223e-01
    outer loop
      vertex   -8.006739e+02 4.815093e+02 -4.970266e+01
      vertex   -8.004325e+02 4.817341e+02 -5.023583e+01
      vertex   -8.011860e+02 4.817755e+02 -4.982561e+01
    endloop
  endfacet
  facet normal 3.089398e-01 8.182320e-01 4.848223e-01
    outer loop
      vertex   -8.011860e+02 4.817755e+02 -4.982561e+01
      vertex   -8.004325e+02 4.817341e+02 -5.023583e+01
      vertex   -8.009394e+02 4.819976e+02 -5.035754e+01
    endloop
  endfacet
  facet normal 1.787049e-01 8.757536e-01 4.484642e-01
    outer loop
      vertex   -8.011860e+02 4.817755e+02 -4.982561e+01
      vertex   -8.009394e+02 4.819976e+02 -5.035754e+01
      vertex   -8.014630e+02 4.821894e+02 -5.052344e+01
    endloop
  endfacet
  facet normal 2.384431e-01 9.199908e-01 3.110658e-01
    outer loop
      vertex   -8.014630e+02 4.821894e+02 -5.052344e+01
      vertex   -8.009394e+02 4.819976e+02 -5.035754e+01
      vertex   -8.012243e+02 4.823186e+02 -5.108857e+01
    endloop
  endfacet
  facet normal 1.078151e-01 9.583029e-01 2.646346e-01
    outer loop
      vertex   -8.014630e+02 4.821894e+02 -5.052344e+01
      vertex   -8.012243e+02 4.823186e+02 -5.108857e+01
      vertex   -8.017419e+02 4.824326e+02 -5.129040e+01
    endloop
  endfacet
  facet normal 1.679090e-01 9.782520e-01 1.217768e-01
    outer loop
      vertex   -8.017419e+02 4.824326e+02 -5.129040e+01
      vertex   -8.012243e+02 4.823186e+02 -5.108857e+01
      vertex   -8.014927e+02 4.824613e+02 -5.186499e+01
    endloop
  endfacet
  facet normal 5.081789e-01 4.070594e-01 7.589841e-01
    outer loop
      vertex   -8.000389e+02 4.804978e+02 -4.912633e+01
      vertex   -8.003763e+02 4.801605e+02 -4.871954e+01
      vertex   -7.996536e+02 4.800629e+02 -4.915110e+01
    endloop
  endfacet
  facet normal 5.081789e-01 4.070594e-01 7.589841e-01
    outer loop
      vertex   -7.996536e+02 4.800629e+02 -4.915110e+01
      vertex   -8.003763e+02 4.801605e+02 -4.871954e+01
      vertex   -8.000060e+02 4.797426e+02 -4.874334e+01
    endloop
  endfacet
  facet normal 5.960520e-01 2.948887e-01 7.468351e-01
    outer loop
      vertex   -7.996536e+02 4.800629e+02 -4.915110e+01
      vertex   -8.000060e+02 4.797426e+02 -4.874334e+01
      vertex   -7.993261e+02 4.795880e+02 -4.922488e+01
    endloop
  endfacet
  facet normal 3.202902e-01 4.161755e-01 8.510065e-01
    outer loop
      vertex   -8.011449e+02 4.801284e+02 -4.841454e+01
      vertex   -8.007544e+02 4.797823e+02 -4.839230e+01
      vertex   -8.003763e+02 4.801605e+02 -4.871954e+01
    endloop
  endfacet
  facet normal 4.161734e-01 3.202929e-01 8.510065e-01
    outer loop
      vertex   -8.003763e+02 4.801605e+02 -4.871954e+01
      vertex   -8.007544e+02 4.797823e+02 -4.839230e+01
      vertex   -8.000060e+02 4.797426e+02 -4.874334e+01
    endloop
  endfacet
  facet normal 4.070560e-01 5.081816e-01 7.589841e-01
    outer loop
      vertex   -8.003763e+02 4.801605e+02 -4.871954e+01
      vertex   -8.000389e+02 4.804978e+02 -4.912633e+01
      vertex   -8.007941e+02 4.805307e+02 -4.874334e+01
    endloop
  endfacet
  facet normal 4.070560e-01 5.081816e-01 7.589841e-01
    outer loop
      vertex   -8.007941e+02 4.805307e+02 -4.874334e+01
      vertex   -8.000389e+02 4.804978e+02 -4.912633e+01
      vertex   -8.004738e+02 4.808832e+02 -4.915110e+01
    endloop
  endfacet
  facet normal 2.948848e-01 5.960540e-01 7.468351e-01
    outer loop
      vertex   -8.007941e+02 4.805307e+02 -4.874334e+01
      vertex   -8.004738e+02 4.808832e+02 -4.915110e+01
      vertex   -8.012504e+02 4.808453e+02 -4.881422e+01
    endloop
  endfacet
  facet normal 2.948848e-01 5.960540e-01 7.468351e-01
    outer loop
      vertex   -8.012504e+02 4.808453e+02 -4.881422e+01
      vertex   -8.004738e+02 4.808832e+02 -4.915110e+01
      vertex   -8.009488e+02 4.812106e+02 -4.922488e+01
    endloop
  endfacet
  facet normal 1.741072e-01 6.687636e-01 7.228014e-01
    outer loop
      vertex   -8.012504e+02 4.808453e+02 -4.881422e+01
      vertex   -8.009488e+02 4.812106e+02 -4.922488e+01
      vertex   -8.017353e+02 4.810974e+02 -4.893064e+01
    endloop
  endfacet
  facet normal 1.741072e-01 6.687636e-01 7.228014e-01
    outer loop
      vertex   -8.017353e+02 4.810974e+02 -4.893064e+01
      vertex   -8.009488e+02 4.812106e+02 -4.922488e+01
      vertex   -8.014535e+02 4.814730e+02 -4.934605e+01
    endloop
  endfacet
  facet normal 2.038959e-01 1.253657e-01 9.709325e-01
    outer loop
      vertex   -8.013223e+02 4.786336e+02 -4.802398e+01
      vertex   -8.008508e+02 4.790191e+02 -4.817277e+01
      vertex   -8.015952e+02 4.789416e+02 -4.800644e+01
    endloop
  endfacet
  facet normal 2.038959e-01 1.253657e-01 9.709325e-01
    outer loop
      vertex   -8.015952e+02 4.789416e+02 -4.800644e+01
      vertex   -8.008508e+02 4.790191e+02 -4.817277e+01
      vertex   -8.011641e+02 4.793727e+02 -4.815263e+01
    endloop
  endfacet
  facet normal 1.253643e-01 2.038968e-01 9.709325e-01
    outer loop
      vertex   -8.015952e+02 4.789416e+02 -4.800644e+01
      vertex   -8.011641e+02 4.793727e+02 -4.815263e+01
      vertex   -8.019031e+02 4.792145e+02 -4.802398e+01
    endloop
  endfacet
  facet normal 3.139221e-01 2.256315e-01 9.222491e-01
    outer loop
      vertex   -8.011641e+02 4.793727e+02 -4.815263e+01
      vertex   -8.008508e+02 4.790191e+02 -4.817277e+01
      vertex   -8.004084e+02 4.793918e+02 -4.841454e+01
    endloop
  endfacet
  facet normal 3.906462e-01 1.276927e-01 9.116414e-01
    outer loop
      vertex   -8.004084e+02 4.793918e+02 -4.841454e+01
      vertex   -8.008508e+02 4.790191e+02 -4.817277e+01
      vertex   -8.001144e+02 4.789653e+02 -4.848078e+01
    endloop
  endfacet
  facet normal 4.994934e-01 2.139344e-01 8.394870e-01
    outer loop
      vertex   -8.004084e+02 4.793918e+02 -4.841454e+01
      vertex   -8.001144e+02 4.789653e+02 -4.848078e+01
      vertex   -7.996915e+02 4.792863e+02 -4.881422e+01
    endloop
  endfacet
  facet normal 5.684364e-01 9.941534e-02 8.166986e-01
    outer loop
      vertex   -7.996915e+02 4.792863e+02 -4.881422e+01
      vertex   -8.001144e+02 4.789653e+02 -4.848078e+01
      vertex   -7.994394e+02 4.788014e+02 -4.893064e+01
    endloop
  endfacet
  facet normal 6.687625e-01 1.741116e-01 7.228014e-01
    outer loop
      vertex   -7.996915e+02 4.792863e+02 -4.881422e+01
      vertex   -7.994394e+02 4.788014e+02 -4.893064e+01
      vertex   -7.990638e+02 4.790832e+02 -4.934605e+01
    endloop
  endfacet
  facet normal 5.684364e-01 9.941534e-02 8.166986e-01
    outer loop
      vertex   -7.998788e+02 4.785122e+02 -4.858959e+01
      vertex   -7.994394e+02 4.788014e+02 -4.893064e+01
      vertex   -8.001144e+02 4.789653e+02 -4.848078e+01
    endloop
  endfacet
  facet normal 2.139311e-01 4.994948e-01 8.394870e-01
    outer loop
      vertex   -8.015714e+02 4.804224e+02 -4.848078e+01
      vertex   -8.011449e+02 4.801284e+02 -4.841454e+01
      vertex   -8.007941e+02 4.805307e+02 -4.874334e+01
    endloop
  endfacet
  facet normal 3.202902e-01 4.161755e-01 8.510065e-01
    outer loop
      vertex   -8.007941e+02 4.805307e+02 -4.874334e+01
      vertex   -8.011449e+02 4.801284e+02 -4.841454e+01
      vertex   -8.003763e+02 4.801605e+02 -4.871954e+01
    endloop
  endfacet
  facet normal 2.139311e-01 4.994948e-01 8.394870e-01
    outer loop
      vertex   -8.015714e+02 4.804224e+02 -4.848078e+01
      vertex   -8.007941e+02 4.805307e+02 -4.874334e+01
      vertex   -8.012504e+02 4.808453e+02 -4.881422e+01
    endloop
  endfacet
  facet normal 9.941154e-02 5.684371e-01 8.166986e-01
    outer loop
      vertex   -8.020246e+02 4.806579e+02 -4.858959e+01
      vertex   -8.015714e+02 4.804224e+02 -4.848078e+01
      vertex   -8.012504e+02 4.808453e+02 -4.881422e+01
    endloop
  endfacet
  facet normal 9.941154e-02 5.684371e-01 8.166986e-01
    outer loop
      vertex   -8.020246e+02 4.806579e+02 -4.858959e+01
      vertex   -8.012504e+02 4.808453e+02 -4.881422e+01
      vertex   -8.017353e+02 4.810974e+02 -4.893064e+01
    endloop
  endfacet
  facet normal 1.076476e-01 9.583047e-01 2.646962e-01
    outer loop
      vertex   -8.019984e+02 4.823072e+02 -5.073220e+01
      vertex   -8.014630e+02 4.821894e+02 -5.052344e+01
      vertex   -8.017419e+02 4.824326e+02 -5.129040e+01
    endloop
  endfacet
  facet normal -7.133584e-02 -9.974522e-01 -5.807353e-04
    outer loop
      vertex   -9.696058e+02 3.175398e+02 -5.195730e+01
      vertex   -9.696623e+02 3.175483e+02 -5.967430e+01
      vertex   -9.690366e+02 3.174991e+02 -5.195730e+01
    endloop
  endfacet
  facet normal -8.438767e-02 -9.964329e-01 4.840856e-04
    outer loop
      vertex   -9.690366e+02 3.174991e+02 -5.195730e+01
      vertex   -9.696623e+02 3.175483e+02 -5.967430e+01
      vertex   -9.696058e+02 3.175398e+02 -6.739130e+01
    endloop
  endfacet
  facet normal -7.133585e-02 -9.974524e-01 -0.000000e+00
    outer loop
      vertex   -9.690366e+02 3.174991e+02 -5.195730e+01
      vertex   -9.696058e+02 3.175398e+02 -6.739130e+01
      vertex   -9.690366e+02 3.174991e+02 -6.739130e+01
    endloop
  endfacet
  facet normal -2.125620e-01 -9.771475e-01 4.753086e-04
    outer loop
      vertex   -9.696058e+02 3.175398e+02 -5.195730e+01
      vertex   -9.701635e+02 3.176611e+02 -5.195730e+01
      vertex   -9.696623e+02 3.175483e+02 -5.967430e+01
    endloop
  endfacet
  facet normal -2.334420e-01 -9.723703e-01 -9.505927e-04
    outer loop
      vertex   -9.696623e+02 3.175483e+02 -5.967430e+01
      vertex   -9.701635e+02 3.176611e+02 -5.195730e+01
      vertex   -9.702727e+02 3.176948e+02 -5.967430e+01
    endloop
  endfacet
  facet normal -2.334420e-01 -9.723703e-01 9.505927e-04
    outer loop
      vertex   -9.696623e+02 3.175483e+02 -5.967430e+01
      vertex   -9.702727e+02 3.176948e+02 -5.967430e+01
      vertex   -9.701635e+02 3.176611e+02 -6.739130e+01
    endloop
  endfacet
  facet normal -3.494609e-01 -9.369506e-01 -8.450935e-04
    outer loop
      vertex   -9.701635e+02 3.176611e+02 -6.739130e+01
      vertex   -9.702727e+02 3.176948e+02 -5.967430e+01
      vertex   -9.706982e+02 3.178605e+02 -6.739130e+01
    endloop
  endfacet
  facet normal -3.826800e-01 -9.238801e-01 1.267586e-03
    outer loop
      vertex   -9.706982e+02 3.178605e+02 -6.739130e+01
      vertex   -9.702727e+02 3.176948e+02 -5.967430e+01
      vertex   -9.708525e+02 3.179350e+02 -5.967430e+01
    endloop
  endfacet
  facet normal -4.792458e-01 -8.776801e-01 -1.109279e-03
    outer loop
      vertex   -9.706982e+02 3.178605e+02 -6.739130e+01
      vertex   -9.708525e+02 3.179350e+02 -5.967430e+01
      vertex   -9.711991e+02 3.181340e+02 -6.739130e+01
    endloop
  endfacet
  facet normal -5.224951e-01 -8.526410e-01 1.478950e-03
    outer loop
      vertex   -9.711991e+02 3.181340e+02 -6.739130e+01
      vertex   -9.708525e+02 3.179350e+02 -5.967430e+01
      vertex   -9.713877e+02 3.182630e+02 -5.967430e+01
    endloop
  endfacet
  facet normal -5.992745e-01 -8.005426e-01 -1.267812e-03
    outer loop
      vertex   -9.711991e+02 3.181340e+02 -6.739130e+01
      vertex   -9.713877e+02 3.182630e+02 -5.967430e+01
      vertex   -9.716560e+02 3.184760e+02 -6.739130e+01
    endloop
  endfacet
  facet normal -6.494447e-01 -7.604072e-01 1.584643e-03
    outer loop
      vertex   -9.716560e+02 3.184760e+02 -6.739130e+01
      vertex   -9.713877e+02 3.182630e+02 -5.967430e+01
      vertex   -9.718650e+02 3.186706e+02 -5.967430e+01
    endloop
  endfacet
  facet normal -7.071038e-01 -7.071085e-01 -1.320660e-03
    outer loop
      vertex   -9.716560e+02 3.184760e+02 -6.739130e+01
      vertex   -9.718650e+02 3.186706e+02 -5.967430e+01
      vertex   -9.720596e+02 3.188796e+02 -6.739130e+01
    endloop
  endfacet
  facet normal -7.604028e-01 -6.494498e-01 1.584643e-03
    outer loop
      vertex   -9.720596e+02 3.188796e+02 -6.739130e+01
      vertex   -9.718650e+02 3.186706e+02 -5.967430e+01
      vertex   -9.722727e+02 3.191479e+02 -5.967430e+01
    endloop
  endfacet
  facet normal -8.005386e-01 -5.992799e-01 -1.267812e-03
    outer loop
      vertex   -9.720596e+02 3.188796e+02 -6.739130e+01
      vertex   -9.722727e+02 3.191479e+02 -5.967430e+01
      vertex   -9.724016e+02 3.193365e+02 -6.739130e+01
    endloop
  endfacet
  facet normal -8.526375e-01 -5.225008e-01 1.478950e-03
    outer loop
      vertex   -9.724016e+02 3.193365e+02 -6.739130e+01
      vertex   -9.722727e+02 3.191479e+02 -5.967430e+01
      vertex   -9.726006e+02 3.196831e+02 -5.967430e+01
    endloop
  endfacet
  facet normal -8.776768e-01 -4.792516e-01 -1.109279e-03
    outer loop
      vertex   -9.724016e+02 3.193365e+02 -6.739130e+01
      vertex   -9.726006e+02 3.196831e+02 -5.967430e+01
      vertex   -9.726751e+02 3.198374e+02 -6.739130e+01
    endloop
  endfacet
  facet normal -9.238775e-01 -3.826862e-01 1.267586e-03
    outer loop
      vertex   -9.726751e+02 3.198374e+02 -6.739130e+01
      vertex   -9.726006e+02 3.196831e+02 -5.967430e+01
      vertex   -9.728408e+02 3.202630e+02 -5.967430e+01
    endloop
  endfacet
  facet normal -9.369482e-01 -3.494672e-01 -8.450935e-04
    outer loop
      vertex   -9.726751e+02 3.198374e+02 -6.739130e+01
      vertex   -9.728408e+02 3.202630e+02 -5.967430e+01
      vertex   -9.728746e+02 3.203721e+02 -6.739130e+01
    endloop
  endfacet
  facet normal -9.723687e-01 -2.334485e-01 9.505927e-04
    outer loop
      vertex   -9.728746e+02 3.203721e+02 -6.739130e+01
      vertex   -9.728408e+02 3.202630e+02 -5.967430e+01
      vertex   -9.729873e+02 3.208733e+02 -5.967430e+01
    endloop
  endfacet
  facet normal -9.771460e-01 -2.125685e-01 -4.753086e-04
    outer loop
      vertex   -9.728746e+02 3.203721e+02 -6.739130e+01
      vertex   -9.729873e+02 3.208733e+02 -5.967430e+01
      vertex   -9.729959e+02 3.209298e+02 -6.739130e+01
    endloop
  endfacet
  facet normal -9.974517e-01 -7.134250e-02 5.807353e-04
    outer loop
      vertex   -9.729959e+02 3.209298e+02 -6.739130e+01
      vertex   -9.729873e+02 3.208733e+02 -5.967430e+01
      vertex   -9.730366e+02 3.214990e+02 -6.739130e+01
    endloop
  endfacet
  facet normal -9.964323e-01 -8.439433e-02 -4.840856e-04
    outer loop
      vertex   -9.730366e+02 3.214990e+02 -6.739130e+01
      vertex   -9.729873e+02 3.208733e+02 -5.967430e+01
      vertex   -9.729959e+02 3.209298e+02 -5.195730e+01
    endloop
  endfacet
  facet normal -9.974519e-01 -7.134252e-02 0.000000e+00
    outer loop
      vertex   -9.730366e+02 3.214990e+02 -6.739130e+01
      vertex   -9.729959e+02 3.209298e+02 -5.195730e+01
      vertex   -9.730366e+02 3.214990e+02 -5.195730e+01
    endloop
  endfacet
  facet normal -3.494609e-01 -9.369506e-01 8.450935e-04
    outer loop
      vertex   -9.701635e+02 3.176611e+02 -5.195730e+01
      vertex   -9.706982e+02 3.178605e+02 -5.195730e+01
      vertex   -9.702727e+02 3.176948e+02 -5.967430e+01
    endloop
  endfacet
  facet normal -3.826800e-01 -9.238801e-01 -1.267586e-03
    outer loop
      vertex   -9.702727e+02 3.176948e+02 -5.967430e+01
      vertex   -9.706982e+02 3.178605e+02 -5.195730e+01
      vertex   -9.708525e+02 3.179350e+02 -5.967430e+01
    endloop
  endfacet
  facet normal -4.792458e-01 -8.776801e-01 1.109279e-03
    outer loop
      vertex   -9.706982e+02 3.178605e+02 -5.195730e+01
      vertex   -9.711991e+02 3.181340e+02 -5.195730e+01
      vertex   -9.708525e+02 3.179350e+02 -5.967430e+01
    endloop
  endfacet
  facet normal -5.224951e-01 -8.526410e-01 -1.478950e-03
    outer loop
      vertex   -9.708525e+02 3.179350e+02 -5.967430e+01
      vertex   -9.711991e+02 3.181340e+02 -5.195730e+01
      vertex   -9.713877e+02 3.182630e+02 -5.967430e+01
    endloop
  endfacet
  facet normal -5.992745e-01 -8.005426e-01 1.267812e-03
    outer loop
      vertex   -9.711991e+02 3.181340e+02 -5.195730e+01
      vertex   -9.716560e+02 3.184760e+02 -5.195730e+01
      vertex   -9.713877e+02 3.182630e+02 -5.967430e+01
    endloop
  endfacet
  facet normal -6.494447e-01 -7.604072e-01 -1.584643e-03
    outer loop
      vertex   -9.713877e+02 3.182630e+02 -5.967430e+01
      vertex   -9.716560e+02 3.184760e+02 -5.195730e+01
      vertex   -9.718650e+02 3.186706e+02 -5.967430e+01
    endloop
  endfacet
  facet normal -7.071038e-01 -7.071085e-01 1.320660e-03
    outer loop
      vertex   -9.716560e+02 3.184760e+02 -5.195730e+01
      vertex   -9.720596e+02 3.188796e+02 -5.195730e+01
      vertex   -9.718650e+02 3.186706e+02 -5.967430e+01
    endloop
  endfacet
  facet normal -7.604028e-01 -6.494498e-01 -1.584643e-03
    outer loop
      vertex   -9.718650e+02 3.186706e+02 -5.967430e+01
      vertex   -9.720596e+02 3.188796e+02 -5.195730e+01
      vertex   -9.722727e+02 3.191479e+02 -5.967430e+01
    endloop
  endfacet
  facet normal -8.005386e-01 -5.992799e-01 1.267812e-03
    outer loop
      vertex   -9.720596e+02 3.188796e+02 -5.195730e+01
      vertex   -9.724016e+02 3.193365e+02 -5.195730e+01
      vertex   -9.722727e+02 3.191479e+02 -5.967430e+01
    endloop
  endfacet
  facet normal -8.526375e-01 -5.225008e-01 -1.478950e-03
    outer loop
      vertex   -9.722727e+02 3.191479e+02 -5.967430e+01
      vertex   -9.724016e+02 3.193365e+02 -5.195730e+01
      vertex   -9.726006e+02 3.196831e+02 -5.967430e+01
    endloop
  endfacet
  facet normal -8.776768e-01 -4.792516e-01 1.109279e-03
    outer loop
      vertex   -9.724016e+02 3.193365e+02 -5.195730e+01
      vertex   -9.726751e+02 3.198374e+02 -5.195730e+01
      vertex   -9.726006e+02 3.196831e+02 -5.967430e+01
    endloop
  endfacet
  facet normal -9.238775e-01 -3.826862e-01 -1.267586e-03
    outer loop
      vertex   -9.726006e+02 3.196831e+02 -5.967430e+01
      vertex   -9.726751e+02 3.198374e+02 -5.195730e+01
      vertex   -9.728408e+02 3.202630e+02 -5.967430e+01
    endloop
  endfacet
  facet normal -9.369482e-01 -3.494672e-01 8.450935e-04
    outer loop
      vertex   -9.726751e+02 3.198374e+02 -5.195730e+01
      vertex   -9.728746e+02 3.203721e+02 -5.195730e+01
      vertex   -9.728408e+02 3.202630e+02 -5.967430e+01
    endloop
  endfacet
  facet normal -9.723687e-01 -2.334485e-01 -9.505927e-04
    outer loop
      vertex   -9.728408e+02 3.202630e+02 -5.967430e+01
      vertex   -9.728746e+02 3.203721e+02 -5.195730e+01
      vertex   -9.729873e+02 3.208733e+02 -5.967430e+01
    endloop
  endfacet
  facet normal -9.771460e-01 -2.125685e-01 4.753086e-04
    outer loop
      vertex   -9.728746e+02 3.203721e+02 -5.195730e+01
      vertex   -9.729959e+02 3.209298e+02 -5.195730e+01
      vertex   -9.729873e+02 3.208733e+02 -5.967430e+01
    endloop
  endfacet
  facet normal -2.125620e-01 -9.771475e-01 -4.753086e-04
    outer loop
      vertex   -9.701635e+02 3.176611e+02 -6.739130e+01
      vertex   -9.696058e+02 3.175398e+02 -6.739130e+01
      vertex   -9.696623e+02 3.175483e+02 -5.967430e+01
    endloop
  endfacet
  facet normal -1.000000e+00 -3.341946e-06 -0.000000e+00
    outer loop
      vertex   -9.730366e+02 3.214990e+02 -5.195730e+01
      vertex   -9.730371e+02 4.784990e+02 -5.195730e+01
      vertex   -9.730366e+02 3.214990e+02 -6.739130e+01
    endloop
  endfacet
  facet normal -1.000000e+00 -3.341946e-06 0.000000e+00
    outer loop
      vertex   -9.730366e+02 3.214990e+02 -6.739130e+01
      vertex   -9.730371e+02 4.784990e+02 -5.195730e+01
      vertex   -9.730371e+02 4.784990e+02 -6.739130e+01
    endloop
  endfacet
  facet normal -9.974522e-01 7.133584e-02 -5.807353e-04
    outer loop
      vertex   -9.729964e+02 4.790683e+02 -5.195730e+01
      vertex   -9.729879e+02 4.791248e+02 -5.967430e+01
      vertex   -9.730371e+02 4.784990e+02 -5.195730e+01
    endloop
  endfacet
  facet normal -9.964329e-01 8.438767e-02 4.840856e-04
    outer loop
      vertex   -9.730371e+02 4.784990e+02 -5.195730e+01
      vertex   -9.729879e+02 4.791248e+02 -5.967430e+01
      vertex   -9.729964e+02 4.790683e+02 -6.739130e+01
    endloop
  endfacet
  facet normal -9.974524e-01 7.133585e-02 0.000000e+00
    outer loop
      vertex   -9.730371e+02 4.784990e+02 -5.195730e+01
      vertex   -9.729964e+02 4.790683e+02 -6.739130e+01
      vertex   -9.730371e+02 4.784990e+02 -6.739130e+01
    endloop
  endfacet
  facet normal -9.771475e-01 2.125620e-01 4.753086e-04
    outer loop
      vertex   -9.729964e+02 4.790683e+02 -5.195730e+01
      vertex   -9.728751e+02 4.796260e+02 -5.195730e+01
      vertex   -9.729879e+02 4.791248e+02 -5.967430e+01
    endloop
  endfacet
  facet normal -9.723703e-01 2.334420e-01 -9.505927e-04
    outer loop
      vertex   -9.729879e+02 4.791248e+02 -5.967430e+01
      vertex   -9.728751e+02 4.796260e+02 -5.195730e+01
      vertex   -9.728414e+02 4.797351e+02 -5.967430e+01
    endloop
  endfacet
  facet normal -9.723703e-01 2.334420e-01 9.505927e-04
    outer loop
      vertex   -9.729879e+02 4.791248e+02 -5.967430e+01
      vertex   -9.728414e+02 4.797351e+02 -5.967430e+01
      vertex   -9.728751e+02 4.796260e+02 -6.739130e+01
    endloop
  endfacet
  facet normal -9.369506e-01 3.494609e-01 -8.450935e-04
    outer loop
      vertex   -9.728751e+02 4.796260e+02 -6.739130e+01
      vertex   -9.728414e+02 4.797351e+02 -5.967430e+01
      vertex   -9.726757e+02 4.801607e+02 -6.739130e+01
    endloop
  endfacet
  facet normal -9.238801e-01 3.826800e-01 1.267586e-03
    outer loop
      vertex   -9.726757e+02 4.801607e+02 -6.739130e+01
      vertex   -9.728414e+02 4.797351e+02 -5.967430e+01
      vertex   -9.726012e+02 4.803150e+02 -5.967430e+01
    endloop
  endfacet
  facet normal -8.776801e-01 4.792458e-01 -1.109279e-03
    outer loop
      vertex   -9.726757e+02 4.801607e+02 -6.739130e+01
      vertex   -9.726012e+02 4.803150e+02 -5.967430e+01
      vertex   -9.724021e+02 4.806616e+02 -6.739130e+01
    endloop
  endfacet
  facet normal -8.526410e-01 5.224951e-01 1.478950e-03
    outer loop
      vertex   -9.724021e+02 4.806616e+02 -6.739130e+01
      vertex   -9.726012e+02 4.803150e+02 -5.967430e+01
      vertex   -9.722732e+02 4.808502e+02 -5.967430e+01
    endloop
  endfacet
  facet normal -8.005426e-01 5.992745e-01 -1.267812e-03
    outer loop
      vertex   -9.724021e+02 4.806616e+02 -6.739130e+01
      vertex   -9.722732e+02 4.808502e+02 -5.967430e+01
      vertex   -9.720601e+02 4.811185e+02 -6.739130e+01
    endloop
  endfacet
  facet normal -7.604072e-01 6.494447e-01 1.584643e-03
    outer loop
      vertex   -9.720601e+02 4.811185e+02 -6.739130e+01
      vertex   -9.722732e+02 4.808502e+02 -5.967430e+01
      vertex   -9.718656e+02 4.813275e+02 -5.967430e+01
    endloop
  endfacet
  facet normal -7.071085e-01 7.071038e-01 -1.320660e-03
    outer loop
      vertex   -9.720601e+02 4.811185e+02 -6.739130e+01
      vertex   -9.718656e+02 4.813275e+02 -5.967430e+01
      vertex   -9.716566e+02 4.815220e+02 -6.739130e+01
    endloop
  endfacet
  facet normal -6.494498e-01 7.604028e-01 1.584643e-03
    outer loop
      vertex   -9.716566e+02 4.815220e+02 -6.739130e+01
      vertex   -9.718656e+02 4.813275e+02 -5.967430e+01
      vertex   -9.713883e+02 4.817351e+02 -5.967430e+01
    endloop
  endfacet
  facet normal -5.992799e-01 8.005386e-01 -1.267812e-03
    outer loop
      vertex   -9.716566e+02 4.815220e+02 -6.739130e+01
      vertex   -9.713883e+02 4.817351e+02 -5.967430e+01
      vertex   -9.711997e+02 4.818641e+02 -6.739130e+01
    endloop
  endfacet
  facet normal -5.225008e-01 8.526375e-01 1.478950e-03
    outer loop
      vertex   -9.711997e+02 4.818641e+02 -6.739130e+01
      vertex   -9.713883e+02 4.817351e+02 -5.967430e+01
      vertex   -9.708531e+02 4.820631e+02 -5.967430e+01
    endloop
  endfacet
  facet normal -4.792516e-01 8.776768e-01 -1.109279e-03
    outer loop
      vertex   -9.711997e+02 4.818641e+02 -6.739130e+01
      vertex   -9.708531e+02 4.820631e+02 -5.967430e+01
      vertex   -9.706988e+02 4.821376e+02 -6.739130e+01
    endloop
  endfacet
  facet normal -3.826862e-01 9.238775e-01 1.267586e-03
    outer loop
      vertex   -9.706988e+02 4.821376e+02 -6.739130e+01
      vertex   -9.708531e+02 4.820631e+02 -5.967430e+01
      vertex   -9.702732e+02 4.823033e+02 -5.967430e+01
    endloop
  endfacet
  facet normal -3.494672e-01 9.369482e-01 -8.450935e-04
    outer loop
      vertex   -9.706988e+02 4.821376e+02 -6.739130e+01
      vertex   -9.702732e+02 4.823033e+02 -5.967430e+01
      vertex   -9.701641e+02 4.823370e+02 -6.739130e+01
    endloop
  endfacet
  facet normal -2.334485e-01 9.723687e-01 9.505927e-04
    outer loop
      vertex   -9.701641e+02 4.823370e+02 -6.739130e+01
      vertex   -9.702732e+02 4.823033e+02 -5.967430e+01
      vertex   -9.696629e+02 4.824498e+02 -5.967430e+01
    endloop
  endfacet
  facet normal -2.125685e-01 9.771460e-01 -4.753086e-04
    outer loop
      vertex   -9.701641e+02 4.823370e+02 -6.739130e+01
      vertex   -9.696629e+02 4.824498e+02 -5.967430e+01
      vertex   -9.696064e+02 4.824583e+02 -6.739130e+01
    endloop
  endfacet
  facet normal -7.134250e-02 9.974517e-01 5.807353e-04
    outer loop
      vertex   -9.696064e+02 4.824583e+02 -6.739130e+01
      vertex   -9.696629e+02 4.824498e+02 -5.967430e+01
      vertex   -9.690371e+02 4.824991e+02 -6.739130e+01
    endloop
  endfacet
  facet normal -8.439433e-02 9.964323e-01 -4.840856e-04
    outer loop
      vertex   -9.690371e+02 4.824991e+02 -6.739130e+01
      vertex   -9.696629e+02 4.824498e+02 -5.967430e+01
      vertex   -9.696064e+02 4.824583e+02 -5.195730e+01
    endloop
  endfacet
  facet normal -7.134252e-02 9.974519e-01 0.000000e+00
    outer loop
      vertex   -9.690371e+02 4.824991e+02 -6.739130e+01
      vertex   -9.696064e+02 4.824583e+02 -5.195730e+01
      vertex   -9.690371e+02 4.824991e+02 -5.195730e+01
    endloop
  endfacet
  facet normal -9.369506e-01 3.494609e-01 8.450935e-04
    outer loop
      vertex   -9.728751e+02 4.796260e+02 -5.195730e+01
      vertex   -9.726757e+02 4.801607e+02 -5.195730e+01
      vertex   -9.728414e+02 4.797351e+02 -5.967430e+01
    endloop
  endfacet
  facet normal -9.238801e-01 3.826800e-01 -1.267586e-03
    outer loop
      vertex   -9.728414e+02 4.797351e+02 -5.967430e+01
      vertex   -9.726757e+02 4.801607e+02 -5.195730e+01
      vertex   -9.726012e+02 4.803150e+02 -5.967430e+01
    endloop
  endfacet
  facet normal -8.776801e-01 4.792458e-01 1.109279e-03
    outer loop
      vertex   -9.726757e+02 4.801607e+02 -5.195730e+01
      vertex   -9.724021e+02 4.806616e+02 -5.195730e+01
      vertex   -9.726012e+02 4.803150e+02 -5.967430e+01
    endloop
  endfacet
  facet normal -8.526410e-01 5.224951e-01 -1.478950e-03
    outer loop
      vertex   -9.726012e+02 4.803150e+02 -5.967430e+01
      vertex   -9.724021e+02 4.806616e+02 -5.195730e+01
      vertex   -9.722732e+02 4.808502e+02 -5.967430e+01
    endloop
  endfacet
  facet normal -8.005426e-01 5.992745e-01 1.267812e-03
    outer loop
      vertex   -9.724021e+02 4.806616e+02 -5.195730e+01
      vertex   -9.720601e+02 4.811185e+02 -5.195730e+01
      vertex   -9.722732e+02 4.808502e+02 -5.967430e+01
    endloop
  endfacet
  facet normal -7.604072e-01 6.494447e-01 -1.584643e-03
    outer loop
      vertex   -9.722732e+02 4.808502e+02 -5.967430e+01
      vertex   -9.720601e+02 4.811185e+02 -5.195730e+01
      vertex   -9.718656e+02 4.813275e+02 -5.967430e+01
    endloop
  endfacet
  facet normal -7.071085e-01 7.071038e-01 1.320660e-03
    outer loop
      vertex   -9.720601e+02 4.811185e+02 -5.195730e+01
      vertex   -9.716566e+02 4.815220e+02 -5.195730e+01
      vertex   -9.718656e+02 4.813275e+02 -5.967430e+01
    endloop
  endfacet
  facet normal -6.494498e-01 7.604028e-01 -1.584643e-03
    outer loop
      vertex   -9.718656e+02 4.813275e+02 -5.967430e+01
      vertex   -9.716566e+02 4.815220e+02 -5.195730e+01
      vertex   -9.713883e+02 4.817351e+02 -5.967430e+01
    endloop
  endfacet
  facet normal -5.992799e-01 8.005386e-01 1.267812e-03
    outer loop
      vertex   -9.716566e+02 4.815220e+02 -5.195730e+01
      vertex   -9.711997e+02 4.818641e+02 -5.195730e+01
      vertex   -9.713883e+02 4.817351e+02 -5.967430e+01
    endloop
  endfacet
  facet normal -5.225008e-01 8.526375e-01 -1.478950e-03
    outer loop
      vertex   -9.713883e+02 4.817351e+02 -5.967430e+01
      vertex   -9.711997e+02 4.818641e+02 -5.195730e+01
      vertex   -9.708531e+02 4.820631e+02 -5.967430e+01
    endloop
  endfacet
  facet normal -4.792516e-01 8.776768e-01 1.109279e-03
    outer loop
      vertex   -9.711997e+02 4.818641e+02 -5.195730e+01
      vertex   -9.706988e+02 4.821376e+02 -5.195730e+01
      vertex   -9.708531e+02 4.820631e+02 -5.967430e+01
    endloop
  endfacet
  facet normal -3.826862e-01 9.238775e-01 -1.267586e-03
    outer loop
      vertex   -9.708531e+02 4.820631e+02 -5.967430e+01
      vertex   -9.706988e+02 4.821376e+02 -5.195730e+01
      vertex   -9.702732e+02 4.823033e+02 -5.967430e+01
    endloop
  endfacet
  facet normal -3.494672e-01 9.369482e-01 8.450935e-04
    outer loop
      vertex   -9.706988e+02 4.821376e+02 -5.195730e+01
      vertex   -9.701641e+02 4.823370e+02 -5.195730e+01
      vertex   -9.702732e+02 4.823033e+02 -5.967430e+01
    endloop
  endfacet
  facet normal -2.334485e-01 9.723687e-01 -9.505927e-04
    outer loop
      vertex   -9.702732e+02 4.823033e+02 -5.967430e+01
      vertex   -9.701641e+02 4.823370e+02 -5.195730e+01
      vertex   -9.696629e+02 4.824498e+02 -5.967430e+01
    endloop
  endfacet
  facet normal -2.125685e-01 9.771460e-01 4.753086e-04
    outer loop
      vertex   -9.701641e+02 4.823370e+02 -5.195730e+01
      vertex   -9.696064e+02 4.824583e+02 -5.195730e+01
      vertex   -9.696629e+02 4.824498e+02 -5.967430e+01
    endloop
  endfacet
  facet normal -9.771475e-01 2.125620e-01 -4.753086e-04
    outer loop
      vertex   -9.728751e+02 4.796260e+02 -6.739130e+01
      vertex   -9.729964e+02 4.790683e+02 -6.739130e+01
      vertex   -9.729879e+02 4.791248e+02 -5.967430e+01
    endloop
  endfacet
  facet normal -3.341946e-06 1.000000e+00 0.000000e+00
    outer loop
      vertex   -9.690371e+02 4.824991e+02 -5.195730e+01
      vertex   -8.020371e+02 4.824996e+02 -5.195730e+01
      vertex   -9.690371e+02 4.824991e+02 -6.739130e+01
    endloop
  endfacet
  facet normal -3.341946e-06 1.000000e+00 0.000000e+00
    outer loop
      vertex   -9.690371e+02 4.824991e+02 -6.739130e+01
      vertex   -8.020371e+02 4.824996e+02 -5.195730e+01
      vertex   -8.020371e+02 4.824996e+02 -6.739130e+01
    endloop
  endfacet
  facet normal -1.701899e-16 -5.687653e-22 1.000000e+00
    outer loop
      vertex   -8.020371e+02 4.784996e+02 -4.795730e+01
      vertex   -9.690371e+02 4.784991e+02 -4.795730e+01
      vertex   -8.020366e+02 3.214996e+02 -4.795730e+01
    endloop
  endfacet
  facet normal -1.701899e-16 -5.687653e-22 1.000000e+00
    outer loop
      vertex   -8.020366e+02 3.214996e+02 -4.795730e+01
      vertex   -9.690371e+02 4.784991e+02 -4.795730e+01
      vertex   -9.690366e+02 3.214991e+02 -4.795730e+01
    endloop
  endfacet
  facet normal 9.974522e-01 -7.133584e-02 -5.807353e-04
    outer loop
      vertex   -7.980773e+02 3.209304e+02 -5.195730e+01
      vertex   -7.980858e+02 3.208739e+02 -5.967430e+01
      vertex   -7.980366e+02 3.214996e+02 -5.195730e+01
    endloop
  endfacet
  facet normal 9.964329e-01 -8.438767e-02 4.840856e-04
    outer loop
      vertex   -7.980366e+02 3.214996e+02 -5.195730e+01
      vertex   -7.980858e+02 3.208739e+02 -5.967430e+01
      vertex   -7.980773e+02 3.209304e+02 -6.739130e+01
    endloop
  endfacet
  facet normal 9.974524e-01 -7.133585e-02 0.000000e+00
    outer loop
      vertex   -7.980366e+02 3.214996e+02 -5.195730e+01
      vertex   -7.980773e+02 3.209304e+02 -6.739130e+01
      vertex   -7.980366e+02 3.214996e+02 -6.739130e+01
    endloop
  endfacet
  facet normal 9.771475e-01 -2.125620e-01 4.753086e-04
    outer loop
      vertex   -7.980773e+02 3.209304e+02 -5.195730e+01
      vertex   -7.981986e+02 3.203727e+02 -5.195730e+01
      vertex   -7.980858e+02 3.208739e+02 -5.967430e+01
    endloop
  endfacet
  facet normal 9.723703e-01 -2.334420e-01 -9.505927e-04
    outer loop
      vertex   -7.980858e+02 3.208739e+02 -5.967430e+01
      vertex   -7.981986e+02 3.203727e+02 -5.195730e+01
      vertex   -7.982324e+02 3.202636e+02 -5.967430e+01
    endloop
  endfacet
  facet normal 9.723703e-01 -2.334420e-01 9.505927e-04
    outer loop
      vertex   -7.980858e+02 3.208739e+02 -5.967430e+01
      vertex   -7.982324e+02 3.202636e+02 -5.967430e+01
      vertex   -7.981986e+02 3.203727e+02 -6.739130e+01
    endloop
  endfacet
  facet normal 9.369506e-01 -3.494609e-01 -8.450935e-04
    outer loop
      vertex   -7.981986e+02 3.203727e+02 -6.739130e+01
      vertex   -7.982324e+02 3.202636e+02 -5.967430e+01
      vertex   -7.983981e+02 3.198380e+02 -6.739130e+01
    endloop
  endfacet
  facet normal 9.238801e-01 -3.826800e-01 1.267586e-03
    outer loop
      vertex   -7.983981e+02 3.198380e+02 -6.739130e+01
      vertex   -7.982324e+02 3.202636e+02 -5.967430e+01
      vertex   -7.984726e+02 3.196837e+02 -5.967430e+01
    endloop
  endfacet
  facet normal 8.776801e-01 -4.792458e-01 -1.109279e-03
    outer loop
      vertex   -7.983981e+02 3.198380e+02 -6.739130e+01
      vertex   -7.984726e+02 3.196837e+02 -5.967430e+01
      vertex   -7.986716e+02 3.193371e+02 -6.739130e+01
    endloop
  endfacet
  facet normal 8.526410e-01 -5.224951e-01 1.478950e-03
    outer loop
      vertex   -7.986716e+02 3.193371e+02 -6.739130e+01
      vertex   -7.984726e+02 3.196837e+02 -5.967430e+01
      vertex   -7.988005e+02 3.191485e+02 -5.967430e+01
    endloop
  endfacet
  facet normal 8.005426e-01 -5.992745e-01 -1.267812e-03
    outer loop
      vertex   -7.986716e+02 3.193371e+02 -6.739130e+01
      vertex   -7.988005e+02 3.191485e+02 -5.967430e+01
      vertex   -7.990136e+02 3.188802e+02 -6.739130e+01
    endloop
  endfacet
  facet normal 7.604072e-01 -6.494447e-01 1.584643e-03
    outer loop
      vertex   -7.990136e+02 3.188802e+02 -6.739130e+01
      vertex   -7.988005e+02 3.191485e+02 -5.967430e+01
      vertex   -7.992082e+02 3.186712e+02 -5.967430e+01
    endloop
  endfacet
  facet normal 7.071085e-01 -7.071038e-01 -1.320660e-03
    outer loop
      vertex   -7.990136e+02 3.188802e+02 -6.739130e+01
      vertex   -7.992082e+02 3.186712e+02 -5.967430e+01
      vertex   -7.994171e+02 3.184766e+02 -6.739130e+01
    endloop
  endfacet
  facet normal 6.494498e-01 -7.604028e-01 1.584643e-03
    outer loop
      vertex   -7.994171e+02 3.184766e+02 -6.739130e+01
      vertex   -7.992082e+02 3.186712e+02 -5.967430e+01
      vertex   -7.996854e+02 3.182636e+02 -5.967430e+01
    endloop
  endfacet
  facet normal 5.992799e-01 -8.005386e-01 -1.267812e-03
    outer loop
      vertex   -7.994171e+02 3.184766e+02 -6.739130e+01
      vertex   -7.996854e+02 3.182636e+02 -5.967430e+01
      vertex   -7.998740e+02 3.181346e+02 -6.739130e+01
    endloop
  endfacet
  facet normal 5.225008e-01 -8.526375e-01 1.478950e-03
    outer loop
      vertex   -7.998740e+02 3.181346e+02 -6.739130e+01
      vertex   -7.996854e+02 3.182636e+02 -5.967430e+01
      vertex   -8.002206e+02 3.179356e+02 -5.967430e+01
    endloop
  endfacet
  facet normal 4.792516e-01 -8.776768e-01 -1.109279e-03
    outer loop
      vertex   -7.998740e+02 3.181346e+02 -6.739130e+01
      vertex   -8.002206e+02 3.179356e+02 -5.967430e+01
      vertex   -8.003749e+02 3.178611e+02 -6.739130e+01
    endloop
  endfacet
  facet normal 3.826862e-01 -9.238775e-01 1.267586e-03
    outer loop
      vertex   -8.003749e+02 3.178611e+02 -6.739130e+01
      vertex   -8.002206e+02 3.179356e+02 -5.967430e+01
      vertex   -8.008005e+02 3.176954e+02 -5.967430e+01
    endloop
  endfacet
  facet normal 3.494672e-01 -9.369482e-01 -8.450935e-04
    outer loop
      vertex   -8.003749e+02 3.178611e+02 -6.739130e+01
      vertex   -8.008005e+02 3.176954e+02 -5.967430e+01
      vertex   -8.009097e+02 3.176616e+02 -6.739130e+01
    endloop
  endfacet
  facet normal 2.334485e-01 -9.723687e-01 9.505927e-04
    outer loop
      vertex   -8.009097e+02 3.176616e+02 -6.739130e+01
      vertex   -8.008005e+02 3.176954e+02 -5.967430e+01
      vertex   -8.014108e+02 3.175489e+02 -5.967430e+01
    endloop
  endfacet
  facet normal 2.125685e-01 -9.771460e-01 -4.753086e-04
    outer loop
      vertex   -8.009097e+02 3.176616e+02 -6.739130e+01
      vertex   -8.014108e+02 3.175489e+02 -5.967430e+01
      vertex   -8.014673e+02 3.175403e+02 -6.739130e+01
    endloop
  endfacet
  facet normal 7.134250e-02 -9.974517e-01 5.807353e-04
    outer loop
      vertex   -8.014673e+02 3.175403e+02 -6.739130e+01
      vertex   -8.014108e+02 3.175489e+02 -5.967430e+01
      vertex   -8.020366e+02 3.174996e+02 -6.739130e+01
    endloop
  endfacet
  facet normal 8.439433e-02 -9.964323e-01 -4.840856e-04
    outer loop
      vertex   -8.020366e+02 3.174996e+02 -6.739130e+01
      vertex   -8.014108e+02 3.175489e+02 -5.967430e+01
      vertex   -8.014673e+02 3.175403e+02 -5.195730e+01
    endloop
  endfacet
  facet normal 7.134252e-02 -9.974519e-01 0.000000e+00
    outer loop
      vertex   -8.020366e+02 3.174996e+02 -6.739130e+01
      vertex   -8.014673e+02 3.175403e+02 -5.195730e+01
      vertex   -8.020366e+02 3.174996e+02 -5.195730e+01
    endloop
  endfacet
  facet normal 9.369506e-01 -3.494609e-01 8.450935e-04
    outer loop
      vertex   -7.981986e+02 3.203727e+02 -5.195730e+01
      vertex   -7.983981e+02 3.198380e+02 -5.195730e+01
      vertex   -7.982324e+02 3.202636e+02 -5.967430e+01
    endloop
  endfacet
  facet normal 9.238801e-01 -3.826800e-01 -1.267586e-03
    outer loop
      vertex   -7.982324e+02 3.202636e+02 -5.967430e+01
      vertex   -7.983981e+02 3.198380e+02 -5.195730e+01
      vertex   -7.984726e+02 3.196837e+02 -5.967430e+01
    endloop
  endfacet
  facet normal 8.776801e-01 -4.792458e-01 1.109279e-03
    outer loop
      vertex   -7.983981e+02 3.198380e+02 -5.195730e+01
      vertex   -7.986716e+02 3.193371e+02 -5.195730e+01
      vertex   -7.984726e+02 3.196837e+02 -5.967430e+01
    endloop
  endfacet
  facet normal 8.526410e-01 -5.224951e-01 -1.478950e-03
    outer loop
      vertex   -7.984726e+02 3.196837e+02 -5.967430e+01
      vertex   -7.986716e+02 3.193371e+02 -5.195730e+01
      vertex   -7.988005e+02 3.191485e+02 -5.967430e+01
    endloop
  endfacet
  facet normal 8.005426e-01 -5.992745e-01 1.267812e-03
    outer loop
      vertex   -7.986716e+02 3.193371e+02 -5.195730e+01
      vertex   -7.990136e+02 3.188802e+02 -5.195730e+01
      vertex   -7.988005e+02 3.191485e+02 -5.967430e+01
    endloop
  endfacet
  facet normal 7.604072e-01 -6.494447e-01 -1.584643e-03
    outer loop
      vertex   -7.988005e+02 3.191485e+02 -5.967430e+01
      vertex   -7.990136e+02 3.188802e+02 -5.195730e+01
      vertex   -7.992082e+02 3.186712e+02 -5.967430e+01
    endloop
  endfacet
  facet normal 7.071085e-01 -7.071038e-01 1.320660e-03
    outer loop
      vertex   -7.990136e+02 3.188802e+02 -5.195730e+01
      vertex   -7.994171e+02 3.184766e+02 -5.195730e+01
      vertex   -7.992082e+02 3.186712e+02 -5.967430e+01
    endloop
  endfacet
  facet normal 6.494498e-01 -7.604028e-01 -1.584643e-03
    outer loop
      vertex   -7.992082e+02 3.186712e+02 -5.967430e+01
      vertex   -7.994171e+02 3.184766e+02 -5.195730e+01
      vertex   -7.996854e+02 3.182636e+02 -5.967430e+01
    endloop
  endfacet
  facet normal 5.992799e-01 -8.005386e-01 1.267812e-03
    outer loop
      vertex   -7.994171e+02 3.184766e+02 -5.195730e+01
      vertex   -7.998740e+02 3.181346e+02 -5.195730e+01
      vertex   -7.996854e+02 3.182636e+02 -5.967430e+01
    endloop
  endfacet
  facet normal 5.225008e-01 -8.526375e-01 -1.478950e-03
    outer loop
      vertex   -7.996854e+02 3.182636e+02 -5.967430e+01
      vertex   -7.998740e+02 3.181346e+02 -5.195730e+01
      vertex   -8.002206e+02 3.179356e+02 -5.967430e+01
    endloop
  endfacet
  facet normal 4.792516e-01 -8.776768e-01 1.109279e-03
    outer loop
      vertex   -7.998740e+02 3.181346e+02 -5.195730e+01
      vertex   -8.003749e+02 3.178611e+02 -5.195730e+01
      vertex   -8.002206e+02 3.179356e+02 -5.967430e+01
    endloop
  endfacet
  facet normal 3.826862e-01 -9.238775e-01 -1.267586e-03
    outer loop
      vertex   -8.002206e+02 3.179356e+02 -5.967430e+01
      vertex   -8.003749e+02 3.178611e+02 -5.195730e+01
      vertex   -8.008005e+02 3.176954e+02 -5.967430e+01
    endloop
  endfacet
  facet normal 3.494672e-01 -9.369482e-01 8.450935e-04
    outer loop
      vertex   -8.003749e+02 3.178611e+02 -5.195730e+01
      vertex   -8.009097e+02 3.176616e+02 -5.195730e+01
      vertex   -8.008005e+02 3.176954e+02 -5.967430e+01
    endloop
  endfacet
  facet normal 2.334485e-01 -9.723687e-01 -9.505927e-04
    outer loop
      vertex   -8.008005e+02 3.176954e+02 -5.967430e+01
      vertex   -8.009097e+02 3.176616e+02 -5.195730e+01
      vertex   -8.014108e+02 3.175489e+02 -5.967430e+01
    endloop
  endfacet
  facet normal 2.125685e-01 -9.771460e-01 4.753086e-04
    outer loop
      vertex   -8.009097e+02 3.176616e+02 -5.195730e+01
      vertex   -8.014673e+02 3.175403e+02 -5.195730e+01
      vertex   -8.014108e+02 3.175489e+02 -5.967430e+01
    endloop
  endfacet
  facet normal 9.771475e-01 -2.125620e-01 -4.753086e-04
    outer loop
      vertex   -7.981986e+02 3.203727e+02 -6.739130e+01
      vertex   -7.980773e+02 3.209304e+02 -6.739130e+01
      vertex   -7.980858e+02 3.208739e+02 -5.967430e+01
    endloop
  endfacet
  facet normal 1.000000e+00 3.341946e-06 0.000000e+00
    outer loop
      vertex   -7.980371e+02 4.784996e+02 -5.195730e+01
      vertex   -7.980366e+02 3.214996e+02 -5.195730e+01
      vertex   -7.980371e+02 4.784996e+02 -6.739130e+01
    endloop
  endfacet
  facet normal 1.000000e+00 3.341946e-06 0.000000e+00
    outer loop
      vertex   -7.980371e+02 4.784996e+02 -6.739130e+01
      vertex   -7.980366e+02 3.214996e+02 -5.195730e+01
      vertex   -7.980366e+02 3.214996e+02 -6.739130e+01
    endloop
  endfacet
  facet normal 7.133584e-02 9.974522e-01 -5.807353e-04
    outer loop
      vertex   -8.014679e+02 4.824589e+02 -5.195730e+01
      vertex   -8.014114e+02 4.824504e+02 -5.967430e+01
      vertex   -8.020371e+02 4.824996e+02 -5.195730e+01
    endloop
  endfacet
  facet normal 8.438767e-02 9.964329e-01 4.840856e-04
    outer loop
      vertex   -8.020371e+02 4.824996e+02 -5.195730e+01
      vertex   -8.014114e+02 4.824504e+02 -5.967430e+01
      vertex   -8.014679e+02 4.824589e+02 -6.739130e+01
    endloop
  endfacet
  facet normal 7.133585e-02 9.974524e-01 0.000000e+00
    outer loop
      vertex   -8.020371e+02 4.824996e+02 -5.195730e+01
      vertex   -8.014679e+02 4.824589e+02 -6.739130e+01
      vertex   -8.020371e+02 4.824996e+02 -6.739130e+01
    endloop
  endfacet
  facet normal 2.125620e-01 9.771475e-01 4.753086e-04
    outer loop
      vertex   -8.014679e+02 4.824589e+02 -5.195730e+01
      vertex   -8.009102e+02 4.823376e+02 -5.195730e+01
      vertex   -8.014114e+02 4.824504e+02 -5.967430e+01
    endloop
  endfacet
  facet normal 2.334420e-01 9.723703e-01 -9.505927e-04
    outer loop
      vertex   -8.014114e+02 4.824504e+02 -5.967430e+01
      vertex   -8.009102e+02 4.823376e+02 -5.195730e+01
      vertex   -8.008011e+02 4.823038e+02 -5.967430e+01
    endloop
  endfacet
  facet normal 2.334420e-01 9.723703e-01 9.505927e-04
    outer loop
      vertex   -8.014114e+02 4.824504e+02 -5.967430e+01
      vertex   -8.008011e+02 4.823038e+02 -5.967430e+01
      vertex   -8.009102e+02 4.823376e+02 -6.739130e+01
    endloop
  endfacet
  facet normal 3.494609e-01 9.369506e-01 -8.450935e-04
    outer loop
      vertex   -8.009102e+02 4.823376e+02 -6.739130e+01
      vertex   -8.008011e+02 4.823038e+02 -5.967430e+01
      vertex   -8.003755e+02 4.821381e+02 -6.739130e+01
    endloop
  endfacet
  facet normal 3.826800e-01 9.238801e-01 1.267586e-03
    outer loop
      vertex   -8.003755e+02 4.821381e+02 -6.739130e+01
      vertex   -8.008011e+02 4.823038e+02 -5.967430e+01
      vertex   -8.002212e+02 4.820636e+02 -5.967430e+01
    endloop
  endfacet
  facet normal 4.792458e-01 8.776801e-01 -1.109279e-03
    outer loop
      vertex   -8.003755e+02 4.821381e+02 -6.739130e+01
      vertex   -8.002212e+02 4.820636e+02 -5.967430e+01
      vertex   -7.998746e+02 4.818646e+02 -6.739130e+01
    endloop
  endfacet
  facet normal 5.224951e-01 8.526410e-01 1.478950e-03
    outer loop
      vertex   -7.998746e+02 4.818646e+02 -6.739130e+01
      vertex   -8.002212e+02 4.820636e+02 -5.967430e+01
      vertex   -7.996860e+02 4.817357e+02 -5.967430e+01
    endloop
  endfacet
  facet normal 5.992745e-01 8.005426e-01 -1.267812e-03
    outer loop
      vertex   -7.998746e+02 4.818646e+02 -6.739130e+01
      vertex   -7.996860e+02 4.817357e+02 -5.967430e+01
      vertex   -7.994177e+02 4.815226e+02 -6.739130e+01
    endloop
  endfacet
  facet normal 6.494447e-01 7.604072e-01 1.584643e-03
    outer loop
      vertex   -7.994177e+02 4.815226e+02 -6.739130e+01
      vertex   -7.996860e+02 4.817357e+02 -5.967430e+01
      vertex   -7.992087e+02 4.813281e+02 -5.967430e+01
    endloop
  endfacet
  facet normal 7.071038e-01 7.071085e-01 -1.320660e-03
    outer loop
      vertex   -7.994177e+02 4.815226e+02 -6.739130e+01
      vertex   -7.992087e+02 4.813281e+02 -5.967430e+01
      vertex   -7.990141e+02 4.811191e+02 -6.739130e+01
    endloop
  endfacet
  facet normal 7.604028e-01 6.494498e-01 1.584643e-03
    outer loop
      vertex   -7.990141e+02 4.811191e+02 -6.739130e+01
      vertex   -7.992087e+02 4.813281e+02 -5.967430e+01
      vertex   -7.988011e+02 4.808508e+02 -5.967430e+01
    endloop
  endfacet
  facet normal 8.005386e-01 5.992799e-01 -1.267812e-03
    outer loop
      vertex   -7.990141e+02 4.811191e+02 -6.739130e+01
      vertex   -7.988011e+02 4.808508e+02 -5.967430e+01
      vertex   -7.986721e+02 4.806622e+02 -6.739130e+01
    endloop
  endfacet
  facet normal 8.526375e-01 5.225008e-01 1.478950e-03
    outer loop
      vertex   -7.986721e+02 4.806622e+02 -6.739130e+01
      vertex   -7.988011e+02 4.808508e+02 -5.967430e+01
      vertex   -7.984731e+02 4.803156e+02 -5.967430e+01
    endloop
  endfacet
  facet normal 8.776768e-01 4.792516e-01 -1.109279e-03
    outer loop
      vertex   -7.986721e+02 4.806622e+02 -6.739130e+01
      vertex   -7.984731e+02 4.803156e+02 -5.967430e+01
      vertex   -7.983986e+02 4.801613e+02 -6.739130e+01
    endloop
  endfacet
  facet normal 9.238775e-01 3.826862e-01 1.267586e-03
    outer loop
      vertex   -7.983986e+02 4.801613e+02 -6.739130e+01
      vertex   -7.984731e+02 4.803156e+02 -5.967430e+01
      vertex   -7.982329e+02 4.797357e+02 -5.967430e+01
    endloop
  endfacet
  facet normal 9.369482e-01 3.494672e-01 -8.450935e-04
    outer loop
      vertex   -7.983986e+02 4.801613e+02 -6.739130e+01
      vertex   -7.982329e+02 4.797357e+02 -5.967430e+01
      vertex   -7.981992e+02 4.796266e+02 -6.739130e+01
    endloop
  endfacet
  facet normal 9.723687e-01 2.334485e-01 9.505927e-04
    outer loop
      vertex   -7.981992e+02 4.796266e+02 -6.739130e+01
      vertex   -7.982329e+02 4.797357e+02 -5.967430e+01
      vertex   -7.980864e+02 4.791254e+02 -5.967430e+01
    endloop
  endfacet
  facet normal 9.771460e-01 2.125685e-01 -4.753086e-04
    outer loop
      vertex   -7.981992e+02 4.796266e+02 -6.739130e+01
      vertex   -7.980864e+02 4.791254e+02 -5.967430e+01
      vertex   -7.980778e+02 4.790689e+02 -6.739130e+01
    endloop
  endfacet
  facet normal 9.974517e-01 7.134250e-02 5.807353e-04
    outer loop
      vertex   -7.980778e+02 4.790689e+02 -6.739130e+01
      vertex   -7.980864e+02 4.791254e+02 -5.967430e+01
      vertex   -7.980371e+02 4.784996e+02 -6.739130e+01
    endloop
  endfacet
  facet normal 9.964323e-01 8.439433e-02 -4.840856e-04
    outer loop
      vertex   -7.980371e+02 4.784996e+02 -6.739130e+01
      vertex   -7.980864e+02 4.791254e+02 -5.967430e+01
      vertex   -7.980778e+02 4.790689e+02 -5.195730e+01
    endloop
  endfacet
  facet normal 9.974519e-01 7.134252e-02 -0.000000e+00
    outer loop
      vertex   -7.980371e+02 4.784996e+02 -6.739130e+01
      vertex   -7.980778e+02 4.790689e+02 -5.195730e+01
      vertex   -7.980371e+02 4.784996e+02 -5.195730e+01
    endloop
  endfacet
  facet normal 3.494609e-01 9.369506e-01 8.450935e-04
    outer loop
      vertex   -8.009102e+02 4.823376e+02 -5.195730e+01
      vertex   -8.003755e+02 4.821381e+02 -5.195730e+01
      vertex   -8.008011e+02 4.823038e+02 -5.967430e+01
    endloop
  endfacet
  facet normal 3.826800e-01 9.238801e-01 -1.267586e-03
    outer loop
      vertex   -8.008011e+02 4.823038e+02 -5.967430e+01
      vertex   -8.003755e+02 4.821381e+02 -5.195730e+01
      vertex   -8.002212e+02 4.820636e+02 -5.967430e+01
    endloop
  endfacet
  facet normal 4.792458e-01 8.776801e-01 1.109279e-03
    outer loop
      vertex   -8.003755e+02 4.821381e+02 -5.195730e+01
      vertex   -7.998746e+02 4.818646e+02 -5.195730e+01
      vertex   -8.002212e+02 4.820636e+02 -5.967430e+01
    endloop
  endfacet
  facet normal 5.224951e-01 8.526410e-01 -1.478950e-03
    outer loop
      vertex   -8.002212e+02 4.820636e+02 -5.967430e+01
      vertex   -7.998746e+02 4.818646e+02 -5.195730e+01
      vertex   -7.996860e+02 4.817357e+02 -5.967430e+01
    endloop
  endfacet
  facet normal 5.992745e-01 8.005426e-01 1.267812e-03
    outer loop
      vertex   -7.998746e+02 4.818646e+02 -5.195730e+01
      vertex   -7.994177e+02 4.815226e+02 -5.195730e+01
      vertex   -7.996860e+02 4.817357e+02 -5.967430e+01
    endloop
  endfacet
  facet normal 6.494447e-01 7.604072e-01 -1.584643e-03
    outer loop
      vertex   -7.996860e+02 4.817357e+02 -5.967430e+01
      vertex   -7.994177e+02 4.815226e+02 -5.195730e+01
      vertex   -7.992087e+02 4.813281e+02 -5.967430e+01
    endloop
  endfacet
  facet normal 7.071038e-01 7.071085e-01 1.320660e-03
    outer loop
      vertex   -7.994177e+02 4.815226e+02 -5.195730e+01
      vertex   -7.990141e+02 4.811191e+02 -5.195730e+01
      vertex   -7.992087e+02 4.813281e+02 -5.967430e+01
    endloop
  endfacet
  facet normal 7.604028e-01 6.494498e-01 -1.584643e-03
    outer loop
      vertex   -7.992087e+02 4.813281e+02 -5.967430e+01
      vertex   -7.990141e+02 4.811191e+02 -5.195730e+01
      vertex   -7.988011e+02 4.808508e+02 -5.967430e+01
    endloop
  endfacet
  facet normal 8.005386e-01 5.992799e-01 1.267812e-03
    outer loop
      vertex   -7.990141e+02 4.811191e+02 -5.195730e+01
      vertex   -7.986721e+02 4.806622e+02 -5.195730e+01
      vertex   -7.988011e+02 4.808508e+02 -5.967430e+01
    endloop
  endfacet
  facet normal 8.526375e-01 5.225008e-01 -1.478950e-03
    outer loop
      vertex   -7.988011e+02 4.808508e+02 -5.967430e+01
      vertex   -7.986721e+02 4.806622e+02 -5.195730e+01
      vertex   -7.984731e+02 4.803156e+02 -5.967430e+01
    endloop
  endfacet
  facet normal 8.776768e-01 4.792516e-01 1.109279e-03
    outer loop
      vertex   -7.986721e+02 4.806622e+02 -5.195730e+01
      vertex   -7.983986e+02 4.801613e+02 -5.195730e+01
      vertex   -7.984731e+02 4.803156e+02 -5.967430e+01
    endloop
  endfacet
  facet normal 9.238775e-01 3.826862e-01 -1.267586e-03
    outer loop
      vertex   -7.984731e+02 4.803156e+02 -5.967430e+01
      vertex   -7.983986e+02 4.801613e+02 -5.195730e+01
      vertex   -7.982329e+02 4.797357e+02 -5.967430e+01
    endloop
  endfacet
  facet normal 9.369482e-01 3.494672e-01 8.450935e-04
    outer loop
      vertex   -7.983986e+02 4.801613e+02 -5.195730e+01
      vertex   -7.981992e+02 4.796266e+02 -5.195730e+01
      vertex   -7.982329e+02 4.797357e+02 -5.967430e+01
    endloop
  endfacet
  facet normal 9.723687e-01 2.334485e-01 -9.505927e-04
    outer loop
      vertex   -7.982329e+02 4.797357e+02 -5.967430e+01
      vertex   -7.981992e+02 4.796266e+02 -5.195730e+01
      vertex   -7.980864e+02 4.791254e+02 -5.967430e+01
    endloop
  endfacet
  facet normal 9.771460e-01 2.125685e-01 4.753086e-04
    outer loop
      vertex   -7.981992e+02 4.796266e+02 -5.195730e+01
      vertex   -7.980778e+02 4.790689e+02 -5.195730e+01
      vertex   -7.980864e+02 4.791254e+02 -5.967430e+01
    endloop
  endfacet
  facet normal 2.125620e-01 9.771475e-01 -4.753086e-04
    outer loop
      vertex   -8.009102e+02 4.823376e+02 -6.739130e+01
      vertex   -8.014679e+02 4.824589e+02 -6.739130e+01
      vertex   -8.014114e+02 4.824504e+02 -5.967430e+01
    endloop
  endfacet
  facet normal 0.000000e+00 0.000000e+00 -1.000000e+00
    outer loop
      vertex   -9.696058e+02 3.175398e+02 -6.739130e+01
      vertex   -9.701635e+02 3.176611e+02 -6.739130e+01
      vertex   -9.690366e+02 3.174991e+02 -6.739130e+01
    endloop
  endfacet
  facet normal 0.000000e+00 0.000000e+00 -1.000000e+00
    outer loop
      vertex   -9.690366e+02 3.174991e+02 -6.739130e+01
      vertex   -9.701635e+02 3.176611e+02 -6.739130e+01
      vertex   -9.706982e+02 3.178605e+02 -6.739130e+01
    endloop
  endfacet
  facet normal 0.000000e+00 0.000000e+00 -1.000000e+00
    outer loop
      vertex   -9.690366e+02 3.174991e+02 -6.739130e+01
      vertex   -9.706982e+02 3.178605e+02 -6.739130e+01
      vertex   -9.711991e+02 3.181340e+02 -6.739130e+01
    endloop
  endfacet
  facet normal 0.000000e+00 0.000000e+00 -1.000000e+00
    outer loop
      vertex   -9.711991e+02 3.181340e+02 -6.739130e+01
      vertex   -9.716560e+02 3.184760e+02 -6.739130e+01
      vertex   -9.690366e+02 3.174991e+02 -6.739130e+01
    endloop
  endfacet
  facet normal 0.000000e+00 0.000000e+00 -1.000000e+00
    outer loop
      vertex   -9.690366e+02 3.174991e+02 -6.739130e+01
      vertex   -9.716560e+02 3.184760e+02 -6.739130e+01
      vertex   -9.720596e+02 3.188796e+02 -6.739130e+01
    endloop
  endfacet
  facet normal 0.000000e+00 0.000000e+00 -1.000000e+00
    outer loop
      vertex   -9.690366e+02 3.174991e+02 -6.739130e+01
      vertex   -9.720596e+02 3.188796e+02 -6.739130e+01
      vertex   -9.724016e+02 3.193365e+02 -6.739130e+01
    endloop
  endfacet
  facet normal 0.000000e+00 0.000000e+00 -1.000000e+00
    outer loop
      vertex   -9.724016e+02 3.193365e+02 -6.739130e+01
      vertex   -9.726751e+02 3.198374e+02 -6.739130e+01
      vertex   -9.690366e+02 3.174991e+02 -6.739130e+01
    endloop
  endfacet
  facet normal 0.000000e+00 0.000000e+00 -1.000000e+00
    outer loop
      vertex   -9.690366e+02 3.174991e+02 -6.739130e+01
      vertex   -9.726751e+02 3.198374e+02 -6.739130e+01
      vertex   -9.728746e+02 3.203721e+02 -6.739130e+01
    endloop
  endfacet
  facet normal 0.000000e+00 0.000000e+00 -1.000000e+00
    outer loop
      vertex   -9.690366e+02 3.174991e+02 -6.739130e+01
      vertex   -9.728746e+02 3.203721e+02 -6.739130e+01
      vertex   -9.729959e+02 3.209298e+02 -6.739130e+01
    endloop
  endfacet
  facet normal 0.000000e+00 0.000000e+00 -1.000000e+00
    outer loop
      vertex   -9.729959e+02 3.209298e+02 -6.739130e+01
      vertex   -9.730366e+02 3.214990e+02 -6.739130e+01
      vertex   -9.690366e+02 3.174991e+02 -6.739130e+01
    endloop
  endfacet
  facet normal 0.000000e+00 0.000000e+00 -1.000000e+00
    outer loop
      vertex   -9.690366e+02 3.174991e+02 -6.739130e+01
      vertex   -9.730366e+02 3.214990e+02 -6.739130e+01
      vertex   -9.587866e+02 3.369991e+02 -6.739130e+01
    endloop
  endfacet
  facet normal 0.000000e+00 0.000000e+00 -1.000000e+00
    outer loop
      vertex   -9.690366e+02 3.174991e+02 -6.739130e+01
      vertex   -9.587866e+02 3.369991e+02 -6.739130e+01
      vertex   -9.517866e+02 3.339495e+02 -6.739130e+01
    endloop
  endfacet
  facet normal 0.000000e+00 0.000000e+00 -1.000000e+00
    outer loop
      vertex   -9.517866e+02 3.339495e+02 -6.739130e+01
      vertex   -9.587866e+02 3.369991e+02 -6.739130e+01
      vertex   -9.517866e+02 3.369991e+02 -6.739130e+01
    endloop
  endfacet
  facet normal -0.000000e+00 0.000000e+00 -1.000000e+00
    outer loop
      vertex   -9.587866e+02 3.369991e+02 -6.739130e+01
      vertex   -9.730366e+02 3.214990e+02 -6.739130e+01
      vertex   -9.587871e+02 4.629991e+02 -6.739130e+01
    endloop
  endfacet
  facet normal -0.000000e+00 0.000000e+00 -1.000000e+00
    outer loop
      vertex   -9.587871e+02 4.629991e+02 -6.739130e+01
      vertex   -9.730366e+02 3.214990e+02 -6.739130e+01
      vertex   -9.730371e+02 4.784990e+02 -6.739130e+01
    endloop
  endfacet
  facet normal 0.000000e+00 0.000000e+00 -1.000000e+00
    outer loop
      vertex   -9.587871e+02 4.629991e+02 -6.739130e+01
      vertex   -9.730371e+02 4.784990e+02 -6.739130e+01
      vertex   -9.690371e+02 4.824991e+02 -6.739130e+01
    endloop
  endfacet
  facet normal 0.000000e+00 0.000000e+00 -1.000000e+00
    outer loop
      vertex   -9.690371e+02 4.824991e+02 -6.739130e+01
      vertex   -9.730371e+02 4.784990e+02 -6.739130e+01
      vertex   -9.729964e+02 4.790683e+02 -6.739130e+01
    endloop
  endfacet
  facet normal 0.000000e+00 0.000000e+00 -1.000000e+00
    outer loop
      vertex   -9.690371e+02 4.824991e+02 -6.739130e+01
      vertex   -9.729964e+02 4.790683e+02 -6.739130e+01
      vertex   -9.728751e+02 4.796260e+02 -6.739130e+01
    endloop
  endfacet
  facet normal 0.000000e+00 0.000000e+00 -1.000000e+00
    outer loop
      vertex   -9.728751e+02 4.796260e+02 -6.739130e+01
      vertex   -9.726757e+02 4.801607e+02 -6.739130e+01
      vertex   -9.690371e+02 4.824991e+02 -6.739130e+01
    endloop
  endfacet
  facet normal 0.000000e+00 0.000000e+00 -1.000000e+00
    outer loop
      vertex   -9.690371e+02 4.824991e+02 -6.739130e+01
      vertex   -9.726757e+02 4.801607e+02 -6.739130e+01
      vertex   -9.724021e+02 4.806616e+02 -6.739130e+01
    endloop
  endfacet
  facet normal 0.000000e+00 0.000000e+00 -1.000000e+00
    outer loop
      vertex   -9.690371e+02 4.824991e+02 -6.739130e+01
      vertex   -9.724021e+02 4.806616e+02 -6.739130e+01
      vertex   -9.720601e+02 4.811185e+02 -6.739130e+01
    endloop
  endfacet
  facet normal 0.000000e+00 0.000000e+00 -1.000000e+00
    outer loop
      vertex   -9.720601e+02 4.811185e+02 -6.739130e+01
      vertex   -9.716566e+02 4.815220e+02 -6.739130e+01
      vertex   -9.690371e+02 4.824991e+02 -6.739130e+01
    endloop
  endfacet
  facet normal 0.000000e+00 0.000000e+00 -1.000000e+00
    outer loop
      vertex   -9.690371e+02 4.824991e+02 -6.739130e+01
      vertex   -9.716566e+02 4.815220e+02 -6.739130e+01
      vertex   -9.711997e+02 4.818641e+02 -6.739130e+01
    endloop
  endfacet
  facet normal 0.000000e+00 0.000000e+00 -1.000000e+00
    outer loop
      vertex   -9.690371e+02 4.824991e+02 -6.739130e+01
      vertex   -9.711997e+02 4.818641e+02 -6.739130e+01
      vertex   -9.706988e+02 4.821376e+02 -6.739130e+01
    endloop
  endfacet
  facet normal 0.000000e+00 0.000000e+00 -1.000000e+00
    outer loop
      vertex   -9.706988e+02 4.821376e+02 -6.739130e+01
      vertex   -9.701641e+02 4.823370e+02 -6.739130e+01
      vertex   -9.690371e+02 4.824991e+02 -6.739130e+01
    endloop
  endfacet
  facet normal 0.000000e+00 0.000000e+00 -1.000000e+00
    outer loop
      vertex   -9.690371e+02 4.824991e+02 -6.739130e+01
      vertex   -9.701641e+02 4.823370e+02 -6.739130e+01
      vertex   -9.696064e+02 4.824583e+02 -6.739130e+01
    endloop
  endfacet
  facet normal 8.509406e-17 2.630961e-16 -1.000000e+00
    outer loop
      vertex   -8.020371e+02 4.824996e+02 -6.739130e+01
      vertex   -9.307298e+02 4.701092e+02 -6.739130e+01
      vertex   -9.690371e+02 4.824991e+02 -6.739130e+01
    endloop
  endfacet
  facet normal 0.000000e+00 0.000000e+00 -1.000000e+00
    outer loop
      vertex   -9.690371e+02 4.824991e+02 -6.739130e+01
      vertex   -9.307298e+02 4.701092e+02 -6.739130e+01
      vertex   -9.387871e+02 4.660488e+02 -6.739130e+01
    endloop
  endfacet
  facet normal 0.000000e+00 0.000000e+00 -1.000000e+00
    outer loop
      vertex   -9.690371e+02 4.824991e+02 -6.739130e+01
      vertex   -9.387871e+02 4.660488e+02 -6.739130e+01
      vertex   -9.517871e+02 4.660487e+02 -6.739130e+01
    endloop
  endfacet
  facet normal -0.000000e+00 -0.000000e+00 -1.000000e+00
    outer loop
      vertex   -8.014679e+02 4.824589e+02 -6.739130e+01
      vertex   -8.009102e+02 4.823376e+02 -6.739130e+01
      vertex   -8.020371e+02 4.824996e+02 -6.739130e+01
    endloop
  endfacet
  facet normal 0.000000e+00 0.000000e+00 -1.000000e+00
    outer loop
      vertex   -8.020371e+02 4.824996e+02 -6.739130e+01
      vertex   -8.009102e+02 4.823376e+02 -6.739130e+01
      vertex   -8.003755e+02 4.821381e+02 -6.739130e+01
    endloop
  endfacet
  facet normal 0.000000e+00 0.000000e+00 -1.000000e+00
    outer loop
      vertex   -8.020371e+02 4.824996e+02 -6.739130e+01
      vertex   -8.003755e+02 4.821381e+02 -6.739130e+01
      vertex   -7.998746e+02 4.818646e+02 -6.739130e+01
    endloop
  endfacet
  facet normal -0.000000e+00 -0.000000e+00 -1.000000e+00
    outer loop
      vertex   -7.998746e+02 4.818646e+02 -6.739130e+01
      vertex   -7.994177e+02 4.815226e+02 -6.739130e+01
      vertex   -8.020371e+02 4.824996e+02 -6.739130e+01
    endloop
  endfacet
  facet normal 0.000000e+00 0.000000e+00 -1.000000e+00
    outer loop
      vertex   -8.020371e+02 4.824996e+02 -6.739130e+01
      vertex   -7.994177e+02 4.815226e+02 -6.739130e+01
      vertex   -7.990141e+02 4.811191e+02 -6.739130e+01
    endloop
  endfacet
  facet normal 0.000000e+00 0.000000e+00 -1.000000e+00
    outer loop
      vertex   -8.020371e+02 4.824996e+02 -6.739130e+01
      vertex   -7.990141e+02 4.811191e+02 -6.739130e+01
      vertex   -7.986721e+02 4.806622e+02 -6.739130e+01
    endloop
  endfacet
  facet normal -0.000000e+00 -0.000000e+00 -1.000000e+00
    outer loop
      vertex   -7.986721e+02 4.806622e+02 -6.739130e+01
      vertex   -7.983986e+02 4.801613e+02 -6.739130e+01
      vertex   -8.020371e+02 4.824996e+02 -6.739130e+01
    endloop
  endfacet
  facet normal 0.000000e+00 0.000000e+00 -1.000000e+00
    outer loop
      vertex   -8.020371e+02 4.824996e+02 -6.739130e+01
      vertex   -7.983986e+02 4.801613e+02 -6.739130e+01
      vertex   -7.981992e+02 4.796266e+02 -6.739130e+01
    endloop
  endfacet
  facet normal 0.000000e+00 0.000000e+00 -1.000000e+00
    outer loop
      vertex   -8.020371e+02 4.824996e+02 -6.739130e+01
      vertex   -7.981992e+02 4.796266e+02 -6.739130e+01
      vertex   -7.980778e+02 4.790689e+02 -6.739130e+01
    endloop
  endfacet
  facet normal -0.000000e+00 -0.000000e+00 -1.000000e+00
    outer loop
      vertex   -7.980778e+02 4.790689e+02 -6.739130e+01
      vertex   -7.980371e+02 4.784996e+02 -6.739130e+01
      vertex   -8.020371e+02 4.824996e+02 -6.739130e+01
    endloop
  endfacet
  facet normal 0.000000e+00 -0.000000e+00 -1.000000e+00
    outer loop
      vertex   -8.020371e+02 4.824996e+02 -6.739130e+01
      vertex   -7.980371e+02 4.784996e+02 -6.739130e+01
      vertex   -8.122871e+02 4.629996e+02 -6.739130e+01
    endloop
  endfacet
  facet normal 0.000000e+00 0.000000e+00 -1.000000e+00
    outer loop
      vertex   -8.020371e+02 4.824996e+02 -6.739130e+01
      vertex   -8.122871e+02 4.629996e+02 -6.739130e+01
      vertex   -8.325371e+02 4.701095e+02 -6.739130e+01
    endloop
  endfacet
  facet normal 0.000000e+00 0.000000e+00 -1.000000e+00
    outer loop
      vertex   -8.325371e+02 4.701095e+02 -6.739130e+01
      vertex   -8.122871e+02 4.629996e+02 -6.739130e+01
      vertex   -8.325371e+02 4.629995e+02 -6.739130e+01
    endloop
  endfacet
  facet normal 0.000000e+00 -0.000000e+00 -1.000000e+00
    outer loop
      vertex   -7.980371e+02 4.784996e+02 -6.739130e+01
      vertex   -7.980366e+02 3.214996e+02 -6.739130e+01
      vertex   -8.122871e+02 4.629996e+02 -6.739130e+01
    endloop
  endfacet
  facet normal 0.000000e+00 0.000000e+00 -1.000000e+00
    outer loop
      vertex   -8.122871e+02 4.629996e+02 -6.739130e+01
      vertex   -7.980366e+02 3.214996e+02 -6.739130e+01
      vertex   -8.122866e+02 3.369996e+02 -6.739130e+01
    endloop
  endfacet
  facet normal 0.000000e+00 0.000000e+00 -1.000000e+00
    outer loop
      vertex   -8.122866e+02 3.369996e+02 -6.739130e+01
      vertex   -7.980366e+02 3.214996e+02 -6.739130e+01
      vertex   -8.020366e+02 3.174996e+02 -6.739130e+01
    endloop
  endfacet
  facet normal 0.000000e+00 -0.000000e+00 -1.000000e+00
    outer loop
      vertex   -8.122866e+02 3.369996e+02 -6.739130e+01
      vertex   -8.020366e+02 3.174996e+02 -6.739130e+01
      vertex   -8.325366e+02 3.298895e+02 -6.739130e+01
    endloop
  endfacet
  facet normal 1.447230e-16 3.562626e-16 -1.000000e+00
    outer loop
      vertex   -8.325366e+02 3.298895e+02 -6.739130e+01
      vertex   -8.020366e+02 3.174996e+02 -6.739130e+01
      vertex   -9.307293e+02 3.298892e+02 -6.739130e+01
    endloop
  endfacet
  facet normal 8.509582e-17 -2.630955e-16 -1.000000e+00
    outer loop
      vertex   -9.307293e+02 3.298892e+02 -6.739130e+01
      vertex   -8.020366e+02 3.174996e+02 -6.739130e+01
      vertex   -9.690366e+02 3.174991e+02 -6.739130e+01
    endloop
  endfacet
  facet normal -0.000000e+00 0.000000e+00 -1.000000e+00
    outer loop
      vertex   -9.307293e+02 3.298892e+02 -6.739130e+01
      vertex   -9.690366e+02 3.174991e+02 -6.739130e+01
      vertex   -9.387866e+02 3.339495e+02 -6.739130e+01
    endloop
  endfacet
  facet normal 0.000000e+00 0.000000e+00 -1.000000e+00
    outer loop
      vertex   -9.387866e+02 3.339495e+02 -6.739130e+01
      vertex   -9.690366e+02 3.174991e+02 -6.739130e+01
      vertex   -9.517866e+02 3.339495e+02 -6.739130e+01
    endloop
  endfacet
  facet normal 0.000000e+00 0.000000e+00 -1.000000e+00
    outer loop
      vertex   -7.980366e+02 3.214996e+02 -6.739130e+01
      vertex   -7.980773e+02 3.209304e+02 -6.739130e+01
      vertex   -8.020366e+02 3.174996e+02 -6.739130e+01
    endloop
  endfacet
  facet normal 0.000000e+00 0.000000e+00 -1.000000e+00
    outer loop
      vertex   -8.020366e+02 3.174996e+02 -6.739130e+01
      vertex   -7.980773e+02 3.209304e+02 -6.739130e+01
      vertex   -7.981986e+02 3.203727e+02 -6.739130e+01
    endloop
  endfacet
  facet normal 0.000000e+00 0.000000e+00 -1.000000e+00
    outer loop
      vertex   -8.020366e+02 3.174996e+02 -6.739130e+01
      vertex   -7.981986e+02 3.203727e+02 -6.739130e+01
      vertex   -7.983981e+02 3.198380e+02 -6.739130e+01
    endloop
  endfacet
  facet normal 0.000000e+00 0.000000e+00 -1.000000e+00
    outer loop
      vertex   -7.983981e+02 3.198380e+02 -6.739130e+01
      vertex   -7.986716e+02 3.193371e+02 -6.739130e+01
      vertex   -8.020366e+02 3.174996e+02 -6.739130e+01
    endloop
  endfacet
  facet normal 0.000000e+00 0.000000e+00 -1.000000e+00
    outer loop
      vertex   -8.020366e+02 3.174996e+02 -6.739130e+01
      vertex   -7.986716e+02 3.193371e+02 -6.739130e+01
      vertex   -7.990136e+02 3.188802e+02 -6.739130e+01
    endloop
  endfacet
  facet normal 0.000000e+00 0.000000e+00 -1.000000e+00
    outer loop
      vertex   -8.020366e+02 3.174996e+02 -6.739130e+01
      vertex   -7.990136e+02 3.188802e+02 -6.739130e+01
      vertex   -7.994171e+02 3.184766e+02 -6.739130e+01
    endloop
  endfacet
  facet normal 0.000000e+00 0.000000e+00 -1.000000e+00
    outer loop
      vertex   -7.994171e+02 3.184766e+02 -6.739130e+01
      vertex   -7.998740e+02 3.181346e+02 -6.739130e+01
      vertex   -8.020366e+02 3.174996e+02 -6.739130e+01
    endloop
  endfacet
  facet normal 0.000000e+00 0.000000e+00 -1.000000e+00
    outer loop
      vertex   -8.020366e+02 3.174996e+02 -6.739130e+01
      vertex   -7.998740e+02 3.181346e+02 -6.739130e+01
      vertex   -8.003749e+02 3.178611e+02 -6.739130e+01
    endloop
  endfacet
  facet normal 0.000000e+00 0.000000e+00 -1.000000e+00
    outer loop
      vertex   -8.020366e+02 3.174996e+02 -6.739130e+01
      vertex   -8.003749e+02 3.178611e+02 -6.739130e+01
      vertex   -8.009097e+02 3.176616e+02 -6.739130e+01
    endloop
  endfacet
  facet normal 0.000000e+00 0.000000e+00 -1.000000e+00
    outer loop
      vertex   -8.009097e+02 3.176616e+02 -6.739130e+01
      vertex   -8.014673e+02 3.175403e+02 -6.739130e+01
      vertex   -8.020366e+02 3.174996e+02 -6.739130e+01
    endloop
  endfacet
  facet normal 0.000000e+00 0.000000e+00 -1.000000e+00
    outer loop
      vertex   -9.387867e+02 3.369992e+02 -6.739130e+01
      vertex   -9.377938e+02 3.368034e+02 -6.739130e+01
      vertex   -9.387866e+02 3.339495e+02 -6.739130e+01
    endloop
  endfacet
  facet normal 0.000000e+00 0.000000e+00 -1.000000e+00
    outer loop
      vertex   -9.387866e+02 3.339495e+02 -6.739130e+01
      vertex   -9.377938e+02 3.368034e+02 -6.739130e+01
      vertex   -9.368395e+02 3.364665e+02 -6.739130e+01
    endloop
  endfacet
  facet normal 0.000000e+00 0.000000e+00 -1.000000e+00
    outer loop
      vertex   -9.387866e+02 3.339495e+02 -6.739130e+01
      vertex   -9.368395e+02 3.364665e+02 -6.739130e+01
      vertex   -9.359437e+02 3.359955e+02 -6.739130e+01
    endloop
  endfacet
  facet normal 0.000000e+00 -0.000000e+00 -1.000000e+00
    outer loop
      vertex   -9.359437e+02 3.359955e+02 -6.739130e+01
      vertex   -9.351253e+02 3.354002e+02 -6.739130e+01
      vertex   -9.387866e+02 3.339495e+02 -6.739130e+01
    endloop
  endfacet
  facet normal 0.000000e+00 0.000000e+00 -1.000000e+00
    outer loop
      vertex   -9.387866e+02 3.339495e+02 -6.739130e+01
      vertex   -9.351253e+02 3.354002e+02 -6.739130e+01
      vertex   -9.344012e+02 3.346932e+02 -6.739130e+01
    endloop
  endfacet
  facet normal 0.000000e+00 0.000000e+00 -1.000000e+00
    outer loop
      vertex   -9.387866e+02 3.339495e+02 -6.739130e+01
      vertex   -9.344012e+02 3.346932e+02 -6.739130e+01
      vertex   -9.307293e+02 3.298892e+02 -6.739130e+01
    endloop
  endfacet
  facet normal 0.000000e+00 0.000000e+00 -1.000000e+00
    outer loop
      vertex   -8.325366e+02 3.298895e+02 -6.739130e+01
      vertex   -8.325367e+02 3.369995e+02 -6.739130e+01
      vertex   -8.122866e+02 3.369996e+02 -6.739130e+01
    endloop
  endfacet
  facet normal 1.447254e-16 -3.562616e-16 -1.000000e+00
    outer loop
      vertex   -8.325371e+02 4.701095e+02 -6.739130e+01
      vertex   -9.307298e+02 4.701092e+02 -6.739130e+01
      vertex   -8.020371e+02 4.824996e+02 -6.739130e+01
    endloop
  endfacet
  facet normal 0.000000e+00 0.000000e+00 -1.000000e+00
    outer loop
      vertex   -9.307298e+02 4.701092e+02 -6.739130e+01
      vertex   -9.344016e+02 4.653051e+02 -6.739130e+01
      vertex   -9.387871e+02 4.660488e+02 -6.739130e+01
    endloop
  endfacet
  facet normal 0.000000e+00 0.000000e+00 -1.000000e+00
    outer loop
      vertex   -9.387871e+02 4.660488e+02 -6.739130e+01
      vertex   -9.344016e+02 4.653051e+02 -6.739130e+01
      vertex   -9.351257e+02 4.645981e+02 -6.739130e+01
    endloop
  endfacet
  facet normal 0.000000e+00 0.000000e+00 -1.000000e+00
    outer loop
      vertex   -9.387871e+02 4.660488e+02 -6.739130e+01
      vertex   -9.351257e+02 4.645981e+02 -6.739130e+01
      vertex   -9.359442e+02 4.640029e+02 -6.739130e+01
    endloop
  endfacet
  facet normal -0.000000e+00 0.000000e+00 -1.000000e+00
    outer loop
      vertex   -9.359442e+02 4.640029e+02 -6.739130e+01
      vertex   -9.368399e+02 4.635319e+02 -6.739130e+01
      vertex   -9.387871e+02 4.660488e+02 -6.739130e+01
    endloop
  endfacet
  facet normal 0.000000e+00 0.000000e+00 -1.000000e+00
    outer loop
      vertex   -9.387871e+02 4.660488e+02 -6.739130e+01
      vertex   -9.368399e+02 4.635319e+02 -6.739130e+01
      vertex   -9.377942e+02 4.631950e+02 -6.739130e+01
    endloop
  endfacet
  facet normal 0.000000e+00 0.000000e+00 -1.000000e+00
    outer loop
      vertex   -9.387871e+02 4.660488e+02 -6.739130e+01
      vertex   -9.377942e+02 4.631950e+02 -6.739130e+01
      vertex   -9.387871e+02 4.629992e+02 -6.739130e+01
    endloop
  endfacet
  facet normal -0.000000e+00 0.000000e+00 -1.000000e+00
    outer loop
      vertex   -9.517871e+02 4.629991e+02 -6.739130e+01
      vertex   -9.587871e+02 4.629991e+02 -6.739130e+01
      vertex   -9.517871e+02 4.660487e+02 -6.739130e+01
    endloop
  endfacet
  facet normal -0.000000e+00 0.000000e+00 -1.000000e+00
    outer loop
      vertex   -9.517871e+02 4.660487e+02 -6.739130e+01
      vertex   -9.587871e+02 4.629991e+02 -6.739130e+01
      vertex   -9.690371e+02 4.824991e+02 -6.739130e+01
    endloop
  endfacet
  facet normal 3.341946e-06 -1.000000e+00 0.000000e+00
    outer loop
      vertex   -8.020366e+02 3.174996e+02 -5.195730e+01
      vertex   -9.690366e+02 3.174991e+02 -5.195730e+01
      vertex   -8.020366e+02 3.174996e+02 -6.739130e+01
    endloop
  endfacet
  facet normal 3.341946e-06 -1.000000e+00 0.000000e+00
    outer loop
      vertex   -8.020366e+02 3.174996e+02 -6.739130e+01
      vertex   -9.690366e+02 3.174991e+02 -5.195730e+01
      vertex   -9.690366e+02 3.174991e+02 -6.739130e+01
    endloop
  endfacet
  facet normal 7.071068e-01 2.363112e-06 -7.071068e-01
    outer loop
      vertex   -9.587871e+02 4.629991e+02 -6.739130e+01
      vertex   -9.547871e+02 4.629991e+02 -6.339130e+01
      vertex   -9.587866e+02 3.369991e+02 -6.739130e+01
    endloop
  endfacet
  facet normal 7.071068e-01 2.363112e-06 -7.071068e-01
    outer loop
      vertex   -9.587866e+02 3.369991e+02 -6.739130e+01
      vertex   -9.547871e+02 4.629991e+02 -6.339130e+01
      vertex   -9.547866e+02 3.369991e+02 -6.339130e+01
    endloop
  endfacet
  facet normal -7.071068e-01 -2.363112e-06 -7.071068e-01
    outer loop
      vertex   -8.122866e+02 3.369996e+02 -6.739130e+01
      vertex   -8.162866e+02 3.369996e+02 -6.339130e+01
      vertex   -8.122871e+02 4.629996e+02 -6.739130e+01
    endloop
  endfacet
  facet normal -7.071068e-01 -2.363112e-06 -7.071068e-01
    outer loop
      vertex   -8.122871e+02 4.629996e+02 -6.739130e+01
      vertex   -8.162866e+02 3.369996e+02 -6.339130e+01
      vertex   -8.162871e+02 4.629996e+02 -6.339130e+01
    endloop
  endfacet
  facet normal -2.363112e-06 7.071068e-01 7.071068e-01
    outer loop
      vertex   -9.517866e+02 3.356995e+02 -6.339130e+01
      vertex   -9.387866e+02 3.356995e+02 -6.339130e+01
      vertex   -9.517866e+02 3.366995e+02 -6.439130e+01
    endloop
  endfacet
  facet normal -2.363112e-06 7.071068e-01 7.071068e-01
    outer loop
      vertex   -9.517866e+02 3.366995e+02 -6.439130e+01
      vertex   -9.387866e+02 3.356995e+02 -6.339130e+01
      vertex   -9.387867e+02 3.366995e+02 -6.439130e+01
    endloop
  endfacet
  facet normal -0.000000e+00 0.000000e+00 1.000000e+00
    outer loop
      vertex   -9.517866e+02 3.356995e+02 -6.339130e+01
      vertex   -9.517866e+02 3.321995e+02 -6.339130e+01
      vertex   -9.387866e+02 3.356995e+02 -6.339130e+01
    endloop
  endfacet
  facet normal 0.000000e+00 0.000000e+00 1.000000e+00
    outer loop
      vertex   -9.387866e+02 3.356995e+02 -6.339130e+01
      vertex   -9.517866e+02 3.321995e+02 -6.339130e+01
      vertex   -9.387866e+02 3.321995e+02 -6.339130e+01
    endloop
  endfacet
  facet normal -3.329228e-06 9.961947e-01 -8.715574e-02
    outer loop
      vertex   -9.387867e+02 3.366806e+02 -6.485836e+01
      vertex   -9.431200e+02 3.366805e+02 -6.485836e+01
      vertex   -9.387867e+02 3.366995e+02 -6.464130e+01
    endloop
  endfacet
  facet normal -3.329228e-06 9.961947e-01 -8.715574e-02
    outer loop
      vertex   -9.387867e+02 3.366995e+02 -6.464130e+01
      vertex   -9.431200e+02 3.366805e+02 -6.485836e+01
      vertex   -9.474533e+02 3.366805e+02 -6.485836e+01
    endloop
  endfacet
  facet normal -3.329228e-06 9.961947e-01 -8.715574e-02
    outer loop
      vertex   -9.387867e+02 3.366995e+02 -6.464130e+01
      vertex   -9.474533e+02 3.366805e+02 -6.485836e+01
      vertex   -9.517866e+02 3.366995e+02 -6.464130e+01
    endloop
  endfacet
  facet normal -3.329228e-06 9.961947e-01 -8.715574e-02
    outer loop
      vertex   -9.517866e+02 3.366995e+02 -6.464130e+01
      vertex   -9.474533e+02 3.366805e+02 -6.485836e+01
      vertex   -9.517866e+02 3.366805e+02 -6.485836e+01
    endloop
  endfacet
  facet normal -3.228071e-06 9.659258e-01 -2.588190e-01
    outer loop
      vertex   -9.517866e+02 3.366805e+02 -6.485836e+01
      vertex   -9.474533e+02 3.366805e+02 -6.485836e+01
      vertex   -9.517866e+02 3.366241e+02 -6.506883e+01
    endloop
  endfacet
  facet normal -3.228071e-06 9.659258e-01 -2.588190e-01
    outer loop
      vertex   -9.517866e+02 3.366241e+02 -6.506883e+01
      vertex   -9.474533e+02 3.366805e+02 -6.485836e+01
      vertex   -9.474533e+02 3.366241e+02 -6.506883e+01
    endloop
  endfacet
  facet normal -3.028831e-06 9.063078e-01 -4.226183e-01
    outer loop
      vertex   -9.517866e+02 3.366241e+02 -6.506883e+01
      vertex   -9.474533e+02 3.366241e+02 -6.506883e+01
      vertex   -9.517866e+02 3.365320e+02 -6.526630e+01
    endloop
  endfacet
  facet normal -3.028831e-06 9.063078e-01 -4.226183e-01
    outer loop
      vertex   -9.517866e+02 3.365320e+02 -6.526630e+01
      vertex   -9.474533e+02 3.366241e+02 -6.506883e+01
      vertex   -9.474533e+02 3.365320e+02 -6.526630e+01
    endloop
  endfacet
  facet normal -2.737561e-06 8.191520e-01 -5.735764e-01
    outer loop
      vertex   -9.517866e+02 3.365320e+02 -6.526630e+01
      vertex   -9.474533e+02 3.365320e+02 -6.526630e+01
      vertex   -9.517866e+02 3.364071e+02 -6.544479e+01
    endloop
  endfacet
  facet normal -2.737562e-06 8.191520e-01 -5.735764e-01
    outer loop
      vertex   -9.517866e+02 3.364071e+02 -6.544479e+01
      vertex   -9.474533e+02 3.365320e+02 -6.526630e+01
      vertex   -9.474533e+02 3.364071e+02 -6.544479e+01
    endloop
  endfacet
  facet normal -2.363112e-06 7.071068e-01 -7.071068e-01
    outer loop
      vertex   -9.517866e+02 3.364071e+02 -6.544479e+01
      vertex   -9.474533e+02 3.364071e+02 -6.544479e+01
      vertex   -9.517866e+02 3.362530e+02 -6.559886e+01
    endloop
  endfacet
  facet normal -2.363112e-06 7.071068e-01 -7.071068e-01
    outer loop
      vertex   -9.517866e+02 3.362530e+02 -6.559886e+01
      vertex   -9.474533e+02 3.364071e+02 -6.544479e+01
      vertex   -9.474533e+02 3.362530e+02 -6.559886e+01
    endloop
  endfacet
  facet normal -1.916861e-06 5.735764e-01 -8.191520e-01
    outer loop
      vertex   -9.517866e+02 3.362530e+02 -6.559886e+01
      vertex   -9.474533e+02 3.362530e+02 -6.559886e+01
      vertex   -9.517866e+02 3.360745e+02 -6.572384e+01
    endloop
  endfacet
  facet normal -1.916861e-06 5.735764e-01 -8.191520e-01
    outer loop
      vertex   -9.517866e+02 3.360745e+02 -6.572384e+01
      vertex   -9.474533e+02 3.362530e+02 -6.559886e+01
      vertex   -9.474533e+02 3.360745e+02 -6.572384e+01
    endloop
  endfacet
  facet normal -1.412367e-06 4.226183e-01 -9.063078e-01
    outer loop
      vertex   -9.517866e+02 3.360745e+02 -6.572384e+01
      vertex   -9.474533e+02 3.360745e+02 -6.572384e+01
      vertex   -9.517866e+02 3.358770e+02 -6.581592e+01
    endloop
  endfacet
  facet normal -1.412367e-06 4.226183e-01 -9.063078e-01
    outer loop
      vertex   -9.517866e+02 3.358770e+02 -6.581592e+01
      vertex   -9.474533e+02 3.360745e+02 -6.572384e+01
      vertex   -9.474533e+02 3.358770e+02 -6.581592e+01
    endloop
  endfacet
  facet normal -8.649591e-07 2.588190e-01 -9.659258e-01
    outer loop
      vertex   -9.517866e+02 3.358770e+02 -6.581592e+01
      vertex   -9.474533e+02 3.358770e+02 -6.581592e+01
      vertex   -9.517866e+02 3.356666e+02 -6.587231e+01
    endloop
  endfacet
  facet normal -8.649591e-07 2.588190e-01 -9.659258e-01
    outer loop
      vertex   -9.517866e+02 3.356666e+02 -6.587231e+01
      vertex   -9.474533e+02 3.358770e+02 -6.581592e+01
      vertex   -9.474533e+02 3.356666e+02 -6.587231e+01
    endloop
  endfacet
  facet normal -2.912697e-07 8.715574e-02 -9.961947e-01
    outer loop
      vertex   -9.517866e+02 3.356666e+02 -6.587231e+01
      vertex   -9.474533e+02 3.356666e+02 -6.587231e+01
      vertex   -9.517866e+02 3.354495e+02 -6.589130e+01
    endloop
  endfacet
  facet normal -2.912697e-07 8.715574e-02 -9.961947e-01
    outer loop
      vertex   -9.517866e+02 3.354495e+02 -6.589130e+01
      vertex   -9.474533e+02 3.356666e+02 -6.587231e+01
      vertex   -9.431200e+02 3.356666e+02 -6.587231e+01
    endloop
  endfacet
  facet normal -2.912697e-07 8.715574e-02 -9.961947e-01
    outer loop
      vertex   -9.517866e+02 3.354495e+02 -6.589130e+01
      vertex   -9.431200e+02 3.356666e+02 -6.587231e+01
      vertex   -9.387866e+02 3.354495e+02 -6.589130e+01
    endloop
  endfacet
  facet normal -2.912697e-07 8.715574e-02 -9.961947e-01
    outer loop
      vertex   -9.387866e+02 3.354495e+02 -6.589130e+01
      vertex   -9.431200e+02 3.356666e+02 -6.587231e+01
      vertex   -9.387866e+02 3.356666e+02 -6.587231e+01
    endloop
  endfacet
  facet normal -8.649591e-07 2.588190e-01 -9.659258e-01
    outer loop
      vertex   -9.387866e+02 3.356666e+02 -6.587231e+01
      vertex   -9.431200e+02 3.356666e+02 -6.587231e+01
      vertex   -9.387866e+02 3.358771e+02 -6.581592e+01
    endloop
  endfacet
  facet normal -8.649592e-07 2.588190e-01 -9.659258e-01
    outer loop
      vertex   -9.387866e+02 3.358771e+02 -6.581592e+01
      vertex   -9.431200e+02 3.356666e+02 -6.587231e+01
      vertex   -9.431200e+02 3.358771e+02 -6.581592e+01
    endloop
  endfacet
  facet normal -1.412367e-06 4.226183e-01 -9.063078e-01
    outer loop
      vertex   -9.387866e+02 3.358771e+02 -6.581592e+01
      vertex   -9.431200e+02 3.358771e+02 -6.581592e+01
      vertex   -9.387867e+02 3.360745e+02 -6.572384e+01
    endloop
  endfacet
  facet normal -1.412367e-06 4.226183e-01 -9.063078e-01
    outer loop
      vertex   -9.387867e+02 3.360745e+02 -6.572384e+01
      vertex   -9.431200e+02 3.358771e+02 -6.581592e+01
      vertex   -9.431200e+02 3.360745e+02 -6.572384e+01
    endloop
  endfacet
  facet normal -1.916861e-06 5.735764e-01 -8.191520e-01
    outer loop
      vertex   -9.387867e+02 3.360745e+02 -6.572384e+01
      vertex   -9.431200e+02 3.360745e+02 -6.572384e+01
      vertex   -9.387867e+02 3.362530e+02 -6.559886e+01
    endloop
  endfacet
  facet normal -1.916861e-06 5.735764e-01 -8.191520e-01
    outer loop
      vertex   -9.387867e+02 3.362530e+02 -6.559886e+01
      vertex   -9.431200e+02 3.360745e+02 -6.572384e+01
      vertex   -9.431200e+02 3.362530e+02 -6.559886e+01
    endloop
  endfacet
  facet normal -2.363112e-06 7.071068e-01 -7.071068e-01
    outer loop
      vertex   -9.387867e+02 3.362530e+02 -6.559886e+01
      vertex   -9.431200e+02 3.362530e+02 -6.559886e+01
      vertex   -9.387867e+02 3.364071e+02 -6.544479e+01
    endloop
  endfacet
  facet normal -2.363112e-06 7.071068e-01 -7.071068e-01
    outer loop
      vertex   -9.387867e+02 3.364071e+02 -6.544479e+01
      vertex   -9.431200e+02 3.362530e+02 -6.559886e+01
      vertex   -9.431200e+02 3.364071e+02 -6.544479e+01
    endloop
  endfacet
  facet normal -2.737561e-06 8.191520e-01 -5.735764e-01
    outer loop
      vertex   -9.387867e+02 3.364071e+02 -6.544479e+01
      vertex   -9.431200e+02 3.364071e+02 -6.544479e+01
      vertex   -9.387867e+02 3.365321e+02 -6.526630e+01
    endloop
  endfacet
  facet normal -2.737561e-06 8.191520e-01 -5.735764e-01
    outer loop
      vertex   -9.387867e+02 3.365321e+02 -6.526630e+01
      vertex   -9.431200e+02 3.364071e+02 -6.544479e+01
      vertex   -9.431200e+02 3.365321e+02 -6.526630e+01
    endloop
  endfacet
  facet normal -3.028831e-06 9.063078e-01 -4.226183e-01
    outer loop
      vertex   -9.387867e+02 3.365321e+02 -6.526630e+01
      vertex   -9.431200e+02 3.365321e+02 -6.526630e+01
      vertex   -9.387867e+02 3.366242e+02 -6.506883e+01
    endloop
  endfacet
  facet normal -3.028831e-06 9.063078e-01 -4.226183e-01
    outer loop
      vertex   -9.387867e+02 3.366242e+02 -6.506883e+01
      vertex   -9.431200e+02 3.365321e+02 -6.526630e+01
      vertex   -9.431200e+02 3.366241e+02 -6.506883e+01
    endloop
  endfacet
  facet normal -3.228071e-06 9.659258e-01 -2.588190e-01
    outer loop
      vertex   -9.387867e+02 3.366242e+02 -6.506883e+01
      vertex   -9.431200e+02 3.366241e+02 -6.506883e+01
      vertex   -9.387867e+02 3.366806e+02 -6.485836e+01
    endloop
  endfacet
  facet normal -3.228071e-06 9.659258e-01 -2.588190e-01
    outer loop
      vertex   -9.387867e+02 3.366806e+02 -6.485836e+01
      vertex   -9.431200e+02 3.366241e+02 -6.506883e+01
      vertex   -9.431200e+02 3.366805e+02 -6.485836e+01
    endloop
  endfacet
  facet normal -3.228071e-06 9.659258e-01 -2.588190e-01
    outer loop
      vertex   -9.474533e+02 3.366241e+02 -6.506883e+01
      vertex   -9.474533e+02 3.366805e+02 -6.485836e+01
      vertex   -9.431200e+02 3.366805e+02 -6.485836e+01
    endloop
  endfacet
  facet normal -3.228071e-06 9.659258e-01 -2.588190e-01
    outer loop
      vertex   -9.474533e+02 3.366241e+02 -6.506883e+01
      vertex   -9.431200e+02 3.366805e+02 -6.485836e+01
      vertex   -9.431200e+02 3.366241e+02 -6.506883e+01
    endloop
  endfacet
  facet normal -3.028831e-06 9.063078e-01 -4.226183e-01
    outer loop
      vertex   -9.474533e+02 3.365320e+02 -6.526630e+01
      vertex   -9.474533e+02 3.366241e+02 -6.506883e+01
      vertex   -9.431200e+02 3.366241e+02 -6.506883e+01
    endloop
  endfacet
  facet normal -3.028831e-06 9.063078e-01 -4.226183e-01
    outer loop
      vertex   -9.474533e+02 3.365320e+02 -6.526630e+01
      vertex   -9.431200e+02 3.366241e+02 -6.506883e+01
      vertex   -9.431200e+02 3.365321e+02 -6.526630e+01
    endloop
  endfacet
  facet normal -2.737561e-06 8.191520e-01 -5.735764e-01
    outer loop
      vertex   -9.474533e+02 3.364071e+02 -6.544479e+01
      vertex   -9.474533e+02 3.365320e+02 -6.526630e+01
      vertex   -9.431200e+02 3.365321e+02 -6.526630e+01
    endloop
  endfacet
  facet normal -2.737561e-06 8.191520e-01 -5.735764e-01
    outer loop
      vertex   -9.474533e+02 3.364071e+02 -6.544479e+01
      vertex   -9.431200e+02 3.365321e+02 -6.526630e+01
      vertex   -9.431200e+02 3.364071e+02 -6.544479e+01
    endloop
  endfacet
  facet normal -2.363112e-06 7.071068e-01 -7.071068e-01
    outer loop
      vertex   -9.474533e+02 3.362530e+02 -6.559886e+01
      vertex   -9.474533e+02 3.364071e+02 -6.544479e+01
      vertex   -9.431200e+02 3.364071e+02 -6.544479e+01
    endloop
  endfacet
  facet normal -2.363112e-06 7.071068e-01 -7.071068e-01
    outer loop
      vertex   -9.474533e+02 3.362530e+02 -6.559886e+01
      vertex   -9.431200e+02 3.364071e+02 -6.544479e+01
      vertex   -9.431200e+02 3.362530e+02 -6.559886e+01
    endloop
  endfacet
  facet normal -1.916861e-06 5.735764e-01 -8.191520e-01
    outer loop
      vertex   -9.474533e+02 3.360745e+02 -6.572384e+01
      vertex   -9.474533e+02 3.362530e+02 -6.559886e+01
      vertex   -9.431200e+02 3.362530e+02 -6.559886e+01
    endloop
  endfacet
  facet normal -1.916861e-06 5.735764e-01 -8.191520e-01
    outer loop
      vertex   -9.474533e+02 3.360745e+02 -6.572384e+01
      vertex   -9.431200e+02 3.362530e+02 -6.559886e+01
      vertex   -9.431200e+02 3.360745e+02 -6.572384e+01
    endloop
  endfacet
  facet normal -1.412367e-06 4.226183e-01 -9.063078e-01
    outer loop
      vertex   -9.474533e+02 3.358770e+02 -6.581592e+01
      vertex   -9.474533e+02 3.360745e+02 -6.572384e+01
      vertex   -9.431200e+02 3.360745e+02 -6.572384e+01
    endloop
  endfacet
  facet normal -1.412367e-06 4.226183e-01 -9.063078e-01
    outer loop
      vertex   -9.474533e+02 3.358770e+02 -6.581592e+01
      vertex   -9.431200e+02 3.360745e+02 -6.572384e+01
      vertex   -9.431200e+02 3.358771e+02 -6.581592e+01
    endloop
  endfacet
  facet normal -8.649591e-07 2.588190e-01 -9.659258e-01
    outer loop
      vertex   -9.474533e+02 3.356666e+02 -6.587231e+01
      vertex   -9.474533e+02 3.358770e+02 -6.581592e+01
      vertex   -9.431200e+02 3.358771e+02 -6.581592e+01
    endloop
  endfacet
  facet normal -8.649591e-07 2.588190e-01 -9.659258e-01
    outer loop
      vertex   -9.474533e+02 3.356666e+02 -6.587231e+01
      vertex   -9.431200e+02 3.358771e+02 -6.581592e+01
      vertex   -9.431200e+02 3.356666e+02 -6.587231e+01
    endloop
  endfacet
  facet normal -3.341946e-06 1.000000e+00 0.000000e+00
    outer loop
      vertex   -9.387867e+02 3.366995e+02 -6.439130e+01
      vertex   -9.387867e+02 3.366995e+02 -6.464130e+01
      vertex   -9.517866e+02 3.366995e+02 -6.439130e+01
    endloop
  endfacet
  facet normal -3.341946e-06 1.000000e+00 0.000000e+00
    outer loop
      vertex   -9.517866e+02 3.366995e+02 -6.439130e+01
      vertex   -9.387867e+02 3.366995e+02 -6.464130e+01
      vertex   -9.517866e+02 3.366995e+02 -6.464130e+01
    endloop
  endfacet
  facet normal -3.341946e-06 1.000000e+00 0.000000e+00
    outer loop
      vertex   -8.325367e+02 3.369995e+02 -6.339130e+01
      vertex   -8.162866e+02 3.369996e+02 -6.339130e+01
      vertex   -8.325367e+02 3.369995e+02 -6.739130e+01
    endloop
  endfacet
  facet normal -3.341946e-06 1.000000e+00 -2.739259e-15
    outer loop
      vertex   -8.325367e+02 3.369995e+02 -6.739130e+01
      vertex   -8.162866e+02 3.369996e+02 -6.339130e+01
      vertex   -8.122866e+02 3.369996e+02 -6.739130e+01
    endloop
  endfacet
  facet normal -1.000000e+00 -3.341946e-06 -0.000000e+00
    outer loop
      vertex   -8.325367e+02 3.369995e+02 -6.339130e+01
      vertex   -8.325367e+02 3.369995e+02 -6.739130e+01
      vertex   -8.325366e+02 3.338895e+02 -6.339130e+01
    endloop
  endfacet
  facet normal -1.000000e+00 -3.341946e-06 1.512930e-14
    outer loop
      vertex   -8.325366e+02 3.338895e+02 -6.339130e+01
      vertex   -8.325367e+02 3.369995e+02 -6.739130e+01
      vertex   -8.325366e+02 3.298895e+02 -6.739130e+01
    endloop
  endfacet
  facet normal 4.372646e-16 -2.284704e-15 1.000000e+00
    outer loop
      vertex   -8.162866e+02 3.338896e+02 -6.339130e+01
      vertex   -8.162866e+02 3.369996e+02 -6.339130e+01
      vertex   -8.325366e+02 3.338895e+02 -6.339130e+01
    endloop
  endfacet
  facet normal 0.000000e+00 -0.000000e+00 1.000000e+00
    outer loop
      vertex   -8.325366e+02 3.338895e+02 -6.339130e+01
      vertex   -8.162866e+02 3.369996e+02 -6.339130e+01
      vertex   -8.325367e+02 3.369995e+02 -6.339130e+01
    endloop
  endfacet
  facet normal 3.329228e-06 -9.961947e-01 -8.715574e-02
    outer loop
      vertex   -9.517871e+02 4.633177e+02 -6.485836e+01
      vertex   -9.474537e+02 4.633177e+02 -6.485836e+01
      vertex   -9.517871e+02 4.632987e+02 -6.464130e+01
    endloop
  endfacet
  facet normal 3.329228e-06 -9.961947e-01 -8.715574e-02
    outer loop
      vertex   -9.517871e+02 4.632987e+02 -6.464130e+01
      vertex   -9.474537e+02 4.633177e+02 -6.485836e+01
      vertex   -9.431204e+02 4.633177e+02 -6.485836e+01
    endloop
  endfacet
  facet normal 3.329228e-06 -9.961947e-01 -8.715574e-02
    outer loop
      vertex   -9.517871e+02 4.632987e+02 -6.464130e+01
      vertex   -9.431204e+02 4.633177e+02 -6.485836e+01
      vertex   -9.387871e+02 4.632988e+02 -6.464130e+01
    endloop
  endfacet
  facet normal 3.329228e-06 -9.961947e-01 -8.715574e-02
    outer loop
      vertex   -9.387871e+02 4.632988e+02 -6.464130e+01
      vertex   -9.431204e+02 4.633177e+02 -6.485836e+01
      vertex   -9.387871e+02 4.633178e+02 -6.485836e+01
    endloop
  endfacet
  facet normal 3.228071e-06 -9.659258e-01 -2.588190e-01
    outer loop
      vertex   -9.387871e+02 4.633178e+02 -6.485836e+01
      vertex   -9.431204e+02 4.633177e+02 -6.485836e+01
      vertex   -9.387871e+02 4.633742e+02 -6.506883e+01
    endloop
  endfacet
  facet normal 3.228071e-06 -9.659258e-01 -2.588190e-01
    outer loop
      vertex   -9.387871e+02 4.633742e+02 -6.506883e+01
      vertex   -9.431204e+02 4.633177e+02 -6.485836e+01
      vertex   -9.431204e+02 4.633741e+02 -6.506883e+01
    endloop
  endfacet
  facet normal 3.028831e-06 -9.063078e-01 -4.226183e-01
    outer loop
      vertex   -9.387871e+02 4.633742e+02 -6.506883e+01
      vertex   -9.431204e+02 4.633741e+02 -6.506883e+01
      vertex   -9.387871e+02 4.634662e+02 -6.526630e+01
    endloop
  endfacet
  facet normal 3.028831e-06 -9.063078e-01 -4.226183e-01
    outer loop
      vertex   -9.387871e+02 4.634662e+02 -6.526630e+01
      vertex   -9.431204e+02 4.633741e+02 -6.506883e+01
      vertex   -9.431204e+02 4.634662e+02 -6.526630e+01
    endloop
  endfacet
  facet normal 2.737562e-06 -8.191520e-01 -5.735764e-01
    outer loop
      vertex   -9.387871e+02 4.634662e+02 -6.526630e+01
      vertex   -9.431204e+02 4.634662e+02 -6.526630e+01
      vertex   -9.387871e+02 4.635912e+02 -6.544479e+01
    endloop
  endfacet
  facet normal 2.737562e-06 -8.191520e-01 -5.735764e-01
    outer loop
      vertex   -9.387871e+02 4.635912e+02 -6.544479e+01
      vertex   -9.431204e+02 4.634662e+02 -6.526630e+01
      vertex   -9.431204e+02 4.635912e+02 -6.544479e+01
    endloop
  endfacet
  facet normal 2.363112e-06 -7.071068e-01 -7.071068e-01
    outer loop
      vertex   -9.387871e+02 4.635912e+02 -6.544479e+01
      vertex   -9.431204e+02 4.635912e+02 -6.544479e+01
      vertex   -9.387871e+02 4.637453e+02 -6.559886e+01
    endloop
  endfacet
  facet normal 2.363112e-06 -7.071068e-01 -7.071068e-01
    outer loop
      vertex   -9.387871e+02 4.637453e+02 -6.559886e+01
      vertex   -9.431204e+02 4.635912e+02 -6.544479e+01
      vertex   -9.431204e+02 4.637453e+02 -6.559886e+01
    endloop
  endfacet
  facet normal 1.916861e-06 -5.735764e-01 -8.191520e-01
    outer loop
      vertex   -9.387871e+02 4.637453e+02 -6.559886e+01
      vertex   -9.431204e+02 4.637453e+02 -6.559886e+01
      vertex   -9.387871e+02 4.639238e+02 -6.572384e+01
    endloop
  endfacet
  facet normal 1.916861e-06 -5.735764e-01 -8.191520e-01
    outer loop
      vertex   -9.387871e+02 4.639238e+02 -6.572384e+01
      vertex   -9.431204e+02 4.637453e+02 -6.559886e+01
      vertex   -9.431204e+02 4.639238e+02 -6.572384e+01
    endloop
  endfacet
  facet normal 1.412367e-06 -4.226183e-01 -9.063078e-01
    outer loop
      vertex   -9.387871e+02 4.639238e+02 -6.572384e+01
      vertex   -9.431204e+02 4.639238e+02 -6.572384e+01
      vertex   -9.387871e+02 4.641212e+02 -6.581592e+01
    endloop
  endfacet
  facet normal 1.412367e-06 -4.226183e-01 -9.063078e-01
    outer loop
      vertex   -9.387871e+02 4.641212e+02 -6.581592e+01
      vertex   -9.431204e+02 4.639238e+02 -6.572384e+01
      vertex   -9.431204e+02 4.641212e+02 -6.581592e+01
    endloop
  endfacet
  facet normal 8.649591e-07 -2.588190e-01 -9.659258e-01
    outer loop
      vertex   -9.387871e+02 4.641212e+02 -6.581592e+01
      vertex   -9.431204e+02 4.641212e+02 -6.581592e+01
      vertex   -9.387871e+02 4.643317e+02 -6.587231e+01
    endloop
  endfacet
  facet normal 8.649592e-07 -2.588190e-01 -9.659258e-01
    outer loop
      vertex   -9.387871e+02 4.643317e+02 -6.587231e+01
      vertex   -9.431204e+02 4.641212e+02 -6.581592e+01
      vertex   -9.431204e+02 4.643317e+02 -6.587231e+01
    endloop
  endfacet
  facet normal 2.912698e-07 -8.715574e-02 -9.961947e-01
    outer loop
      vertex   -9.387871e+02 4.643317e+02 -6.587231e+01
      vertex   -9.431204e+02 4.643317e+02 -6.587231e+01
      vertex   -9.387871e+02 4.645488e+02 -6.589130e+01
    endloop
  endfacet
  facet normal 2.912697e-07 -8.715574e-02 -9.961947e-01
    outer loop
      vertex   -9.387871e+02 4.645488e+02 -6.589130e+01
      vertex   -9.431204e+02 4.643317e+02 -6.587231e+01
      vertex   -9.474537e+02 4.643317e+02 -6.587231e+01
    endloop
  endfacet
  facet normal 2.912697e-07 -8.715574e-02 -9.961947e-01
    outer loop
      vertex   -9.387871e+02 4.645488e+02 -6.589130e+01
      vertex   -9.474537e+02 4.643317e+02 -6.587231e+01
      vertex   -9.517871e+02 4.645487e+02 -6.589130e+01
    endloop
  endfacet
  facet normal 2.912697e-07 -8.715574e-02 -9.961947e-01
    outer loop
      vertex   -9.517871e+02 4.645487e+02 -6.589130e+01
      vertex   -9.474537e+02 4.643317e+02 -6.587231e+01
      vertex   -9.517871e+02 4.643317e+02 -6.587231e+01
    endloop
  endfacet
  facet normal 8.649591e-07 -2.588190e-01 -9.659258e-01
    outer loop
      vertex   -9.517871e+02 4.643317e+02 -6.587231e+01
      vertex   -9.474537e+02 4.643317e+02 -6.587231e+01
      vertex   -9.517871e+02 4.641212e+02 -6.581592e+01
    endloop
  endfacet
  facet normal 8.649591e-07 -2.588190e-01 -9.659258e-01
    outer loop
      vertex   -9.517871e+02 4.641212e+02 -6.581592e+01
      vertex   -9.474537e+02 4.643317e+02 -6.587231e+01
      vertex   -9.474537e+02 4.641212e+02 -6.581592e+01
    endloop
  endfacet
  facet normal 1.412367e-06 -4.226183e-01 -9.063078e-01
    outer loop
      vertex   -9.517871e+02 4.641212e+02 -6.581592e+01
      vertex   -9.474537e+02 4.641212e+02 -6.581592e+01
      vertex   -9.517871e+02 4.639237e+02 -6.572384e+01
    endloop
  endfacet
  facet normal 1.412367e-06 -4.226183e-01 -9.063078e-01
    outer loop
      vertex   -9.517871e+02 4.639237e+02 -6.572384e+01
      vertex   -9.474537e+02 4.641212e+02 -6.581592e+01
      vertex   -9.474537e+02 4.639237e+02 -6.572384e+01
    endloop
  endfacet
  facet normal 1.916861e-06 -5.735764e-01 -8.191520e-01
    outer loop
      vertex   -9.517871e+02 4.639237e+02 -6.572384e+01
      vertex   -9.474537e+02 4.639237e+02 -6.572384e+01
      vertex   -9.517871e+02 4.637452e+02 -6.559886e+01
    endloop
  endfacet
  facet normal 1.916861e-06 -5.735764e-01 -8.191520e-01
    outer loop
      vertex   -9.517871e+02 4.637452e+02 -6.559886e+01
      vertex   -9.474537e+02 4.639237e+02 -6.572384e+01
      vertex   -9.474537e+02 4.637453e+02 -6.559886e+01
    endloop
  endfacet
  facet normal 2.363112e-06 -7.071068e-01 -7.071068e-01
    outer loop
      vertex   -9.517871e+02 4.637452e+02 -6.559886e+01
      vertex   -9.474537e+02 4.637453e+02 -6.559886e+01
      vertex   -9.517871e+02 4.635912e+02 -6.544479e+01
    endloop
  endfacet
  facet normal 2.363112e-06 -7.071068e-01 -7.071068e-01
    outer loop
      vertex   -9.517871e+02 4.635912e+02 -6.544479e+01
      vertex   -9.474537e+02 4.637453e+02 -6.559886e+01
      vertex   -9.474537e+02 4.635912e+02 -6.544479e+01
    endloop
  endfacet
  facet normal 2.737561e-06 -8.191520e-01 -5.735764e-01
    outer loop
      vertex   -9.517871e+02 4.635912e+02 -6.544479e+01
      vertex   -9.474537e+02 4.635912e+02 -6.544479e+01
      vertex   -9.517871e+02 4.634662e+02 -6.526630e+01
    endloop
  endfacet
  facet normal 2.737561e-06 -8.191520e-01 -5.735764e-01
    outer loop
      vertex   -9.517871e+02 4.634662e+02 -6.526630e+01
      vertex   -9.474537e+02 4.635912e+02 -6.544479e+01
      vertex   -9.474537e+02 4.634662e+02 -6.526630e+01
    endloop
  endfacet
  facet normal 3.028831e-06 -9.063078e-01 -4.226183e-01
    outer loop
      vertex   -9.517871e+02 4.634662e+02 -6.526630e+01
      vertex   -9.474537e+02 4.634662e+02 -6.526630e+01
      vertex   -9.517871e+02 4.633741e+02 -6.506883e+01
    endloop
  endfacet
  facet normal 3.028831e-06 -9.063078e-01 -4.226183e-01
    outer loop
      vertex   -9.517871e+02 4.633741e+02 -6.506883e+01
      vertex   -9.474537e+02 4.634662e+02 -6.526630e+01
      vertex   -9.474537e+02 4.633741e+02 -6.506883e+01
    endloop
  endfacet
  facet normal 3.228071e-06 -9.659258e-01 -2.588190e-01
    outer loop
      vertex   -9.517871e+02 4.633741e+02 -6.506883e+01
      vertex   -9.474537e+02 4.633741e+02 -6.506883e+01
      vertex   -9.517871e+02 4.633177e+02 -6.485836e+01
    endloop
  endfacet
  facet normal 3.228071e-06 -9.659258e-01 -2.588190e-01
    outer loop
      vertex   -9.517871e+02 4.633177e+02 -6.485836e+01
      vertex   -9.474537e+02 4.633741e+02 -6.506883e+01
      vertex   -9.474537e+02 4.633177e+02 -6.485836e+01
    endloop
  endfacet
  facet normal 3.228071e-06 -9.659258e-01 -2.588190e-01
    outer loop
      vertex   -9.431204e+02 4.633741e+02 -6.506883e+01
      vertex   -9.431204e+02 4.633177e+02 -6.485836e+01
      vertex   -9.474537e+02 4.633177e+02 -6.485836e+01
    endloop
  endfacet
  facet normal 3.228071e-06 -9.659258e-01 -2.588190e-01
    outer loop
      vertex   -9.431204e+02 4.633741e+02 -6.506883e+01
      vertex   -9.474537e+02 4.633177e+02 -6.485836e+01
      vertex   -9.474537e+02 4.633741e+02 -6.506883e+01
    endloop
  endfacet
  facet normal 3.028831e-06 -9.063078e-01 -4.226183e-01
    outer loop
      vertex   -9.431204e+02 4.634662e+02 -6.526630e+01
      vertex   -9.431204e+02 4.633741e+02 -6.506883e+01
      vertex   -9.474537e+02 4.633741e+02 -6.506883e+01
    endloop
  endfacet
  facet normal 3.028831e-06 -9.063078e-01 -4.226183e-01
    outer loop
      vertex   -9.431204e+02 4.634662e+02 -6.526630e+01
      vertex   -9.474537e+02 4.633741e+02 -6.506883e+01
      vertex   -9.474537e+02 4.634662e+02 -6.526630e+01
    endloop
  endfacet
  facet normal 2.737561e-06 -8.191520e-01 -5.735764e-01
    outer loop
      vertex   -9.431204e+02 4.635912e+02 -6.544479e+01
      vertex   -9.431204e+02 4.634662e+02 -6.526630e+01
      vertex   -9.474537e+02 4.634662e+02 -6.526630e+01
    endloop
  endfacet
  facet normal 2.737561e-06 -8.191520e-01 -5.735764e-01
    outer loop
      vertex   -9.431204e+02 4.635912e+02 -6.544479e+01
      vertex   -9.474537e+02 4.634662e+02 -6.526630e+01
      vertex   -9.474537e+02 4.635912e+02 -6.544479e+01
    endloop
  endfacet
  facet normal 2.363112e-06 -7.071068e-01 -7.071068e-01
    outer loop
      vertex   -9.431204e+02 4.637453e+02 -6.559886e+01
      vertex   -9.431204e+02 4.635912e+02 -6.544479e+01
      vertex   -9.474537e+02 4.635912e+02 -6.544479e+01
    endloop
  endfacet
  facet normal 2.363112e-06 -7.071068e-01 -7.071068e-01
    outer loop
      vertex   -9.431204e+02 4.637453e+02 -6.559886e+01
      vertex   -9.474537e+02 4.635912e+02 -6.544479e+01
      vertex   -9.474537e+02 4.637453e+02 -6.559886e+01
    endloop
  endfacet
  facet normal 1.916861e-06 -5.735764e-01 -8.191520e-01
    outer loop
      vertex   -9.431204e+02 4.639238e+02 -6.572384e+01
      vertex   -9.431204e+02 4.637453e+02 -6.559886e+01
      vertex   -9.474537e+02 4.637453e+02 -6.559886e+01
    endloop
  endfacet
  facet normal 1.916861e-06 -5.735764e-01 -8.191520e-01
    outer loop
      vertex   -9.431204e+02 4.639238e+02 -6.572384e+01
      vertex   -9.474537e+02 4.637453e+02 -6.559886e+01
      vertex   -9.474537e+02 4.639237e+02 -6.572384e+01
    endloop
  endfacet
  facet normal 1.412367e-06 -4.226183e-01 -9.063078e-01
    outer loop
      vertex   -9.431204e+02 4.641212e+02 -6.581592e+01
      vertex   -9.431204e+02 4.639238e+02 -6.572384e+01
      vertex   -9.474537e+02 4.639237e+02 -6.572384e+01
    endloop
  endfacet
  facet normal 1.412367e-06 -4.226183e-01 -9.063078e-01
    outer loop
      vertex   -9.431204e+02 4.641212e+02 -6.581592e+01
      vertex   -9.474537e+02 4.639237e+02 -6.572384e+01
      vertex   -9.474537e+02 4.641212e+02 -6.581592e+01
    endloop
  endfacet
  facet normal 8.649591e-07 -2.588190e-01 -9.659258e-01
    outer loop
      vertex   -9.431204e+02 4.643317e+02 -6.587231e+01
      vertex   -9.431204e+02 4.641212e+02 -6.581592e+01
      vertex   -9.474537e+02 4.641212e+02 -6.581592e+01
    endloop
  endfacet
  facet normal 8.649591e-07 -2.588190e-01 -9.659258e-01
    outer loop
      vertex   -9.431204e+02 4.643317e+02 -6.587231e+01
      vertex   -9.474537e+02 4.641212e+02 -6.581592e+01
      vertex   -9.474537e+02 4.643317e+02 -6.587231e+01
    endloop
  endfacet
  facet normal 3.341946e-06 -1.000000e+00 0.000000e+00
    outer loop
      vertex   -9.387871e+02 4.632988e+02 -6.464130e+01
      vertex   -9.387871e+02 4.632988e+02 -6.339130e+01
      vertex   -9.517871e+02 4.632987e+02 -6.464130e+01
    endloop
  endfacet
  facet normal 3.341946e-06 -1.000000e+00 0.000000e+00
    outer loop
      vertex   -9.517871e+02 4.632987e+02 -6.464130e+01
      vertex   -9.387871e+02 4.632988e+02 -6.339130e+01
      vertex   -9.517871e+02 4.632987e+02 -6.339130e+01
    endloop
  endfacet
  facet normal 0.000000e+00 -0.000000e+00 1.000000e+00
    outer loop
      vertex   -9.517871e+02 4.632987e+02 -6.339130e+01
      vertex   -9.387871e+02 4.632988e+02 -6.339130e+01
      vertex   -9.517871e+02 4.677987e+02 -6.339130e+01
    endloop
  endfacet
  facet normal -0.000000e+00 0.000000e+00 1.000000e+00
    outer loop
      vertex   -9.517871e+02 4.677987e+02 -6.339130e+01
      vertex   -9.387871e+02 4.632988e+02 -6.339130e+01
      vertex   -9.387871e+02 4.677988e+02 -6.339130e+01
    endloop
  endfacet
  facet normal 3.341946e-06 -1.000000e+00 0.000000e+00
    outer loop
      vertex   -8.325371e+02 4.629995e+02 -6.339130e+01
      vertex   -8.325371e+02 4.629995e+02 -6.739130e+01
      vertex   -8.162871e+02 4.629996e+02 -6.339130e+01
    endloop
  endfacet
  facet normal 3.341946e-06 -1.000000e+00 -8.664399e-15
    outer loop
      vertex   -8.162871e+02 4.629996e+02 -6.339130e+01
      vertex   -8.325371e+02 4.629995e+02 -6.739130e+01
      vertex   -8.122871e+02 4.629996e+02 -6.739130e+01
    endloop
  endfacet
  facet normal -1.000000e+00 -3.341946e-06 -0.000000e+00
    outer loop
      vertex   -8.325371e+02 4.629995e+02 -6.339130e+01
      vertex   -8.325371e+02 4.661095e+02 -6.339130e+01
      vertex   -8.325371e+02 4.629995e+02 -6.739130e+01
    endloop
  endfacet
  facet normal -1.000000e+00 -3.341946e-06 -5.833908e-14
    outer loop
      vertex   -8.325371e+02 4.629995e+02 -6.739130e+01
      vertex   -8.325371e+02 4.661095e+02 -6.339130e+01
      vertex   -8.325371e+02 4.701095e+02 -6.739130e+01
    endloop
  endfacet
  facet normal 4.372493e-16 2.284707e-15 1.000000e+00
    outer loop
      vertex   -8.162871e+02 4.661096e+02 -6.339130e+01
      vertex   -8.325371e+02 4.661095e+02 -6.339130e+01
      vertex   -8.162871e+02 4.629996e+02 -6.339130e+01
    endloop
  endfacet
  facet normal 0.000000e+00 0.000000e+00 1.000000e+00
    outer loop
      vertex   -8.162871e+02 4.629996e+02 -6.339130e+01
      vertex   -8.325371e+02 4.661095e+02 -6.339130e+01
      vertex   -8.325371e+02 4.629995e+02 -6.339130e+01
    endloop
  endfacet
  facet normal 2.384567e-06 -7.071068e-01 -7.071067e-01
    outer loop
      vertex   -8.325371e+02 4.701095e+02 -6.739130e+01
      vertex   -8.325371e+02 4.661095e+02 -6.339130e+01
      vertex   -9.307298e+02 4.701092e+02 -6.739130e+01
    endloop
  endfacet
  facet normal 2.383162e-06 -7.071069e-01 -7.071067e-01
    outer loop
      vertex   -9.307298e+02 4.701092e+02 -6.739130e+01
      vertex   -8.325371e+02 4.661095e+02 -6.339130e+01
      vertex   -9.337871e+02 4.661092e+02 -6.339130e+01
    endloop
  endfacet
  facet normal -2.340991e-06 7.071068e-01 -7.071067e-01
    outer loop
      vertex   -9.337866e+02 3.338892e+02 -6.339130e+01
      vertex   -8.325366e+02 3.338895e+02 -6.339130e+01
      vertex   -9.307293e+02 3.298892e+02 -6.739130e+01
    endloop
  endfacet
  facet normal -2.341137e-06 7.071068e-01 -7.071067e-01
    outer loop
      vertex   -9.307293e+02 3.298892e+02 -6.739130e+01
      vertex   -8.325366e+02 3.338895e+02 -6.339130e+01
      vertex   -8.325366e+02 3.298895e+02 -6.739130e+01
    endloop
  endfacet
  facet normal 2.363112e-06 -7.071068e-01 -7.071068e-01
    outer loop
      vertex   -9.387871e+02 4.645488e+02 -6.589130e+01
      vertex   -9.517871e+02 4.645487e+02 -6.589130e+01
      vertex   -9.387871e+02 4.660488e+02 -6.739130e+01
    endloop
  endfacet
  facet normal 2.363112e-06 -7.071068e-01 -7.071068e-01
    outer loop
      vertex   -9.387871e+02 4.660488e+02 -6.739130e+01
      vertex   -9.517871e+02 4.645487e+02 -6.589130e+01
      vertex   -9.517871e+02 4.660487e+02 -6.739130e+01
    endloop
  endfacet
  facet normal -2.363112e-06 7.071068e-01 -7.071068e-01
    outer loop
      vertex   -9.517866e+02 3.354495e+02 -6.589130e+01
      vertex   -9.387866e+02 3.354495e+02 -6.589130e+01
      vertex   -9.517866e+02 3.339495e+02 -6.739130e+01
    endloop
  endfacet
  facet normal -2.363112e-06 7.071068e-01 -7.071068e-01
    outer loop
      vertex   -9.517866e+02 3.339495e+02 -6.739130e+01
      vertex   -9.387866e+02 3.354495e+02 -6.589130e+01
      vertex   -9.387866e+02 3.339495e+02 -6.739130e+01
    endloop
  endfacet
  facet normal 3.341946e-06 -1.000000e+00 -5.082065e-14
    outer loop
      vertex   -8.612386e+02 3.889993e+02 -5.179130e+01
      vertex   -9.098353e+02 3.889991e+02 -5.179130e+01
      vertex   -8.632047e+02 3.889993e+02 -5.277307e+01
    endloop
  endfacet
  facet normal 3.341946e-06 -1.000000e+00 -1.260488e-13
    outer loop
      vertex   -8.632047e+02 3.889993e+02 -5.277307e+01
      vertex   -9.098353e+02 3.889991e+02 -5.179130e+01
      vertex   -9.078692e+02 3.889991e+02 -5.277307e+01
    endloop
  endfacet
  facet normal 3.341946e-06 -1.000000e+00 -2.292605e-14
    outer loop
      vertex   -8.632047e+02 3.889993e+02 -5.277307e+01
      vertex   -9.078692e+02 3.889991e+02 -5.277307e+01
      vertex   -8.652104e+02 3.889993e+02 -5.367122e+01
    endloop
  endfacet
  facet normal 3.341946e-06 -1.000000e+00 2.518737e-14
    outer loop
      vertex   -8.652104e+02 3.889993e+02 -5.367122e+01
      vertex   -9.078692e+02 3.889991e+02 -5.277307e+01
      vertex   -9.058635e+02 3.889991e+02 -5.367122e+01
    endloop
  endfacet
  facet normal 3.341946e-06 -1.000000e+00 -5.262943e-14
    outer loop
      vertex   -8.652104e+02 3.889993e+02 -5.367122e+01
      vertex   -9.058635e+02 3.889991e+02 -5.367122e+01
      vertex   -8.672521e+02 3.889993e+02 -5.448415e+01
    endloop
  endfacet
  facet normal 3.341946e-06 -1.000000e+00 -1.532128e-14
    outer loop
      vertex   -8.672521e+02 3.889993e+02 -5.448415e+01
      vertex   -9.058635e+02 3.889991e+02 -5.367122e+01
      vertex   -9.038218e+02 3.889991e+02 -5.448415e+01
    endloop
  endfacet
  facet normal 3.341946e-06 -1.000000e+00 1.445120e-13
    outer loop
      vertex   -8.672521e+02 3.889993e+02 -5.448415e+01
      vertex   -9.038218e+02 3.889991e+02 -5.448415e+01
      vertex   -8.693262e+02 3.889993e+02 -5.521043e+01
    endloop
  endfacet
  facet normal 3.341946e-06 -1.000000e+00 3.546152e-15
    outer loop
      vertex   -8.693262e+02 3.889993e+02 -5.521043e+01
      vertex   -9.038218e+02 3.889991e+02 -5.448415e+01
      vertex   -9.017477e+02 3.889992e+02 -5.521043e+01
    endloop
  endfacet
  facet normal 3.341946e-06 -1.000000e+00 -6.148835e-14
    outer loop
      vertex   -8.693262e+02 3.889993e+02 -5.521043e+01
      vertex   -9.017477e+02 3.889992e+02 -5.521043e+01
      vertex   -8.714291e+02 3.889993e+02 -5.584876e+01
    endloop
  endfacet
  facet normal 3.341946e-06 -1.000000e+00 -2.503237e-14
    outer loop
      vertex   -8.714291e+02 3.889993e+02 -5.584876e+01
      vertex   -9.017477e+02 3.889992e+02 -5.521043e+01
      vertex   -8.996448e+02 3.889992e+02 -5.584876e+01
    endloop
  endfacet
  facet normal 3.341946e-06 -1.000000e+00 6.901974e-15
    outer loop
      vertex   -8.714291e+02 3.889993e+02 -5.584876e+01
      vertex   -8.996448e+02 3.889992e+02 -5.584876e+01
      vertex   -8.735569e+02 3.889992e+02 -5.639802e+01
    endloop
  endfacet
  facet normal 3.341946e-06 -1.000000e+00 -8.128637e-15
    outer loop
      vertex   -8.735569e+02 3.889992e+02 -5.639802e+01
      vertex   -8.996448e+02 3.889992e+02 -5.584876e+01
      vertex   -8.975169e+02 3.889992e+02 -5.639802e+01
    endloop
  endfacet
  facet normal 3.341946e-06 -1.000000e+00 -4.250622e-14
    outer loop
      vertex   -8.735569e+02 3.889992e+02 -5.639802e+01
      vertex   -8.975169e+02 3.889992e+02 -5.639802e+01
      vertex   -8.757060e+02 3.889992e+02 -5.685723e+01
    endloop
  endfacet
  facet normal 3.341946e-06 -1.000000e+00 5.179832e-14
    outer loop
      vertex   -8.757060e+02 3.889992e+02 -5.685723e+01
      vertex   -8.975169e+02 3.889992e+02 -5.639802e+01
      vertex   -8.953678e+02 3.889992e+02 -5.685723e+01
    endloop
  endfacet
  facet normal 3.341946e-06 -1.000000e+00 -1.001739e-13
    outer loop
      vertex   -8.757060e+02 3.889992e+02 -5.685723e+01
      vertex   -8.953678e+02 3.889992e+02 -5.685723e+01
      vertex   -8.778725e+02 3.889992e+02 -5.722558e+01
    endloop
  endfacet
  facet normal 3.341946e-06 -1.000000e+00 1.284904e-13
    outer loop
      vertex   -8.778725e+02 3.889992e+02 -5.722558e+01
      vertex   -8.953678e+02 3.889992e+02 -5.685723e+01
      vertex   -8.932013e+02 3.889992e+02 -5.722558e+01
    endloop
  endfacet
  facet normal 3.341946e-06 -1.000000e+00 1.323073e-13
    outer loop
      vertex   -8.778725e+02 3.889992e+02 -5.722558e+01
      vertex   -8.932013e+02 3.889992e+02 -5.722558e+01
      vertex   -8.800526e+02 3.889992e+02 -5.750241e+01
    endloop
  endfacet
  facet normal 3.341946e-06 -1.000000e+00 -1.849018e-13
    outer loop
      vertex   -8.800526e+02 3.889992e+02 -5.750241e+01
      vertex   -8.932013e+02 3.889992e+02 -5.722558e+01
      vertex   -8.910212e+02 3.889992e+02 -5.750241e+01
    endloop
  endfacet
  facet normal 3.341946e-06 -1.000000e+00 1.550286e-13
    outer loop
      vertex   -8.800526e+02 3.889992e+02 -5.750241e+01
      vertex   -8.910212e+02 3.889992e+02 -5.750241e+01
      vertex   -8.822425e+02 3.889992e+02 -5.768724e+01
    endloop
  endfacet
  facet normal 3.341945e-06 -1.000000e+00 -2.580756e-13
    outer loop
      vertex   -8.822425e+02 3.889992e+02 -5.768724e+01
      vertex   -8.910212e+02 3.889992e+02 -5.750241e+01
      vertex   -8.888314e+02 3.889992e+02 -5.768724e+01
    endloop
  endfacet
  facet normal 3.341945e-06 -1.000000e+00 2.310773e-13
    outer loop
      vertex   -8.822425e+02 3.889992e+02 -5.768724e+01
      vertex   -8.888314e+02 3.889992e+02 -5.768724e+01
      vertex   -8.844381e+02 3.889992e+02 -5.777974e+01
    endloop
  endfacet
  facet normal 3.341945e-06 -1.000000e+00 -6.928224e-13
    outer loop
      vertex   -8.844381e+02 3.889992e+02 -5.777974e+01
      vertex   -8.888314e+02 3.889992e+02 -5.768724e+01
      vertex   -8.866357e+02 3.889992e+02 -5.777974e+01
    endloop
  endfacet
  facet normal 4.467446e-01 1.492996e-06 -8.946615e-01
    outer loop
      vertex   -8.612386e+02 3.999993e+02 -5.179130e+01
      vertex   -8.612386e+02 3.889993e+02 -5.179130e+01
      vertex   -8.632047e+02 3.999993e+02 -5.277307e+01
    endloop
  endfacet
  facet normal 4.467446e-01 1.492996e-06 -8.946615e-01
    outer loop
      vertex   -8.632047e+02 3.999993e+02 -5.277307e+01
      vertex   -8.612386e+02 3.889993e+02 -5.179130e+01
      vertex   -8.632047e+02 3.889993e+02 -5.277307e+01
    endloop
  endfacet
  facet normal 4.086927e-01 1.365829e-06 -9.126721e-01
    outer loop
      vertex   -8.632047e+02 3.999993e+02 -5.277307e+01
      vertex   -8.632047e+02 3.889993e+02 -5.277307e+01
      vertex   -8.652104e+02 3.999993e+02 -5.367122e+01
    endloop
  endfacet
  facet normal 4.086927e-01 1.365829e-06 -9.126721e-01
    outer loop
      vertex   -8.652104e+02 3.999993e+02 -5.367122e+01
      vertex   -8.632047e+02 3.889993e+02 -5.277307e+01
      vertex   -8.652104e+02 3.889993e+02 -5.367122e+01
    endloop
  endfacet
  facet normal 3.699164e-01 1.236241e-06 -9.290650e-01
    outer loop
      vertex   -8.652104e+02 3.999993e+02 -5.367122e+01
      vertex   -8.652104e+02 3.889993e+02 -5.367122e+01
      vertex   -8.672521e+02 3.999993e+02 -5.448415e+01
    endloop
  endfacet
  facet normal 3.699164e-01 1.236241e-06 -9.290650e-01
    outer loop
      vertex   -8.672521e+02 3.999993e+02 -5.448415e+01
      vertex   -8.652104e+02 3.889993e+02 -5.367122e+01
      vertex   -8.672521e+02 3.889993e+02 -5.448415e+01
    endloop
  endfacet
  facet normal 3.304846e-01 1.104461e-06 -9.438114e-01
    outer loop
      vertex   -8.672521e+02 3.999993e+02 -5.448415e+01
      vertex   -8.672521e+02 3.889993e+02 -5.448415e+01
      vertex   -8.693263e+02 3.999993e+02 -5.521043e+01
    endloop
  endfacet
  facet normal 3.304846e-01 1.104461e-06 -9.438114e-01
    outer loop
      vertex   -8.693263e+02 3.999993e+02 -5.521043e+01
      vertex   -8.672521e+02 3.889993e+02 -5.448415e+01
      vertex   -8.693262e+02 3.889993e+02 -5.521043e+01
    endloop
  endfacet
  facet normal 2.904670e-01 9.707248e-07 -9.568850e-01
    outer loop
      vertex   -8.693263e+02 3.999993e+02 -5.521043e+01
      vertex   -8.693262e+02 3.889993e+02 -5.521043e+01
      vertex   -8.714291e+02 3.999993e+02 -5.584876e+01
    endloop
  endfacet
  facet normal 2.904670e-01 9.707248e-07 -9.568850e-01
    outer loop
      vertex   -8.714291e+02 3.999993e+02 -5.584876e+01
      vertex   -8.693262e+02 3.889993e+02 -5.521043e+01
      vertex   -8.714291e+02 3.889993e+02 -5.584876e+01
    endloop
  endfacet
  facet normal 2.499346e-01 8.352678e-07 -9.682627e-01
    outer loop
      vertex   -8.714291e+02 3.999993e+02 -5.584876e+01
      vertex   -8.714291e+02 3.889993e+02 -5.584876e+01
      vertex   -8.735570e+02 3.999992e+02 -5.639802e+01
    endloop
  endfacet
  facet normal 2.499346e-01 8.352678e-07 -9.682627e-01
    outer loop
      vertex   -8.735570e+02 3.999992e+02 -5.639802e+01
      vertex   -8.714291e+02 3.889993e+02 -5.584876e+01
      vertex   -8.735569e+02 3.889992e+02 -5.639802e+01
    endloop
  endfacet
  facet normal 2.089592e-01 6.983304e-07 -9.779243e-01
    outer loop
      vertex   -8.735570e+02 3.999992e+02 -5.639802e+01
      vertex   -8.735569e+02 3.889992e+02 -5.639802e+01
      vertex   -8.757061e+02 3.999992e+02 -5.685723e+01
    endloop
  endfacet
  facet normal 2.089592e-01 6.983304e-07 -9.779243e-01
    outer loop
      vertex   -8.757061e+02 3.999992e+02 -5.685723e+01
      vertex   -8.735569e+02 3.889992e+02 -5.639802e+01
      vertex   -8.757060e+02 3.889992e+02 -5.685723e+01
    endloop
  endfacet
  facet normal 1.676136e-01 5.601554e-07 -9.858528e-01
    outer loop
      vertex   -8.757061e+02 3.999992e+02 -5.685723e+01
      vertex   -8.757060e+02 3.889992e+02 -5.685723e+01
      vertex   -8.778726e+02 3.999992e+02 -5.722558e+01
    endloop
  endfacet
  facet normal 1.676136e-01 5.601554e-07 -9.858528e-01
    outer loop
      vertex   -8.778726e+02 3.999992e+02 -5.722558e+01
      vertex   -8.757060e+02 3.889992e+02 -5.685723e+01
      vertex   -8.778725e+02 3.889992e+02 -5.722558e+01
    endloop
  endfacet
  facet normal 1.259708e-01 4.209875e-07 -9.920340e-01
    outer loop
      vertex   -8.778726e+02 3.999992e+02 -5.722558e+01
      vertex   -8.778725e+02 3.889992e+02 -5.722558e+01
      vertex   -8.800527e+02 3.999992e+02 -5.750241e+01
    endloop
  endfacet
  facet normal 1.259708e-01 4.209875e-07 -9.920340e-01
    outer loop
      vertex   -8.800527e+02 3.999992e+02 -5.750241e+01
      vertex   -8.778725e+02 3.889992e+02 -5.722558e+01
      vertex   -8.800526e+02 3.889992e+02 -5.750241e+01
    endloop
  endfacet
  facet normal 8.410477e-02 2.810735e-07 -9.964569e-01
    outer loop
      vertex   -8.800527e+02 3.999992e+02 -5.750241e+01
      vertex   -8.800526e+02 3.889992e+02 -5.750241e+01
      vertex   -8.822425e+02 3.999992e+02 -5.768724e+01
    endloop
  endfacet
  facet normal 8.410477e-02 2.810735e-07 -9.964569e-01
    outer loop
      vertex   -8.822425e+02 3.999992e+02 -5.768724e+01
      vertex   -8.800526e+02 3.889992e+02 -5.750241e+01
      vertex   -8.822425e+02 3.889992e+02 -5.768724e+01
    endloop
  endfacet
  facet normal 4.208968e-02 1.406614e-07 -9.991138e-01
    outer loop
      vertex   -8.822425e+02 3.999992e+02 -5.768724e+01
      vertex   -8.822425e+02 3.889992e+02 -5.768724e+01
      vertex   -8.844382e+02 3.999992e+02 -5.777974e+01
    endloop
  endfacet
  facet normal 4.208968e-02 1.406614e-07 -9.991138e-01
    outer loop
      vertex   -8.844382e+02 3.999992e+02 -5.777974e+01
      vertex   -8.822425e+02 3.889992e+02 -5.768724e+01
      vertex   -8.844381e+02 3.889992e+02 -5.777974e+01
    endloop
  endfacet
  facet normal 0.000000e+00 -0.000000e+00 -1.000000e+00
    outer loop
      vertex   -8.844382e+02 3.999992e+02 -5.777974e+01
      vertex   -8.844381e+02 3.889992e+02 -5.777974e+01
      vertex   -8.866358e+02 3.999992e+02 -5.777974e+01
    endloop
  endfacet
  facet normal 0.000000e+00 0.000000e+00 -1.000000e+00
    outer loop
      vertex   -8.866358e+02 3.999992e+02 -5.777974e+01
      vertex   -8.844381e+02 3.889992e+02 -5.777974e+01
      vertex   -8.866357e+02 3.889992e+02 -5.777974e+01
    endloop
  endfacet
  facet normal -4.208968e-02 -1.406614e-07 -9.991138e-01
    outer loop
      vertex   -8.866358e+02 3.999992e+02 -5.777974e+01
      vertex   -8.866357e+02 3.889992e+02 -5.777974e+01
      vertex   -8.888314e+02 3.999992e+02 -5.768724e+01
    endloop
  endfacet
  facet normal -4.208968e-02 -1.406614e-07 -9.991138e-01
    outer loop
      vertex   -8.888314e+02 3.999992e+02 -5.768724e+01
      vertex   -8.866357e+02 3.889992e+02 -5.777974e+01
      vertex   -8.888314e+02 3.889992e+02 -5.768724e+01
    endloop
  endfacet
  facet normal -8.410477e-02 -2.810735e-07 -9.964569e-01
    outer loop
      vertex   -8.888314e+02 3.999992e+02 -5.768724e+01
      vertex   -8.888314e+02 3.889992e+02 -5.768724e+01
      vertex   -8.910213e+02 3.999992e+02 -5.750241e+01
    endloop
  endfacet
  facet normal -8.410477e-02 -2.810735e-07 -9.964569e-01
    outer loop
      vertex   -8.910213e+02 3.999992e+02 -5.750241e+01
      vertex   -8.888314e+02 3.889992e+02 -5.768724e+01
      vertex   -8.910212e+02 3.889992e+02 -5.750241e+01
    endloop
  endfacet
  facet normal -1.259708e-01 -4.209875e-07 -9.920340e-01
    outer loop
      vertex   -8.910213e+02 3.999992e+02 -5.750241e+01
      vertex   -8.910212e+02 3.889992e+02 -5.750241e+01
      vertex   -8.932014e+02 3.999992e+02 -5.722558e+01
    endloop
  endfacet
  facet normal -1.259708e-01 -4.209875e-07 -9.920340e-01
    outer loop
      vertex   -8.932014e+02 3.999992e+02 -5.722558e+01
      vertex   -8.910212e+02 3.889992e+02 -5.750241e+01
      vertex   -8.932013e+02 3.889992e+02 -5.722558e+01
    endloop
  endfacet
  facet normal -1.676136e-01 -5.601554e-07 -9.858528e-01
    outer loop
      vertex   -8.932014e+02 3.999992e+02 -5.722558e+01
      vertex   -8.932013e+02 3.889992e+02 -5.722558e+01
      vertex   -8.953679e+02 3.999992e+02 -5.685723e+01
    endloop
  endfacet
  facet normal -1.676136e-01 -5.601554e-07 -9.858528e-01
    outer loop
      vertex   -8.953679e+02 3.999992e+02 -5.685723e+01
      vertex   -8.932013e+02 3.889992e+02 -5.722558e+01
      vertex   -8.953678e+02 3.889992e+02 -5.685723e+01
    endloop
  endfacet
  facet normal -2.089592e-01 -6.983304e-07 -9.779243e-01
    outer loop
      vertex   -8.953679e+02 3.999992e+02 -5.685723e+01
      vertex   -8.953678e+02 3.889992e+02 -5.685723e+01
      vertex   -8.975170e+02 3.999992e+02 -5.639802e+01
    endloop
  endfacet
  facet normal -2.089592e-01 -6.983304e-07 -9.779243e-01
    outer loop
      vertex   -8.975170e+02 3.999992e+02 -5.639802e+01
      vertex   -8.953678e+02 3.889992e+02 -5.685723e+01
      vertex   -8.975169e+02 3.889992e+02 -5.639802e+01
    endloop
  endfacet
  facet normal -2.499346e-01 -8.352678e-07 -9.682627e-01
    outer loop
      vertex   -8.975170e+02 3.999992e+02 -5.639802e+01
      vertex   -8.975169e+02 3.889992e+02 -5.639802e+01
      vertex   -8.996448e+02 3.999992e+02 -5.584876e+01
    endloop
  endfacet
  facet normal -2.499346e-01 -8.352678e-07 -9.682627e-01
    outer loop
      vertex   -8.996448e+02 3.999992e+02 -5.584876e+01
      vertex   -8.975169e+02 3.889992e+02 -5.639802e+01
      vertex   -8.996448e+02 3.889992e+02 -5.584876e+01
    endloop
  endfacet
  facet normal -2.904670e-01 -9.707248e-07 -9.568850e-01
    outer loop
      vertex   -8.996448e+02 3.999992e+02 -5.584876e+01
      vertex   -8.996448e+02 3.889992e+02 -5.584876e+01
      vertex   -9.017477e+02 3.999992e+02 -5.521043e+01
    endloop
  endfacet
  facet normal -2.904670e-01 -9.707248e-07 -9.568850e-01
    outer loop
      vertex   -9.017477e+02 3.999992e+02 -5.521043e+01
      vertex   -8.996448e+02 3.889992e+02 -5.584876e+01
      vertex   -9.017477e+02 3.889992e+02 -5.521043e+01
    endloop
  endfacet
  facet normal -3.304846e-01 -1.104461e-06 -9.438114e-01
    outer loop
      vertex   -9.017477e+02 3.999992e+02 -5.521043e+01
      vertex   -9.017477e+02 3.889992e+02 -5.521043e+01
      vertex   -9.038218e+02 3.999991e+02 -5.448415e+01
    endloop
  endfacet
  facet normal -3.304846e-01 -1.104461e-06 -9.438114e-01
    outer loop
      vertex   -9.038218e+02 3.999991e+02 -5.448415e+01
      vertex   -9.017477e+02 3.889992e+02 -5.521043e+01
      vertex   -9.038218e+02 3.889991e+02 -5.448415e+01
    endloop
  endfacet
  facet normal -3.699164e-01 -1.236241e-06 -9.290650e-01
    outer loop
      vertex   -9.038218e+02 3.999991e+02 -5.448415e+01
      vertex   -9.038218e+02 3.889991e+02 -5.448415e+01
      vertex   -9.058635e+02 3.999991e+02 -5.367122e+01
    endloop
  endfacet
  facet normal -3.699164e-01 -1.236241e-06 -9.290650e-01
    outer loop
      vertex   -9.058635e+02 3.999991e+02 -5.367122e+01
      vertex   -9.038218e+02 3.889991e+02 -5.448415e+01
      vertex   -9.058635e+02 3.889991e+02 -5.367122e+01
    endloop
  endfacet
  facet normal -4.086927e-01 -1.365829e-06 -9.126721e-01
    outer loop
      vertex   -9.058635e+02 3.999991e+02 -5.367122e+01
      vertex   -9.058635e+02 3.889991e+02 -5.367122e+01
      vertex   -9.078692e+02 3.999991e+02 -5.277307e+01
    endloop
  endfacet
  facet normal -4.086927e-01 -1.365829e-06 -9.126721e-01
    outer loop
      vertex   -9.078692e+02 3.999991e+02 -5.277307e+01
      vertex   -9.058635e+02 3.889991e+02 -5.367122e+01
      vertex   -9.078692e+02 3.889991e+02 -5.277307e+01
    endloop
  endfacet
  facet normal -4.467446e-01 -1.492996e-06 -8.946615e-01
    outer loop
      vertex   -9.078692e+02 3.999991e+02 -5.277307e+01
      vertex   -9.078692e+02 3.889991e+02 -5.277307e+01
      vertex   -9.098354e+02 3.999991e+02 -5.179130e+01
    endloop
  endfacet
  facet normal -4.467446e-01 -1.492996e-06 -8.946615e-01
    outer loop
      vertex   -9.098354e+02 3.999991e+02 -5.179130e+01
      vertex   -9.078692e+02 3.889991e+02 -5.277307e+01
      vertex   -9.098353e+02 3.889991e+02 -5.179130e+01
    endloop
  endfacet
  facet normal -3.341946e-06 1.000000e+00 1.228758e-13
    outer loop
      vertex   -9.098354e+02 3.999991e+02 -5.179130e+01
      vertex   -8.612386e+02 3.999993e+02 -5.179130e+01
      vertex   -9.078692e+02 3.999991e+02 -5.277307e+01
    endloop
  endfacet
  facet normal -3.341946e-06 1.000000e+00 4.764839e-14
    outer loop
      vertex   -9.078692e+02 3.999991e+02 -5.277307e+01
      vertex   -8.612386e+02 3.999993e+02 -5.179130e+01
      vertex   -8.632047e+02 3.999993e+02 -5.277307e+01
    endloop
  endfacet
  facet normal -3.341946e-06 1.000000e+00 -8.621450e-14
    outer loop
      vertex   -9.078692e+02 3.999991e+02 -5.277307e+01
      vertex   -8.632047e+02 3.999993e+02 -5.277307e+01
      vertex   -9.058635e+02 3.999991e+02 -5.367122e+01
    endloop
  endfacet
  facet normal -3.341946e-06 1.000000e+00 2.830983e-14
    outer loop
      vertex   -9.058635e+02 3.999991e+02 -5.367122e+01
      vertex   -8.632047e+02 3.999993e+02 -5.277307e+01
      vertex   -8.652104e+02 3.999993e+02 -5.367122e+01
    endloop
  endfacet
  facet normal -3.341946e-06 1.000000e+00 1.378190e-14
    outer loop
      vertex   -9.058635e+02 3.999991e+02 -5.367122e+01
      vertex   -8.652104e+02 3.999993e+02 -5.367122e+01
      vertex   -9.038218e+02 3.999991e+02 -5.448415e+01
    endloop
  endfacet
  facet normal -3.341946e-06 1.000000e+00 -1.532078e-14
    outer loop
      vertex   -9.038218e+02 3.999991e+02 -5.448415e+01
      vertex   -8.652104e+02 3.999993e+02 -5.367122e+01
      vertex   -8.672521e+02 3.999993e+02 -5.448415e+01
    endloop
  endfacet
  facet normal -3.341946e-06 1.000000e+00 6.624545e-14
    outer loop
      vertex   -9.038218e+02 3.999991e+02 -5.448415e+01
      vertex   -8.672521e+02 3.999993e+02 -5.448415e+01
      vertex   -9.017477e+02 3.999992e+02 -5.521043e+01
    endloop
  endfacet
  facet normal -3.341946e-06 1.000000e+00 -7.472141e-14
    outer loop
      vertex   -9.017477e+02 3.999992e+02 -5.521043e+01
      vertex   -8.672521e+02 3.999993e+02 -5.448415e+01
      vertex   -8.693263e+02 3.999993e+02 -5.521043e+01
    endloop
  endfacet
  facet normal -3.341946e-06 1.000000e+00 2.756034e-14
    outer loop
      vertex   -9.017477e+02 3.999992e+02 -5.521043e+01
      vertex   -8.693263e+02 3.999993e+02 -5.521043e+01
      vertex   -8.996448e+02 3.999992e+02 -5.584876e+01
    endloop
  endfacet
  facet normal -3.341946e-06 1.000000e+00 6.401754e-14
    outer loop
      vertex   -8.996448e+02 3.999992e+02 -5.584876e+01
      vertex   -8.693263e+02 3.999993e+02 -5.521043e+01
      vertex   -8.714291e+02 3.999993e+02 -5.584876e+01
    endloop
  endfacet
  facet normal -3.341946e-06 1.000000e+00 6.903305e-15
    outer loop
      vertex   -8.996448e+02 3.999992e+02 -5.584876e+01
      vertex   -8.714291e+02 3.999993e+02 -5.584876e+01
      vertex   -8.975170e+02 3.999992e+02 -5.639802e+01
    endloop
  endfacet
  facet normal -3.341946e-06 1.000000e+00 -1.208101e-13
    outer loop
      vertex   -8.975170e+02 3.999992e+02 -5.639802e+01
      vertex   -8.714291e+02 3.999993e+02 -5.584876e+01
      vertex   -8.735570e+02 3.999992e+02 -5.639802e+01
    endloop
  endfacet
  facet normal -3.341946e-06 1.000000e+00 -3.140414e-14
    outer loop
      vertex   -8.975170e+02 3.999992e+02 -5.639802e+01
      vertex   -8.735570e+02 3.999992e+02 -5.639802e+01
      vertex   -8.953679e+02 3.999992e+02 -5.685723e+01
    endloop
  endfacet
  facet normal -3.341946e-06 1.000000e+00 1.755835e-13
    outer loop
      vertex   -8.953679e+02 3.999992e+02 -5.685723e+01
      vertex   -8.735570e+02 3.999992e+02 -5.639802e+01
      vertex   -8.757061e+02 3.999992e+02 -5.685723e+01
    endloop
  endfacet
  facet normal -3.341946e-06 1.000000e+00 -1.001740e-13
    outer loop
      vertex   -8.953679e+02 3.999992e+02 -5.685723e+01
      vertex   -8.757061e+02 3.999992e+02 -5.685723e+01
      vertex   -8.932014e+02 3.999992e+02 -5.722558e+01
    endloop
  endfacet
  facet normal -3.341946e-06 1.000000e+00 1.284906e-13
    outer loop
      vertex   -8.932014e+02 3.999992e+02 -5.722558e+01
      vertex   -8.757061e+02 3.999992e+02 -5.685723e+01
      vertex   -8.778726e+02 3.999992e+02 -5.722558e+01
    endloop
  endfacet
  facet normal -3.341946e-06 1.000000e+00 1.323071e-13
    outer loop
      vertex   -8.932014e+02 3.999992e+02 -5.722558e+01
      vertex   -8.778726e+02 3.999992e+02 -5.722558e+01
      vertex   -8.910213e+02 3.999992e+02 -5.750241e+01
    endloop
  endfacet
  facet normal -3.341946e-06 1.000000e+00 -1.849015e-13
    outer loop
      vertex   -8.910213e+02 3.999992e+02 -5.750241e+01
      vertex   -8.778726e+02 3.999992e+02 -5.722558e+01
      vertex   -8.800527e+02 3.999992e+02 -5.750241e+01
    endloop
  endfacet
  facet normal -3.341946e-06 1.000000e+00 1.550302e-13
    outer loop
      vertex   -8.910213e+02 3.999992e+02 -5.750241e+01
      vertex   -8.800527e+02 3.999992e+02 -5.750241e+01
      vertex   -8.888314e+02 3.999992e+02 -5.768724e+01
    endloop
  endfacet
  facet normal -3.341945e-06 1.000000e+00 -2.580756e-13
    outer loop
      vertex   -8.888314e+02 3.999992e+02 -5.768724e+01
      vertex   -8.800527e+02 3.999992e+02 -5.750241e+01
      vertex   -8.822425e+02 3.999992e+02 -5.768724e+01
    endloop
  endfacet
  facet normal -3.341945e-06 1.000000e+00 -3.834726e-13
    outer loop
      vertex   -8.888314e+02 3.999992e+02 -5.768724e+01
      vertex   -8.822425e+02 3.999992e+02 -5.768724e+01
      vertex   -8.866358e+02 3.999992e+02 -5.777974e+01
    endloop
  endfacet
  facet normal -3.341946e-06 1.000000e+00 -7.881708e-14
    outer loop
      vertex   -8.866358e+02 3.999992e+02 -5.777974e+01
      vertex   -8.822425e+02 3.999992e+02 -5.768724e+01
      vertex   -8.844382e+02 3.999992e+02 -5.777974e+01
    endloop
  endfacet
  facet normal 7.945006e-01 6.072633e-01 8.225773e-15
    outer loop
      vertex   -9.307293e+02 3.298892e+02 -6.739130e+01
      vertex   -9.344012e+02 3.346932e+02 -6.739130e+01
      vertex   -9.337866e+02 3.338892e+02 -6.339130e+01
    endloop
  endfacet
  facet normal 7.945006e-01 6.072633e-01 0.000000e+00
    outer loop
      vertex   -9.337866e+02 3.338892e+02 -6.339130e+01
      vertex   -9.344012e+02 3.346932e+02 -6.739130e+01
      vertex   -9.344012e+02 3.346932e+02 -5.179130e+01
    endloop
  endfacet
  facet normal 7.945006e-01 6.072633e-01 -5.657921e-10
    outer loop
      vertex   -9.337866e+02 3.338892e+02 -6.339130e+01
      vertex   -9.344012e+02 3.346932e+02 -5.179130e+01
      vertex   -9.337866e+02 3.338892e+02 -5.179130e+01
    endloop
  endfacet
  facet normal -3.310661e-06 1.000000e+00 1.343567e-07
    outer loop
      vertex   -9.337866e+02 3.338892e+02 -6.339130e+01
      vertex   -9.337866e+02 3.338892e+02 -5.179130e+01
      vertex   -8.325366e+02 3.338895e+02 -6.339130e+01
    endloop
  endfacet
  facet normal -3.310705e-06 1.000000e+00 1.339724e-07
    outer loop
      vertex   -8.325366e+02 3.338895e+02 -6.339130e+01
      vertex   -9.337866e+02 3.338892e+02 -5.179130e+01
      vertex   -8.162866e+02 3.338896e+02 -5.179130e+01
    endloop
  endfacet
  facet normal -3.336580e-06 1.000000e+00 1.702191e-07
    outer loop
      vertex   -8.325366e+02 3.338895e+02 -6.339130e+01
      vertex   -8.162866e+02 3.338896e+02 -5.179130e+01
      vertex   -8.162866e+02 3.338896e+02 -6.339130e+01
    endloop
  endfacet
  facet normal -1.000000e+00 -3.341945e-06 9.371803e-15
    outer loop
      vertex   -8.162866e+02 3.338896e+02 -6.339130e+01
      vertex   -8.162866e+02 3.338896e+02 -5.179130e+01
      vertex   -8.162866e+02 3.369996e+02 -6.339130e+01
    endloop
  endfacet
  facet normal -1.000000e+00 -3.341946e-06 1.108712e-16
    outer loop
      vertex   -8.162866e+02 3.369996e+02 -6.339130e+01
      vertex   -8.162866e+02 3.338896e+02 -5.179130e+01
      vertex   -8.162871e+02 4.629996e+02 -6.339130e+01
    endloop
  endfacet
  facet normal -1.000000e+00 -3.341946e-06 2.625845e-15
    outer loop
      vertex   -8.162871e+02 4.629996e+02 -6.339130e+01
      vertex   -8.162866e+02 3.338896e+02 -5.179130e+01
      vertex   -8.162871e+02 4.661096e+02 -5.179130e+01
    endloop
  endfacet
  facet normal -1.000000e+00 -3.341945e-06 -5.307902e-15
    outer loop
      vertex   -8.162871e+02 4.629996e+02 -6.339130e+01
      vertex   -8.162871e+02 4.661096e+02 -5.179130e+01
      vertex   -8.162871e+02 4.661096e+02 -6.339130e+01
    endloop
  endfacet
  facet normal 3.349134e-06 -1.000000e+00 2.652783e-07
    outer loop
      vertex   -8.162871e+02 4.661096e+02 -6.339130e+01
      vertex   -8.162871e+02 4.661096e+02 -5.179130e+01
      vertex   -8.325371e+02 4.661095e+02 -6.339130e+01
    endloop
  endfacet
  facet normal 3.372475e-06 -1.000000e+00 2.325807e-07
    outer loop
      vertex   -8.325371e+02 4.661095e+02 -6.339130e+01
      vertex   -8.162871e+02 4.661096e+02 -5.179130e+01
      vertex   -9.337871e+02 4.661092e+02 -5.179130e+01
    endloop
  endfacet
  facet normal 3.370299e-06 -1.000000e+00 2.135870e-07
    outer loop
      vertex   -8.325371e+02 4.661095e+02 -6.339130e+01
      vertex   -9.337871e+02 4.661092e+02 -5.179130e+01
      vertex   -9.337871e+02 4.661092e+02 -6.339130e+01
    endloop
  endfacet
  facet normal 7.945047e-01 -6.072580e-01 -5.442839e-10
    outer loop
      vertex   -9.337871e+02 4.661092e+02 -5.179130e+01
      vertex   -9.344016e+02 4.653051e+02 -5.179130e+01
      vertex   -9.337871e+02 4.661092e+02 -6.339130e+01
    endloop
  endfacet
  facet normal 7.945047e-01 -6.072580e-01 0.000000e+00
    outer loop
      vertex   -9.337871e+02 4.661092e+02 -6.339130e+01
      vertex   -9.344016e+02 4.653051e+02 -5.179130e+01
      vertex   -9.344016e+02 4.653051e+02 -6.739130e+01
    endloop
  endfacet
  facet normal 7.945047e-01 -6.072580e-01 4.278136e-14
    outer loop
      vertex   -9.337871e+02 4.661092e+02 -6.339130e+01
      vertex   -9.344016e+02 4.653051e+02 -6.739130e+01
      vertex   -9.307298e+02 4.701092e+02 -6.739130e+01
    endloop
  endfacet
  facet normal 6.986401e-01 -7.154733e-01 0.000000e+00
    outer loop
      vertex   -9.344016e+02 4.653051e+02 -6.739130e+01
      vertex   -9.344016e+02 4.653051e+02 -5.179130e+01
      vertex   -9.351257e+02 4.645981e+02 -6.739130e+01
    endloop
  endfacet
  facet normal 6.986401e-01 -7.154733e-01 0.000000e+00
    outer loop
      vertex   -9.351257e+02 4.645981e+02 -6.739130e+01
      vertex   -9.344016e+02 4.653051e+02 -5.179130e+01
      vertex   -9.351257e+02 4.645981e+02 -5.179130e+01
    endloop
  endfacet
  facet normal 5.881663e-01 -8.087400e-01 0.000000e+00
    outer loop
      vertex   -9.351257e+02 4.645981e+02 -6.739130e+01
      vertex   -9.351257e+02 4.645981e+02 -5.179130e+01
      vertex   -9.359442e+02 4.640029e+02 -6.739130e+01
    endloop
  endfacet
  facet normal 5.881663e-01 -8.087400e-01 0.000000e+00
    outer loop
      vertex   -9.359442e+02 4.640029e+02 -6.739130e+01
      vertex   -9.351257e+02 4.645981e+02 -5.179130e+01
      vertex   -9.359442e+02 4.640029e+02 -5.179130e+01
    endloop
  endfacet
  facet normal 4.654048e-01 -8.850980e-01 0.000000e+00
    outer loop
      vertex   -9.359442e+02 4.640029e+02 -6.739130e+01
      vertex   -9.359442e+02 4.640029e+02 -5.179130e+01
      vertex   -9.368399e+02 4.635319e+02 -6.739130e+01
    endloop
  endfacet
  facet normal 4.654048e-01 -8.850980e-01 0.000000e+00
    outer loop
      vertex   -9.368399e+02 4.635319e+02 -6.739130e+01
      vertex   -9.359442e+02 4.640029e+02 -5.179130e+01
      vertex   -9.368399e+02 4.635319e+02 -5.179130e+01
    endloop
  endfacet
  facet normal 3.329146e-01 -9.429570e-01 0.000000e+00
    outer loop
      vertex   -9.368399e+02 4.635319e+02 -6.739130e+01
      vertex   -9.368399e+02 4.635319e+02 -5.179130e+01
      vertex   -9.377942e+02 4.631950e+02 -6.739130e+01
    endloop
  endfacet
  facet normal 3.329146e-01 -9.429570e-01 0.000000e+00
    outer loop
      vertex   -9.377942e+02 4.631950e+02 -6.739130e+01
      vertex   -9.368399e+02 4.635319e+02 -5.179130e+01
      vertex   -9.377942e+02 4.631950e+02 -5.179130e+01
    endloop
  endfacet
  facet normal 1.934642e-01 -9.811073e-01 0.000000e+00
    outer loop
      vertex   -9.377942e+02 4.631950e+02 -6.739130e+01
      vertex   -9.377942e+02 4.631950e+02 -5.179130e+01
      vertex   -9.387871e+02 4.629992e+02 -6.739130e+01
    endloop
  endfacet
  facet normal 1.934642e-01 -9.811073e-01 0.000000e+00
    outer loop
      vertex   -9.387871e+02 4.629992e+02 -6.739130e+01
      vertex   -9.377942e+02 4.631950e+02 -5.179130e+01
      vertex   -9.387871e+02 4.629992e+02 -5.179130e+01
    endloop
  endfacet
  facet normal -1.000000e+00 -3.341945e-06 -0.000000e+00
    outer loop
      vertex   -9.387871e+02 4.629992e+02 -5.179130e+01
      vertex   -9.387871e+02 4.632988e+02 -6.339130e+01
      vertex   -9.387871e+02 4.629992e+02 -6.739130e+01
    endloop
  endfacet
  facet normal -1.000000e+00 -3.341945e-06 0.000000e+00
    outer loop
      vertex   -9.387871e+02 4.629992e+02 -6.739130e+01
      vertex   -9.387871e+02 4.632988e+02 -6.339130e+01
      vertex   -9.387871e+02 4.632988e+02 -6.464130e+01
    endloop
  endfacet
  facet normal -1.000000e+00 -3.341950e-06 5.177968e-13
    outer loop
      vertex   -9.387871e+02 4.629992e+02 -6.739130e+01
      vertex   -9.387871e+02 4.632988e+02 -6.464130e+01
      vertex   -9.387871e+02 4.633178e+02 -6.485836e+01
    endloop
  endfacet
  facet normal -1.000000e+00 -3.341946e-06 -1.644727e-14
    outer loop
      vertex   -9.387871e+02 4.629992e+02 -5.179130e+01
      vertex   -9.387871e+02 4.677988e+02 -5.179130e+01
      vertex   -9.387871e+02 4.632988e+02 -6.339130e+01
    endloop
  endfacet
  facet normal -1.000000e+00 -2.494235e-06 -3.288532e-07
    outer loop
      vertex   -9.387871e+02 4.632988e+02 -6.339130e+01
      vertex   -9.387871e+02 4.677988e+02 -5.179130e+01
      vertex   -9.387871e+02 4.677988e+02 -6.339130e+01
    endloop
  endfacet
  facet normal -1.000000e+00 -3.341944e-06 -1.935260e-13
    outer loop
      vertex   -9.387871e+02 4.633178e+02 -6.485836e+01
      vertex   -9.387871e+02 4.633742e+02 -6.506883e+01
      vertex   -9.387871e+02 4.629992e+02 -6.739130e+01
    endloop
  endfacet
  facet normal -1.000000e+00 -3.341946e-06 7.821535e-14
    outer loop
      vertex   -9.387871e+02 4.629992e+02 -6.739130e+01
      vertex   -9.387871e+02 4.633742e+02 -6.506883e+01
      vertex   -9.387871e+02 4.634662e+02 -6.526630e+01
    endloop
  endfacet
  facet normal -1.000000e+00 -3.341946e-06 1.341750e-13
    outer loop
      vertex   -9.387871e+02 4.629992e+02 -6.739130e+01
      vertex   -9.387871e+02 4.634662e+02 -6.526630e+01
      vertex   -9.387871e+02 4.635912e+02 -6.544479e+01
    endloop
  endfacet
  facet normal -1.000000e+00 -3.341945e-06 -1.539980e-14
    outer loop
      vertex   -9.387871e+02 4.635912e+02 -6.544479e+01
      vertex   -9.387871e+02 4.637453e+02 -6.559886e+01
      vertex   -9.387871e+02 4.629992e+02 -6.739130e+01
    endloop
  endfacet
  facet normal -1.000000e+00 -3.341945e-06 -2.023640e-13
    outer loop
      vertex   -9.387871e+02 4.629992e+02 -6.739130e+01
      vertex   -9.387871e+02 4.637453e+02 -6.559886e+01
      vertex   -9.387871e+02 4.639238e+02 -6.572384e+01
    endloop
  endfacet
  facet normal -1.000000e+00 -3.341946e-06 2.309168e-13
    outer loop
      vertex   -9.387871e+02 4.629992e+02 -6.739130e+01
      vertex   -9.387871e+02 4.639238e+02 -6.572384e+01
      vertex   -9.387871e+02 4.641212e+02 -6.581592e+01
    endloop
  endfacet
  facet normal -1.000000e+00 -3.341945e-06 -3.593195e-14
    outer loop
      vertex   -9.387871e+02 4.641212e+02 -6.581592e+01
      vertex   -9.387871e+02 4.643317e+02 -6.587231e+01
      vertex   -9.387871e+02 4.629992e+02 -6.739130e+01
    endloop
  endfacet
  facet normal -1.000000e+00 -3.341945e-06 3.498239e-14
    outer loop
      vertex   -9.387871e+02 4.629992e+02 -6.739130e+01
      vertex   -9.387871e+02 4.643317e+02 -6.587231e+01
      vertex   -9.387871e+02 4.645488e+02 -6.589130e+01
    endloop
  endfacet
  facet normal -1.000000e+00 -3.341945e-06 6.672693e-14
    outer loop
      vertex   -9.387871e+02 4.629992e+02 -6.739130e+01
      vertex   -9.387871e+02 4.645488e+02 -6.589130e+01
      vertex   -9.387871e+02 4.660488e+02 -6.739130e+01
    endloop
  endfacet
  facet normal 3.341946e-06 -1.000000e+00 -3.556863e-15
    outer loop
      vertex   -9.387871e+02 4.677988e+02 -6.339130e+01
      vertex   -9.387871e+02 4.677988e+02 -5.179130e+01
      vertex   -9.517871e+02 4.677987e+02 -6.339130e+01
    endloop
  endfacet
  facet normal 3.341946e-06 -1.000000e+00 0.000000e+00
    outer loop
      vertex   -9.517871e+02 4.677987e+02 -6.339130e+01
      vertex   -9.387871e+02 4.677988e+02 -5.179130e+01
      vertex   -9.517871e+02 4.677987e+02 -5.179130e+01
    endloop
  endfacet
  facet normal 1.000000e+00 3.341945e-06 -0.000000e+00
    outer loop
      vertex   -9.517871e+02 4.677987e+02 -6.339130e+01
      vertex   -9.517871e+02 4.677987e+02 -5.179130e+01
      vertex   -9.517871e+02 4.632987e+02 -6.339130e+01
    endloop
  endfacet
  facet normal 1.000000e+00 3.341946e-06 -1.295450e-14
    outer loop
      vertex   -9.517871e+02 4.632987e+02 -6.339130e+01
      vertex   -9.517871e+02 4.677987e+02 -5.179130e+01
      vertex   -9.517871e+02 4.629991e+02 -5.179130e+01
    endloop
  endfacet
  facet normal 1.000000e+00 3.341946e-06 0.000000e+00
    outer loop
      vertex   -9.517871e+02 4.632987e+02 -6.339130e+01
      vertex   -9.517871e+02 4.629991e+02 -5.179130e+01
      vertex   -9.517871e+02 4.629991e+02 -6.739130e+01
    endloop
  endfacet
  facet normal 1.000000e+00 3.341946e-06 7.831475e-15
    outer loop
      vertex   -9.517871e+02 4.660487e+02 -6.739130e+01
      vertex   -9.517871e+02 4.645487e+02 -6.589130e+01
      vertex   -9.517871e+02 4.629991e+02 -6.739130e+01
    endloop
  endfacet
  facet normal 1.000000e+00 3.341946e-06 -3.921946e-13
    outer loop
      vertex   -9.517871e+02 4.629991e+02 -6.739130e+01
      vertex   -9.517871e+02 4.645487e+02 -6.589130e+01
      vertex   -9.517871e+02 4.643317e+02 -6.587231e+01
    endloop
  endfacet
  facet normal 1.000000e+00 3.341945e-06 9.653113e-14
    outer loop
      vertex   -9.517871e+02 4.629991e+02 -6.739130e+01
      vertex   -9.517871e+02 4.643317e+02 -6.587231e+01
      vertex   -9.517871e+02 4.641212e+02 -6.581592e+01
    endloop
  endfacet
  facet normal 1.000000e+00 3.341945e-06 1.310711e-13
    outer loop
      vertex   -9.517871e+02 4.641212e+02 -6.581592e+01
      vertex   -9.517871e+02 4.639237e+02 -6.572384e+01
      vertex   -9.517871e+02 4.629991e+02 -6.739130e+01
    endloop
  endfacet
  facet normal 1.000000e+00 3.341945e-06 3.005865e-13
    outer loop
      vertex   -9.517871e+02 4.629991e+02 -6.739130e+01
      vertex   -9.517871e+02 4.639237e+02 -6.572384e+01
      vertex   -9.517871e+02 4.637452e+02 -6.559886e+01
    endloop
  endfacet
  facet normal 1.000000e+00 3.341946e-06 -1.119087e-13
    outer loop
      vertex   -9.517871e+02 4.629991e+02 -6.739130e+01
      vertex   -9.517871e+02 4.637452e+02 -6.559886e+01
      vertex   -9.517871e+02 4.635912e+02 -6.544479e+01
    endloop
  endfacet
  facet normal 1.000000e+00 3.341946e-06 -9.345694e-14
    outer loop
      vertex   -9.517871e+02 4.635912e+02 -6.544479e+01
      vertex   -9.517871e+02 4.634662e+02 -6.526630e+01
      vertex   -9.517871e+02 4.629991e+02 -6.739130e+01
    endloop
  endfacet
  facet normal 1.000000e+00 3.341945e-06 1.425768e-13
    outer loop
      vertex   -9.517871e+02 4.629991e+02 -6.739130e+01
      vertex   -9.517871e+02 4.634662e+02 -6.526630e+01
      vertex   -9.517871e+02 4.633741e+02 -6.506883e+01
    endloop
  endfacet
  facet normal 1.000000e+00 3.341945e-06 5.150637e-14
    outer loop
      vertex   -9.517871e+02 4.629991e+02 -6.739130e+01
      vertex   -9.517871e+02 4.633741e+02 -6.506883e+01
      vertex   -9.517871e+02 4.633177e+02 -6.485836e+01
    endloop
  endfacet
  facet normal 1.000000e+00 3.341945e-06 1.184163e-13
    outer loop
      vertex   -9.517871e+02 4.633177e+02 -6.485836e+01
      vertex   -9.517871e+02 4.632987e+02 -6.464130e+01
      vertex   -9.517871e+02 4.629991e+02 -6.739130e+01
    endloop
  endfacet
  facet normal 1.000000e+00 3.341946e-06 0.000000e+00
    outer loop
      vertex   -9.517871e+02 4.629991e+02 -6.739130e+01
      vertex   -9.517871e+02 4.632987e+02 -6.464130e+01
      vertex   -9.517871e+02 4.632987e+02 -6.339130e+01
    endloop
  endfacet
  facet normal 3.341946e-06 -1.000000e+00 -1.421084e-14
    outer loop
      vertex   -9.587871e+02 4.629991e+02 -6.739130e+01
      vertex   -9.517871e+02 4.629991e+02 -6.739130e+01
      vertex   -9.547871e+02 4.629991e+02 -6.339130e+01
    endloop
  endfacet
  facet normal 3.341946e-06 -1.000000e+00 0.000000e+00
    outer loop
      vertex   -9.547871e+02 4.629991e+02 -6.339130e+01
      vertex   -9.517871e+02 4.629991e+02 -6.739130e+01
      vertex   -9.517871e+02 4.629991e+02 -5.179130e+01
    endloop
  endfacet
  facet normal 3.341946e-06 -1.000000e+00 0.000000e+00
    outer loop
      vertex   -9.547871e+02 4.629991e+02 -6.339130e+01
      vertex   -9.517871e+02 4.629991e+02 -5.179130e+01
      vertex   -9.547871e+02 4.629991e+02 -5.179130e+01
    endloop
  endfacet
  facet normal 1.000000e+00 3.341946e-06 -0.000000e+00
    outer loop
      vertex   -9.547871e+02 4.629991e+02 -6.339130e+01
      vertex   -9.547871e+02 4.629991e+02 -5.179130e+01
      vertex   -9.547866e+02 3.369991e+02 -6.339130e+01
    endloop
  endfacet
  facet normal 1.000000e+00 3.341946e-06 -0.000000e+00
    outer loop
      vertex   -9.547866e+02 3.369991e+02 -6.339130e+01
      vertex   -9.547871e+02 4.629991e+02 -5.179130e+01
      vertex   -9.547866e+02 3.369991e+02 -5.179130e+01
    endloop
  endfacet
  facet normal -3.341946e-06 1.000000e+00 0.000000e+00
    outer loop
      vertex   -9.547866e+02 3.369991e+02 -5.179130e+01
      vertex   -9.517866e+02 3.369991e+02 -5.179130e+01
      vertex   -9.547866e+02 3.369991e+02 -6.339130e+01
    endloop
  endfacet
  facet normal -3.341946e-06 1.000000e+00 0.000000e+00
    outer loop
      vertex   -9.547866e+02 3.369991e+02 -6.339130e+01
      vertex   -9.517866e+02 3.369991e+02 -5.179130e+01
      vertex   -9.517866e+02 3.369991e+02 -6.739130e+01
    endloop
  endfacet
  facet normal -3.341946e-06 1.000000e+00 -9.510970e-20
    outer loop
      vertex   -9.547866e+02 3.369991e+02 -6.339130e+01
      vertex   -9.517866e+02 3.369991e+02 -6.739130e+01
      vertex   -9.587866e+02 3.369991e+02 -6.739130e+01
    endloop
  endfacet
  facet normal 1.000000e+00 3.341945e-06 0.000000e+00
    outer loop
      vertex   -9.517866e+02 3.369991e+02 -5.179130e+01
      vertex   -9.517866e+02 3.366995e+02 -6.439130e+01
      vertex   -9.517866e+02 3.369991e+02 -6.739130e+01
    endloop
  endfacet
  facet normal 1.000000e+00 3.341945e-06 0.000000e+00
    outer loop
      vertex   -9.517866e+02 3.369991e+02 -6.739130e+01
      vertex   -9.517866e+02 3.366995e+02 -6.439130e+01
      vertex   -9.517866e+02 3.366995e+02 -6.464130e+01
    endloop
  endfacet
  facet normal 1.000000e+00 3.341945e-06 -8.176827e-14
    outer loop
      vertex   -9.517866e+02 3.369991e+02 -6.739130e+01
      vertex   -9.517866e+02 3.366995e+02 -6.464130e+01
      vertex   -9.517866e+02 3.366805e+02 -6.485836e+01
    endloop
  endfacet
  facet normal 1.000000e+00 3.341946e-06 -6.877387e-15
    outer loop
      vertex   -9.517866e+02 3.366995e+02 -6.439130e+01
      vertex   -9.517866e+02 3.369991e+02 -5.179130e+01
      vertex   -9.517866e+02 3.356995e+02 -6.339130e+01
    endloop
  endfacet
  facet normal 1.000000e+00 3.341945e-06 -2.695733e-16
    outer loop
      vertex   -9.517866e+02 3.356995e+02 -6.339130e+01
      vertex   -9.517866e+02 3.369991e+02 -5.179130e+01
      vertex   -9.517866e+02 3.321995e+02 -5.179130e+01
    endloop
  endfacet
  facet normal 1.000000e+00 3.341945e-06 0.000000e+00
    outer loop
      vertex   -9.517866e+02 3.356995e+02 -6.339130e+01
      vertex   -9.517866e+02 3.321995e+02 -5.179130e+01
      vertex   -9.517866e+02 3.321995e+02 -6.339130e+01
    endloop
  endfacet
  facet normal 1.000000e+00 3.341945e-06 9.290736e-15
    outer loop
      vertex   -9.517866e+02 3.366805e+02 -6.485836e+01
      vertex   -9.517866e+02 3.366241e+02 -6.506883e+01
      vertex   -9.517866e+02 3.369991e+02 -6.739130e+01
    endloop
  endfacet
  facet normal 1.000000e+00 3.341945e-06 -7.020387e-14
    outer loop
      vertex   -9.517866e+02 3.369991e+02 -6.739130e+01
      vertex   -9.517866e+02 3.366241e+02 -6.506883e+01
      vertex   -9.517866e+02 3.365320e+02 -6.526630e+01
    endloop
  endfacet
  facet normal 1.000000e+00 3.341946e-06 1.745030e-13
    outer loop
      vertex   -9.517866e+02 3.369991e+02 -6.739130e+01
      vertex   -9.517866e+02 3.365320e+02 -6.526630e+01
      vertex   -9.517866e+02 3.364071e+02 -6.544479e+01
    endloop
  endfacet
  facet normal 1.000000e+00 3.341946e-06 2.010476e-13
    outer loop
      vertex   -9.517866e+02 3.364071e+02 -6.544479e+01
      vertex   -9.517866e+02 3.362530e+02 -6.559886e+01
      vertex   -9.517866e+02 3.369991e+02 -6.739130e+01
    endloop
  endfacet
  facet normal 1.000000e+00 3.341945e-06 -2.028347e-13
    outer loop
      vertex   -9.517866e+02 3.369991e+02 -6.739130e+01
      vertex   -9.517866e+02 3.362530e+02 -6.559886e+01
      vertex   -9.517866e+02 3.360745e+02 -6.572384e+01
    endloop
  endfacet
  facet normal 1.000000e+00 3.341946e-06 2.303982e-13
    outer loop
      vertex   -9.517866e+02 3.369991e+02 -6.739130e+01
      vertex   -9.517866e+02 3.360745e+02 -6.572384e+01
      vertex   -9.517866e+02 3.358770e+02 -6.581592e+01
    endloop
  endfacet
  facet normal 1.000000e+00 3.341945e-06 -3.651217e-14
    outer loop
      vertex   -9.517866e+02 3.358770e+02 -6.581592e+01
      vertex   -9.517866e+02 3.356666e+02 -6.587231e+01
      vertex   -9.517866e+02 3.369991e+02 -6.739130e+01
    endloop
  endfacet
  facet normal 1.000000e+00 3.341945e-06 3.431758e-14
    outer loop
      vertex   -9.517866e+02 3.369991e+02 -6.739130e+01
      vertex   -9.517866e+02 3.356666e+02 -6.587231e+01
      vertex   -9.517866e+02 3.354495e+02 -6.589130e+01
    endloop
  endfacet
  facet normal 1.000000e+00 3.341945e-06 6.636987e-14
    outer loop
      vertex   -9.517866e+02 3.369991e+02 -6.739130e+01
      vertex   -9.517866e+02 3.354495e+02 -6.589130e+01
      vertex   -9.517866e+02 3.339495e+02 -6.739130e+01
    endloop
  endfacet
  facet normal -3.341945e-06 1.000000e+00 0.000000e+00
    outer loop
      vertex   -9.517866e+02 3.321995e+02 -5.179130e+01
      vertex   -9.387866e+02 3.321995e+02 -5.179130e+01
      vertex   -9.517866e+02 3.321995e+02 -6.339130e+01
    endloop
  endfacet
  facet normal -3.341946e-06 1.000000e+00 8.457192e-15
    outer loop
      vertex   -9.517866e+02 3.321995e+02 -6.339130e+01
      vertex   -9.387866e+02 3.321995e+02 -5.179130e+01
      vertex   -9.387866e+02 3.321995e+02 -6.339130e+01
    endloop
  endfacet
  facet normal -1.000000e+00 -4.431859e-06 -3.288532e-07
    outer loop
      vertex   -9.387866e+02 3.321995e+02 -6.339130e+01
      vertex   -9.387866e+02 3.321995e+02 -5.179130e+01
      vertex   -9.387866e+02 3.356995e+02 -6.339130e+01
    endloop
  endfacet
  facet normal -1.000000e+00 -3.341945e-06 1.007015e-14
    outer loop
      vertex   -9.387866e+02 3.356995e+02 -6.339130e+01
      vertex   -9.387866e+02 3.321995e+02 -5.179130e+01
      vertex   -9.387867e+02 3.369992e+02 -5.179130e+01
    endloop
  endfacet
  facet normal -1.000000e+00 -3.341946e-06 1.569059e-14
    outer loop
      vertex   -9.387866e+02 3.356995e+02 -6.339130e+01
      vertex   -9.387867e+02 3.369992e+02 -5.179130e+01
      vertex   -9.387867e+02 3.366995e+02 -6.439130e+01
    endloop
  endfacet
  facet normal -1.000000e+00 -3.341945e-06 0.000000e+00
    outer loop
      vertex   -9.387867e+02 3.366995e+02 -6.439130e+01
      vertex   -9.387867e+02 3.369992e+02 -5.179130e+01
      vertex   -9.387867e+02 3.369992e+02 -6.739130e+01
    endloop
  endfacet
  facet normal -1.000000e+00 -3.341945e-06 -0.000000e+00
    outer loop
      vertex   -9.387867e+02 3.366995e+02 -6.439130e+01
      vertex   -9.387867e+02 3.369992e+02 -6.739130e+01
      vertex   -9.387867e+02 3.366995e+02 -6.464130e+01
    endloop
  endfacet
  facet normal -1.000000e+00 -3.341950e-06 -5.176205e-13
    outer loop
      vertex   -9.387867e+02 3.366995e+02 -6.464130e+01
      vertex   -9.387867e+02 3.369992e+02 -6.739130e+01
      vertex   -9.387867e+02 3.366806e+02 -6.485836e+01
    endloop
  endfacet
  facet normal -1.000000e+00 -3.341944e-06 1.938184e-13
    outer loop
      vertex   -9.387867e+02 3.366806e+02 -6.485836e+01
      vertex   -9.387867e+02 3.369992e+02 -6.739130e+01
      vertex   -9.387867e+02 3.366242e+02 -6.506883e+01
    endloop
  endfacet
  facet normal -1.000000e+00 -3.341946e-06 -7.786721e-14
    outer loop
      vertex   -9.387867e+02 3.366242e+02 -6.506883e+01
      vertex   -9.387867e+02 3.369992e+02 -6.739130e+01
      vertex   -9.387867e+02 3.365321e+02 -6.526630e+01
    endloop
  endfacet
  facet normal -1.000000e+00 -3.341946e-06 -1.337851e-13
    outer loop
      vertex   -9.387867e+02 3.365321e+02 -6.526630e+01
      vertex   -9.387867e+02 3.369992e+02 -6.739130e+01
      vertex   -9.387867e+02 3.364071e+02 -6.544479e+01
    endloop
  endfacet
  facet normal -1.000000e+00 -3.341945e-06 1.582859e-14
    outer loop
      vertex   -9.387867e+02 3.364071e+02 -6.544479e+01
      vertex   -9.387867e+02 3.369992e+02 -6.739130e+01
      vertex   -9.387867e+02 3.362530e+02 -6.559886e+01
    endloop
  endfacet
  facet normal -1.000000e+00 -3.341945e-06 2.028343e-13
    outer loop
      vertex   -9.387867e+02 3.362530e+02 -6.559886e+01
      vertex   -9.387867e+02 3.369992e+02 -6.739130e+01
      vertex   -9.387867e+02 3.360745e+02 -6.572384e+01
    endloop
  endfacet
  facet normal -1.000000e+00 -3.341946e-06 -2.303982e-13
    outer loop
      vertex   -9.387867e+02 3.360745e+02 -6.572384e+01
      vertex   -9.387867e+02 3.369992e+02 -6.739130e+01
      vertex   -9.387866e+02 3.358771e+02 -6.581592e+01
    endloop
  endfacet
  facet normal -1.000000e+00 -3.341945e-06 3.651217e-14
    outer loop
      vertex   -9.387866e+02 3.358771e+02 -6.581592e+01
      vertex   -9.387867e+02 3.369992e+02 -6.739130e+01
      vertex   -9.387866e+02 3.356666e+02 -6.587231e+01
    endloop
  endfacet
  facet normal -1.000000e+00 -3.341945e-06 -3.431686e-14
    outer loop
      vertex   -9.387866e+02 3.356666e+02 -6.587231e+01
      vertex   -9.387867e+02 3.369992e+02 -6.739130e+01
      vertex   -9.387866e+02 3.354495e+02 -6.589130e+01
    endloop
  endfacet
  facet normal -1.000000e+00 -3.341945e-06 -6.636999e-14
    outer loop
      vertex   -9.387866e+02 3.354495e+02 -6.589130e+01
      vertex   -9.387867e+02 3.369992e+02 -6.739130e+01
      vertex   -9.387866e+02 3.339495e+02 -6.739130e+01
    endloop
  endfacet
  facet normal 1.934576e-01 9.811086e-01 -0.000000e+00
    outer loop
      vertex   -9.387867e+02 3.369992e+02 -6.739130e+01
      vertex   -9.387867e+02 3.369992e+02 -5.179130e+01
      vertex   -9.377938e+02 3.368034e+02 -6.739130e+01
    endloop
  endfacet
  facet normal 1.934576e-01 9.811086e-01 -0.000000e+00
    outer loop
      vertex   -9.377938e+02 3.368034e+02 -6.739130e+01
      vertex   -9.387867e+02 3.369992e+02 -5.179130e+01
      vertex   -9.377938e+02 3.368034e+02 -5.179130e+01
    endloop
  endfacet
  facet normal 3.329083e-01 9.429592e-01 -0.000000e+00
    outer loop
      vertex   -9.377938e+02 3.368034e+02 -6.739130e+01
      vertex   -9.377938e+02 3.368034e+02 -5.179130e+01
      vertex   -9.368395e+02 3.364665e+02 -6.739130e+01
    endloop
  endfacet
  facet normal 3.329083e-01 9.429592e-01 -0.000000e+00
    outer loop
      vertex   -9.368395e+02 3.364665e+02 -6.739130e+01
      vertex   -9.377938e+02 3.368034e+02 -5.179130e+01
      vertex   -9.368395e+02 3.364665e+02 -5.179130e+01
    endloop
  endfacet
  facet normal 4.653989e-01 8.851011e-01 -0.000000e+00
    outer loop
      vertex   -9.368395e+02 3.364665e+02 -6.739130e+01
      vertex   -9.368395e+02 3.364665e+02 -5.179130e+01
      vertex   -9.359437e+02 3.359955e+02 -6.739130e+01
    endloop
  endfacet
  facet normal 4.653989e-01 8.851011e-01 -0.000000e+00
    outer loop
      vertex   -9.359437e+02 3.359955e+02 -6.739130e+01
      vertex   -9.368395e+02 3.364665e+02 -5.179130e+01
      vertex   -9.359437e+02 3.359955e+02 -5.179130e+01
    endloop
  endfacet
  facet normal 5.881609e-01 8.087439e-01 -0.000000e+00
    outer loop
      vertex   -9.359437e+02 3.359955e+02 -6.739130e+01
      vertex   -9.359437e+02 3.359955e+02 -5.179130e+01
      vertex   -9.351253e+02 3.354002e+02 -6.739130e+01
    endloop
  endfacet
  facet normal 5.881609e-01 8.087439e-01 -0.000000e+00
    outer loop
      vertex   -9.351253e+02 3.354002e+02 -6.739130e+01
      vertex   -9.359437e+02 3.359955e+02 -5.179130e+01
      vertex   -9.351253e+02 3.354002e+02 -5.179130e+01
    endloop
  endfacet
  facet normal 6.986353e-01 7.154780e-01 -0.000000e+00
    outer loop
      vertex   -9.351253e+02 3.354002e+02 -6.739130e+01
      vertex   -9.351253e+02 3.354002e+02 -5.179130e+01
      vertex   -9.344012e+02 3.346932e+02 -6.739130e+01
    endloop
  endfacet
  facet normal 6.986353e-01 7.154780e-01 -0.000000e+00
    outer loop
      vertex   -9.344012e+02 3.346932e+02 -6.739130e+01
      vertex   -9.351253e+02 3.354002e+02 -5.179130e+01
      vertex   -9.344012e+02 3.346932e+02 -5.179130e+01
    endloop
  endfacet
  facet normal 1.462122e-16 -6.354524e-17 -1.000000e+00
    outer loop
      vertex   -8.612386e+02 3.889993e+02 -5.179130e+01
      vertex   -9.337866e+02 3.338892e+02 -5.179130e+01
      vertex   -9.098353e+02 3.889991e+02 -5.179130e+01
    endloop
  endfacet
  facet normal 0.000000e+00 0.000000e+00 -1.000000e+00
    outer loop
      vertex   -9.098353e+02 3.889991e+02 -5.179130e+01
      vertex   -9.337866e+02 3.338892e+02 -5.179130e+01
      vertex   -9.344012e+02 3.346932e+02 -5.179130e+01
    endloop
  endfacet
  facet normal 0.000000e+00 0.000000e+00 -1.000000e+00
    outer loop
      vertex   -9.098353e+02 3.889991e+02 -5.179130e+01
      vertex   -9.344012e+02 3.346932e+02 -5.179130e+01
      vertex   -9.351253e+02 3.354002e+02 -5.179130e+01
    endloop
  endfacet
  facet normal 1.209435e-16 -3.028111e-17 -1.000000e+00
    outer loop
      vertex   -9.337866e+02 3.338892e+02 -5.179130e+01
      vertex   -8.612386e+02 3.889993e+02 -5.179130e+01
      vertex   -8.162866e+02 3.338896e+02 -5.179130e+01
    endloop
  endfacet
  facet normal 1.580679e-16 5.282544e-22 -1.000000e+00
    outer loop
      vertex   -8.162866e+02 3.338896e+02 -5.179130e+01
      vertex   -8.612386e+02 3.889993e+02 -5.179130e+01
      vertex   -8.612386e+02 3.999993e+02 -5.179130e+01
    endloop
  endfacet
  facet normal 1.580679e-16 5.282544e-22 -1.000000e+00
    outer loop
      vertex   -8.162866e+02 3.338896e+02 -5.179130e+01
      vertex   -8.612386e+02 3.999993e+02 -5.179130e+01
      vertex   -8.162871e+02 4.661096e+02 -5.179130e+01
    endloop
  endfacet
  facet normal 1.209434e-16 2.524329e-17 -1.000000e+00
    outer loop
      vertex   -8.162871e+02 4.661096e+02 -5.179130e+01
      vertex   -8.612386e+02 3.999993e+02 -5.179130e+01
      vertex   -9.337871e+02 4.661092e+02 -5.179130e+01
    endloop
  endfacet
  facet normal 1.462118e-16 5.297265e-17 -1.000000e+00
    outer loop
      vertex   -9.337871e+02 4.661092e+02 -5.179130e+01
      vertex   -8.612386e+02 3.999993e+02 -5.179130e+01
      vertex   -9.098354e+02 3.999991e+02 -5.179130e+01
    endloop
  endfacet
  facet normal 0.000000e+00 -0.000000e+00 -1.000000e+00
    outer loop
      vertex   -9.337871e+02 4.661092e+02 -5.179130e+01
      vertex   -9.098354e+02 3.999991e+02 -5.179130e+01
      vertex   -9.344016e+02 4.653051e+02 -5.179130e+01
    endloop
  endfacet
  facet normal 0.000000e+00 -0.000000e+00 -1.000000e+00
    outer loop
      vertex   -9.344016e+02 4.653051e+02 -5.179130e+01
      vertex   -9.098354e+02 3.999991e+02 -5.179130e+01
      vertex   -9.351257e+02 4.645981e+02 -5.179130e+01
    endloop
  endfacet
  facet normal 6.757492e-15 2.645543e-15 -1.000000e+00
    outer loop
      vertex   -9.351257e+02 4.645981e+02 -5.179130e+01
      vertex   -9.098354e+02 3.999991e+02 -5.179130e+01
      vertex   -9.359442e+02 4.640029e+02 -5.179130e+01
    endloop
  endfacet
  facet normal 4.806489e-17 -9.140889e-17 -1.000000e+00
    outer loop
      vertex   -9.359442e+02 4.640029e+02 -5.179130e+01
      vertex   -9.098354e+02 3.999991e+02 -5.179130e+01
      vertex   -9.368399e+02 4.635319e+02 -5.179130e+01
    endloop
  endfacet
  facet normal 3.433294e-17 -9.724564e-17 -1.000000e+00
    outer loop
      vertex   -9.368399e+02 4.635319e+02 -5.179130e+01
      vertex   -9.098354e+02 3.999991e+02 -5.179130e+01
      vertex   -9.377942e+02 4.631950e+02 -5.179130e+01
    endloop
  endfacet
  facet normal 2.039203e-17 -1.034133e-16 -1.000000e+00
    outer loop
      vertex   -9.377942e+02 4.631950e+02 -5.179130e+01
      vertex   -9.098354e+02 3.999991e+02 -5.179130e+01
      vertex   -9.387871e+02 4.629992e+02 -5.179130e+01
    endloop
  endfacet
  facet normal 3.769190e-22 -1.127843e-16 -1.000000e+00
    outer loop
      vertex   -9.387871e+02 4.629992e+02 -5.179130e+01
      vertex   -9.098354e+02 3.999991e+02 -5.179130e+01
      vertex   -9.517871e+02 4.629991e+02 -5.179130e+01
    endloop
  endfacet
  facet normal -0.000000e+00 0.000000e+00 -1.000000e+00
    outer loop
      vertex   -9.387871e+02 4.629992e+02 -5.179130e+01
      vertex   -9.517871e+02 4.629991e+02 -5.179130e+01
      vertex   -9.387871e+02 4.677988e+02 -5.179130e+01
    endloop
  endfacet
  facet normal 0.000000e+00 0.000000e+00 -1.000000e+00
    outer loop
      vertex   -9.387871e+02 4.677988e+02 -5.179130e+01
      vertex   -9.517871e+02 4.629991e+02 -5.179130e+01
      vertex   -9.517871e+02 4.677987e+02 -5.179130e+01
    endloop
  endfacet
  facet normal 1.580687e-16 5.282571e-22 -1.000000e+00
    outer loop
      vertex   -9.098353e+02 3.889991e+02 -5.179130e+01
      vertex   -9.547866e+02 3.369991e+02 -5.179130e+01
      vertex   -9.098354e+02 3.999991e+02 -5.179130e+01
    endloop
  endfacet
  facet normal 1.580687e-16 5.282571e-22 -1.000000e+00
    outer loop
      vertex   -9.098354e+02 3.999991e+02 -5.179130e+01
      vertex   -9.547866e+02 3.369991e+02 -5.179130e+01
      vertex   -9.547871e+02 4.629991e+02 -5.179130e+01
    endloop
  endfacet
  facet normal 3.769191e-22 -1.127843e-16 -1.000000e+00
    outer loop
      vertex   -9.098354e+02 3.999991e+02 -5.179130e+01
      vertex   -9.547871e+02 4.629991e+02 -5.179130e+01
      vertex   -9.517871e+02 4.629991e+02 -5.179130e+01
    endloop
  endfacet
  facet normal 6.463527e-15 -3.049734e-15 -1.000000e+00
    outer loop
      vertex   -9.351253e+02 3.354002e+02 -5.179130e+01
      vertex   -9.359437e+02 3.359955e+02 -5.179130e+01
      vertex   -9.098353e+02 3.889991e+02 -5.179130e+01
    endloop
  endfacet
  facet normal 5.598731e-17 1.064773e-16 -1.000000e+00
    outer loop
      vertex   -9.098353e+02 3.889991e+02 -5.179130e+01
      vertex   -9.359437e+02 3.359955e+02 -5.179130e+01
      vertex   -9.368395e+02 3.364665e+02 -5.179130e+01
    endloop
  endfacet
  facet normal 4.041713e-17 1.144811e-16 -1.000000e+00
    outer loop
      vertex   -9.098353e+02 3.889991e+02 -5.179130e+01
      vertex   -9.368395e+02 3.364665e+02 -5.179130e+01
      vertex   -9.377938e+02 3.368034e+02 -5.179130e+01
    endloop
  endfacet
  facet normal 2.427828e-17 1.231258e-16 -1.000000e+00
    outer loop
      vertex   -9.377938e+02 3.368034e+02 -5.179130e+01
      vertex   -9.387867e+02 3.369992e+02 -5.179130e+01
      vertex   -9.098353e+02 3.889991e+02 -5.179130e+01
    endloop
  endfacet
  facet normal -4.566540e-22 1.366432e-16 -1.000000e+00
    outer loop
      vertex   -9.098353e+02 3.889991e+02 -5.179130e+01
      vertex   -9.387867e+02 3.369992e+02 -5.179130e+01
      vertex   -9.517866e+02 3.369991e+02 -5.179130e+01
    endloop
  endfacet
  facet normal -4.566540e-22 1.366432e-16 -1.000000e+00
    outer loop
      vertex   -9.098353e+02 3.889991e+02 -5.179130e+01
      vertex   -9.517866e+02 3.369991e+02 -5.179130e+01
      vertex   -9.547866e+02 3.369991e+02 -5.179130e+01
    endloop
  endfacet
  facet normal -0.000000e+00 0.000000e+00 -1.000000e+00
    outer loop
      vertex   -9.387866e+02 3.321995e+02 -5.179130e+01
      vertex   -9.517866e+02 3.321995e+02 -5.179130e+01
      vertex   -9.387867e+02 3.369992e+02 -5.179130e+01
    endloop
  endfacet
  facet normal 0.000000e+00 0.000000e+00 -1.000000e+00
    outer loop
      vertex   -9.387867e+02 3.369992e+02 -5.179130e+01
      vertex   -9.517866e+02 3.321995e+02 -5.179130e+01
      vertex   -9.517866e+02 3.369991e+02 -5.179130e+01
    endloop
  endfacet
endsolid
